year,Rank,Name,Country,No. of FTE students,No. of students per staff,International students,Female:Male ratio,rank_prefix
2026,1,University of Oxford,United Kingdom,"22,005",10.4,43%,52 : 48,
2026,2,Massachusetts Institute of Technology,United States,"11,703",7.7,33%,43 : 57,
2026,3,Princeton University,United States,"8,739",8.2,23%,47 : 53,=
2026,3,University of Cambridge,United Kingdom,"21,045",11.3,38%,50 : 50,=
2026,5,Harvard University,United States,"22,680",10.1,27%,53 : 47,=
2026,5,Stanford University,United States,"17,422",5.9,25%,48 : 52,=
2026,7,California Institute of Technology,United States,"2,401",6.7,33%,39 : 61,
2026,8,Imperial College London,United Kingdom,"21,340",12.1,60%,43 : 57,
2026,9,"University of California, Berkeley",United States,"42,565",18.4,25%,53 : 47,
2026,10,Yale University,United States,"14,884",6.2,24%,53 : 47,
2026,11,ETH Zurich,Switzerland,"23,106",15.5,44%,33 : 67,
2026,12,Tsinghua University,China,"38,569",10.8,11%,,
2026,13,Peking University,China,"35,659",11.3,15%,,
2026,14,University of Pennsylvania,United States,"22,422",6.6,26%,55 : 45,
2026,15,The University of Chicago,United States,"16,509",5.9,39%,47 : 53,
2026,16,Johns Hopkins University,United States,"21,275",5.6,34%,54 : 46,
2026,17,National University of Singapore,Singapore,"35,558",21.0,31%,49 : 51,
2026,18,Cornell University,United States,"25,673",10.6,26%,53 : 47,=
2026,18,"University of California, Los Angeles",United States,"44,700",9.8,15%,57 : 43,=
2026,20,Columbia University,United States,"30,580",5.6,42%,,
2026,21,University of Toronto,Canada,"80,394",25.1,39%,56 : 44,
2026,22,UCL,United Kingdom,"47,520",12.1,63%,60 : 40,
2026,23,University of Michigan-Ann Arbor,United States,"48,449",8.4,19%,52 : 48,
2026,24,Carnegie Mellon University,United States,"16,257",13.0,50%,44 : 56,
2026,25,University of Washington,United States,"49,524",9.5,18%,57 : 43,
2026,26,The University of Tokyo,Japan,"26,298",10.2,18%,,
2026,27,Technical University of Munich,Germany,"35,755",40.7,45%,37 : 63,
2026,28,Duke University,United States,"17,871",4.4,25%,55 : 45,
2026,29,University of Edinburgh,United Kingdom,"35,350",11.3,49%,62 : 38,
2026,30,Northwestern University,United States,"20,611",8.2,24%,54 : 46,
2026,31,"Nanyang Technological University, Singapore",Singapore,"25,859",17.3,31%,47 : 53,=
2026,31,New York University,United States,"48,973",9.0,46%,59 : 41,=
2026,33,University of Hong Kong,Hong Kong,"17,668",17.8,48%,56 : 44,
2026,34,LMU Munich,Germany,"33,697",19.1,19%,61 : 39,
2026,35,École Polytechnique Fédérale de Lausanne,Switzerland,"13,306",13.3,64%,31 : 69,
2026,36,Fudan University,China,"38,601",12.4,10%,52 : 48,
2026,37,University of Melbourne,Australia,"51,622",23.3,51%,58 : 42,
2026,38,King’s College London,United Kingdom,"34,410",12.6,52%,64 : 36,
2026,39,Zhejiang University,China,"54,313",13.0,14%,,
2026,40,Shanghai Jiao Tong University,China,"41,507",12.5,11%,36 : 64,
2026,41,Georgia Institute of Technology,United States,"33,325",28.3,32%,34 : 66,=
2026,41,McGill University,Canada,"30,196",11.7,29%,61 : 39,=
2026,41,The Chinese University of Hong Kong,Hong Kong,"18,461",18.2,25%,,=
2026,41,University of Illinois at Urbana-Champaign,United States,"50,640",18.9,23%,47 : 53,=
2026,45,University of British Columbia,Canada,"60,112",18.7,34%,55 : 45,
2026,46,KU Leuven,Belgium,"50,336",37.1,21%,52 : 48,
2026,47,"University of California, San Diego",United States,"40,586",9.8,23%,51 : 49,
2026,48,Paris Sciences et Lettres – PSL Research University Paris,France,"15,646",14.5,20%,52 : 48,
2026,49,Universität Heidelberg,Germany,"20,091",8.0,24%,56 : 44,
2026,50,University of Texas at Austin,United States,"51,158",17.0,10%,56 : 44,
2026,51,University of Science and Technology of China,China,"22,955",8.2,5%,,
2026,52,London School of Economics and Political Science,United Kingdom,"12,625",12.3,72%,57 : 43,
2026,53,Karolinska Institute,Sweden,"8,123",9.8,23%,70 : 30,=
2026,53,The University of Sydney,Australia,"51,531",22.4,53%,,=
2026,53,University of Wisconsin-Madison,United States,"45,254",10.7,15%,,=
2026,56,University of Manchester,United Kingdom,"43,470",14.9,46%,57 : 43,
2026,57,Delft University of Technology,Netherlands,"21,410",14.8,35%,32 : 68,
2026,58,Monash University,Australia,"56,287",30.6,36%,54 : 46,=
2026,58,Seoul National University,South Korea,"26,783",15.3,16%,,=
2026,58,The Hong Kong University of Science and Technology,Hong Kong,"8,912",14.3,48%,,=
2026,61,Kyoto University,Japan,"21,617",9.0,11%,25 : 75,
2026,62,Nanjing University,China,"34,217",14.1,10%,59 : 41,=
2026,62,University of Amsterdam,Netherlands,"31,035",12.6,39%,60 : 40,=
2026,64,"University of California, Davis",United States,"38,565",13.6,22%,58 : 42,
2026,65,Brown University,United States,"10,887",10.3,22%,,
2026,66,Wageningen University & Research,Netherlands,"15,905",16.9,31%,54 : 46,
2026,67,Washington University in St Louis,United States,"15,165",8.2,28%,52 : 48,
2026,68,Institut Polytechnique de Paris,France,"6,217",7.6,43%,23 : 77,=
2026,68,Université Paris-Saclay,France,"32,807",14.0,25%,50 : 50,=
2026,70,Korea Advanced Institute of Science and Technology (KAIST),South Korea,"10,728",11.9,11%,24 : 76,=
2026,70,Leiden University,Netherlands,"34,441",17.6,22%,58 : 42,=
2026,72,"University of California, Santa Barbara",United States,"25,735",22.9,18%,55 : 45,
2026,73,Australian National University,Australia,"17,243",13.3,51%,54 : 46,=
2026,73,City University of Hong Kong,Hong Kong,"8,219",12.4,76%,54 : 46,
2026,73,University of Southern California,United States,"42,840",13.3,27%,53 : 47,=
2026,76,Boston University,United States,"29,239",11.4,33%,58 : 42,=
2026,76,Sorbonne University,France,"38,923",13.6,23%,61 : 39,=
2026,78,University of North Carolina at Chapel Hill,United States,"34,813",8.0,10%,61 : 39,
2026,79,UNSW Sydney,Australia,"47,144",32.5,44%,45 : 55,
2026,80,The Hong Kong Polytechnic University,Hong Kong,"18,636",17.8,42%,50 : 50,
2026,80,The University of Queensland,Australia,"41,295",23.6,43%,54 : 46,=
2026,80,University of Bristol,United Kingdom,"29,680",14.2,35%,56 : 44,=
2026,82,University of Groningen,Netherlands,"33,098",23.4,28%,54 : 46,
2026,84,University of Glasgow,United Kingdom,"34,075",13.4,45%,60 : 40,
2026,85,Purdue University West Lafayette,United States,"43,555",18.5,20%,43 : 57,
2026,86,Yonsei University (Seoul campus),South Korea,"19,066",15.3,17%,51 : 49,
2026,87,Sungkyunkwan University (SKKU),South Korea,"19,012",15.8,22%,49 : 51,
2026,88,University of Minnesota,United States,"58,751",11.9,9%,55 : 45,
2026,89,Humboldt University of Berlin,Germany,"34,833",42.1,18%,,
2026,90,University of Copenhagen,Denmark,"31,425",4.2,14%,63 : 37,
2026,91,Charité - Universitätsmedizin Berlin,Germany,"9,520",18.1,21%,65 : 35,
2026,92,RWTH Aachen University,Germany,"27,662",35.1,33%,35 : 65,=
2026,92,University of Bonn,Germany,"24,491",34.1,16%,58 : 42,=
2026,92,Vanderbilt University,United States,"12,863",3.8,18%,55 : 45,=
2026,95,Lund University,Sweden,"23,748",10.2,22%,56 : 44,=
2026,95,University of Vienna,Austria,"30,228",36.6,34%,65 : 35,=
2026,97,"University of California, Irvine",United States,"35,079",15.3,24%,54 : 46,
2026,98,KTH Royal Institute of Technology,Sweden,"15,263",18.2,28%,31 : 69,=
2026,98,University of Birmingham,United Kingdom,"34,145",14.6,35%,56 : 44,=
2026,98,University of Tübingen,Germany,"21,627",22.5,15%,59 : 41,=
2026,101,Aarhus University,Denmark,"25,370",12.8,12%,60 : 40,
2026,102,Emory University,United States,"13,652",4.0,20%,61 : 39,
2026,103,Rice University,United States,"8,223",10.3,31%,43 : 57,=
2026,103,Tohoku University,Japan,"17,349",12.6,13%,28 : 72,=
2026,105,Michigan State University,United States,"45,537",16.5,10%,53 : 47,=
2026,105,University of Helsinki,Finland,"22,974",15.8,7%,68 : 32,=
2026,107,Erasmus University Rotterdam,Netherlands,"31,507",21.1,26%,54 : 46,
2026,108,Ohio State University (Main campus),United States,"54,645",9.8,12%,52 : 48,=
2026,108,Penn State (Main campus),United States,"48,746",15.1,16%,47 : 53,=
2026,108,University of Bern,Switzerland,"11,959",17.4,18%,59 : 41,=
2026,108,University of Sheffield,United Kingdom,"29,305",15.2,41%,53 : 47,=
2026,112,University of Massachusetts,United States,"62,471",12.8,15%,51 : 49,
2026,113,Free University of Berlin,Germany,"24,851",43.9,24%,63 : 37,=
2026,113,University of Oslo,Norway,"20,102",11.7,18%,64 : 36,=
2026,115,Ghent University,Belgium,"42,572",37.8,14%,58 : 42,
2026,116,McMaster University,Canada,"28,647",28.8,23%,57 : 43,=
2026,116,"University of Maryland, College Park",United States,"33,483",16.3,10%,50 : 50,=
2026,118,University of Leeds,United Kingdom,"35,600",14.4,39%,60 : 40,
2026,119,University of Alberta,Canada,"33,938",21.6,28%,,
2026,120,University of Basel,Switzerland,"8,655",11.1,32%,57 : 43,
2026,121,Technical University of Denmark,Denmark,"11,254",8.8,37%,34 : 66,
2026,122,University of Göttingen,Germany,"19,783",22.1,14%,54 : 46,=
2026,122,University of Warwick,United Kingdom,"26,515",13.2,44%,50 : 50,=
2026,122,Wuhan University,China,"49,045",13.5,6%,,=
2026,125,University of Hamburg,Germany,"28,389",55.3,13%,58 : 42,=
2026,125,University of Lausanne,Switzerland,"14,241",9.8,23%,,=
2026,127,University of Rochester,United States,"10,505",8.1,36%,52 : 48,
2026,128,Uppsala University,Sweden,"20,953",10.9,18%,59 : 41,
2026,129,University of Southampton,United Kingdom,"24,355",14.3,46%,54 : 46,
2026,130,University of Bologna,Italy,"75,831",22.4,16%,58 : 42,
2026,131,Harbin Institute of Technology,China,"32,375",11.0,4%,,=
2026,131,Maastricht University,Netherlands,"21,903",16.4,60%,60 : 40,=
2026,133,Adelaide University,Australia,"43,623",30.4,27%,55 : 45,
2026,133,Lomonosov Moscow State University,Russian Federation,"31,603",9.7,38%,51 : 49,
2026,134,Beijing Normal University,China,"29,655",15.5,7%,,=
2026,134,Queen Mary University of London,United Kingdom,"25,135",14.3,46%,53 : 47,=
2026,134,University of Florida,United States,"47,815",15.5,10%,56 : 44,=
2026,137,Scuola Normale Superiore di Pisa,Italy,700,8.8,11%,30 : 70,
2026,138,University of Arizona,United States,"52,414",20.9,7%,57 : 43,=
2026,138,University of Freiburg,Germany,"20,405",19.6,18%,55 : 45,=
2026,140,National Taiwan University (NTU),Taiwan,"18,743",9.7,24%,44 : 56,
2026,141,Pohang University of Science and Technology (POSTECH),South Korea,"3,234",9.2,7%,,=
2026,141,Tongji University,China,"33,414",11.9,16%,41 : 59,=
2026,143,University of Liverpool,United Kingdom,"26,770",13.9,33%,55 : 45,
2026,144,Newcastle University,United Kingdom,"26,400",15.0,28%,54 : 46,
2026,145,Case Western Reserve University,United States,"11,514",9.9,26%,51 : 49,=
2026,145,University of Barcelona,Spain,"45,016",14.9,12%,64 : 36,=
2026,145,University of Macau,Macao,"12,258",19.4,51%,53 : 47,=
2026,145,University of Nottingham,United Kingdom,"35,470",15.5,28%,55 : 45,=
2026,145,University of Technology Sydney,Australia,"29,729",37.7,26%,51 : 49,=
2026,150,Université de Montréal,Canada,"39,749",15.5,23%,,
2026,151,Texas A&M University,United States,"68,486",22.6,8%,47 : 53,=
2026,151,The University of Osaka,Japan,"22,367",10.4,12%,33 : 67,=
2026,153,The University of Western Australia,Australia,"19,880",23.6,30%,51 : 49,
2026,154,Radboud University Nijmegen,Netherlands,"23,615",16.1,13%,58 : 42,=
2026,154,University of York,United Kingdom,"20,330",14.3,29%,57 : 43,=
2026,156,Korea University,South Korea,"21,728",17.5,38%,,=
2026,156,University of Auckland,New Zealand,"33,639",23.3,33%,55 : 45,=
2026,156,University of Pittsburgh-Pittsburgh campus,United States,"27,492",5.4,11%,51 : 49,=
2026,159,University of Colorado Boulder,United States,"37,094",17.0,8%,46 : 54,
2026,160,Southern University of Science and Technology (SUSTech),China,"8,193",9.6,1%,,=
2026,160,Technical University of Berlin,Germany,"20,180",46.9,29%,36 : 64,=
2026,162,University of St Andrews,United Kingdom,"11,265",12.9,49%,59 : 41,=
2026,162,University of Waterloo,Canada,"34,772",22.7,21%,47 : 53,=
2026,164,University of Cape Town,South Africa,"20,094",12.6,12%,56 : 44,=
2026,164,University of Cologne,Germany,"27,278",23.0,18%,,=
2026,166,Institute of Science Tokyo,Japan,"13,407",8.3,17%,23 : 77,
2026,166,Karlsruhe Institute of Technology,Germany,"19,911",23.1,25%,30 : 70,=
2026,166,Macquarie University,Australia,"29,826",50.2,25%,,=
2026,166,University of Geneva,Switzerland,"17,681",7.8,41%,63 : 37,=
2026,166,University of Virginia (Main campus),United States,"25,795",8.8,13%,55 : 45,=
2026,170,Sapienza University of Rome,Italy,"60,428",27.3,7%,61 : 39,=
2026,170,University of Antwerp,Belgium,"16,836",32.6,17%,57 : 43,=
2026,170,University of Exeter,United Kingdom,"29,280",15.7,29%,54 : 46,=
2026,173,Trinity College Dublin,Ireland,"20,188",19.4,40%,62 : 38,
2026,174,TU Dresden,Germany,"20,631",21.0,15%,49 : 51,
2026,175,Durham University,United Kingdom,"21,470",13.2,34%,54 : 46,
2026,176,Huazhong University of Science and Technology,China,"61,789",16.2,4%,,=
2026,176,Vrije Universiteit Amsterdam,Netherlands,"31,949",15.8,20%,57 : 43,=
2026,179,University of Würzburg,Germany,"20,904",33.6,11%,60 : 40,
2026,180,Dartmouth College,United States,"6,627",7.4,19%,48 : 52,
2026,181,Medical University of Vienna,Austria,"7,531",17.9,30%,54 : 46,=
2026,181,"University of California, Santa Cruz",United States,"19,357",23.6,10%,47 : 53,=
2026,183,Universitat Autònoma de Barcelona (UAB),Spain,"33,006",13.5,16%,60 : 40,
2026,184,King Fahd University of Petroleum and Minerals,Saudi Arabia,"5,960",8.3,28%,26 : 74,=
2026,184,Lancaster University,United Kingdom,"16,935",14.9,34%,48 : 52,=
2026,184,Université Catholique de Louvain,Belgium,"27,280",39.4,21%,55 : 45,=
2026,187,Pompeu Fabra University,Spain,"12,225",21.3,17%,62 : 38,=
2026,187,University of Ottawa,Canada,"40,753",28.7,29%,58 : 42,=
2026,189,Tufts University,United States,"12,718",10.5,18%,59 : 41,
2026,190,Université Paris Cité,France,"66,075",18.2,22%,64 : 36,=
2026,190,University of Twente,Netherlands,"8,204",9.5,43%,37 : 63,=
2026,192,Eindhoven University of Technology,Netherlands,"10,823",19.1,36%,30 : 70,=
2026,192,University of Leicester,United Kingdom,"16,435",14.5,37%,53 : 47,=
2026,194,University of Notre Dame,United States,"12,781",10.5,14%,47 : 53,
2026,195,Aalto University,Finland,"15,131",21.3,26%,39 : 61,=
2026,195,The Education University of Hong Kong,Hong Kong,"5,692",13.0,27%,63 : 37,=
2026,195,University of Münster,Germany,"26,499",23.7,7%,,=
2026,198,Indiana University,United States,"67,529",11.5,13%,53 : 47,=
2026,198,Queen’s University Belfast,United Kingdom,"21,900",17.0,49%,58 : 42,=
2026,200,University of Calgary,Canada,"35,954",20.3,26%,53 : 47,
2026,201–250,Abu Dhabi University,United Arab Emirates,"2,344",10.7,60%,50 : 50,
2026,201–250,Arizona State University (Tempe),United States,"52,956",18.9,17%,45 : 55,
2026,201–250,Beijing Institute of Technology,China,"33,624",12.9,12%,,
2026,201–250,Cardiff University,United Kingdom,"27,880",13.7,24%,59 : 41,
2026,201–250,Chalmers University of Technology,Sweden,"10,245",11.9,18%,33 : 67,
2026,201–250,Deakin University,Australia,"37,191",33.3,25%,58 : 42,
2026,201–250,Friedrich Schiller University Jena,Germany,"14,754",16.0,14%,,
2026,201–250,Georgetown University,United States,"17,348",9.5,19%,56 : 44,
2026,201–250,George Washington University,United States,"21,756",12.4,19%,61 : 39,
2026,201–250,Goethe University Frankfurt,Germany,"27,422",20.2,13%,60 : 40,
2026,201–250,Hong Kong Baptist University,Hong Kong,"7,628",13.4,60%,64 : 36,
2026,201–250,Indian Institute of Science,India,"5,020",10.5,1%,26 : 74,
2026,201–250,Khalifa University,United Arab Emirates,"4,299",7.1,29%,57 : 43,
2026,201–250,Linköping University,Sweden,"15,130",14.5,18%,54 : 46,
2026,201–250,Medical University of Graz,Austria,"4,494",19.5,30%,56 : 44,
2026,201–250,Medical University of Innsbruck,Austria,"3,619",14.0,45%,57 : 43,
2026,201–250,Nagoya University,Japan,"15,559",13.3,13%,31 : 69,
2026,201–250,"Northeastern University, US",United States,"29,623",15.8,40%,53 : 47,
2026,201–250,Politecnico di Milano,Italy,"39,793",21.8,23%,36 : 64,
2026,201–250,Qatar University,Qatar,"9,539",8.2,38%,,
2026,201–250,Queensland University of Technology,Australia,"33,182",36.8,18%,53 : 47,
2026,201–250,Sant’Anna School of Advanced Studies – Pisa,Italy,807,6.4,20%,43 : 57,
2026,201–250,Sichuan University,China,"49,146",15.9,5%,,
2026,201–250,Stockholm University,Sweden,"27,746",16.2,14%,,
2026,201–250,Sun Yat-sen University,China,"66,020",15.5,4%,46 : 54,
2026,201–250,Tel Aviv University,Israel,"24,379",22.7,7%,57 : 43,
2026,201–250,Tianjin University,China,"27,866",8.7,15%,,
2026,201–250,Ulsan National Institute of Science and Technology (UNIST),South Korea,"3,868",12.0,8%,29 : 71,
2026,201–250,United Arab Emirates University,United Arab Emirates,"9,024",13.9,18%,73 : 27,
2026,201–250,Université Libre de Bruxelles,Belgium,"33,462",54.1,32%,58 : 42,
2026,201–250,Universiti Teknologi Petronas,Malaysia,"4,262",13.0,13%,38 : 62,
2026,201–250,University College Dublin,Ireland,"25,252",19.1,35%,,
2026,201–250,University of Aberdeen,United Kingdom,"11,875",12.9,36%,58 : 42,
2026,201–250,University of Erlangen-Nuremberg,Germany,"28,153",34.2,20%,51 : 49,
2026,201–250,University of Gothenburg,Sweden,"20,756",10.9,13%,,
2026,201–250,University of Illinois Chicago,United States,"28,912",11.2,20%,55 : 45,
2026,201–250,University of Malaya,Malaysia,"18,899",9.7,32%,61 : 39,
2026,201–250,University of Mannheim,Germany,"7,902",36.1,17%,,
2026,201–250,University of Miami,United States,"18,574",10.9,12%,54 : 46,
2026,201–250,University of Padua,Italy,"49,946",30.1,11%,58 : 42,
2026,201–250,University of Potsdam,Germany,"12,690",32.7,15%,57 : 43,
2026,201–250,University of Reading,United Kingdom,"15,970",15.8,31%,54 : 46,
2026,201–250,University of São Paulo,Brazil,"82,212",13.9,3%,48 : 52,
2026,201–250,University of Surrey,United Kingdom,"14,440",14.4,33%,54 : 46,
2026,201–250,University of Sussex,United Kingdom,"18,015",16.7,37%,55 : 45,
2026,201–250,University of Utah,United States,"33,106",15.5,9%,50 : 50,
2026,201–250,University of Wollongong,Australia,"16,470",24.1,32%,54 : 46,
2026,201–250,Vrije Universiteit Brussel,Belgium,"16,387",37.1,24%,59 : 41,
2026,201–250,Western University,Canada,"31,831",32.7,25%,56 : 44,
2026,201–250,Xi’an Jiaotong University,China,"54,986",15.9,6%,34 : 66,
2026,251–300,Aalborg University,Denmark,"16,050",13.9,13%,,
2026,251–300,Beihang University,China,"35,223",13.4,4%,,
2026,251–300,Boston College,United States,"12,989",14.6,13%,55 : 45,
2026,251–300,Central European University,Austria,"1,453",7.8,96%,58 : 42,
2026,251–300,Central South University,China,"57,917",20.4,4%,,
2026,251–300,Curtin University,Australia,"29,539",19.9,35%,52 : 48,
2026,251–300,East China Normal University,China,"30,163",15.0,7%,62 : 38,
2026,251–300,Griffith University,Australia,"30,484",26.3,25%,60 : 40,
2026,251–300,Hanyang University,South Korea,"19,402",13.6,27%,,
2026,251–300,Hebrew University of Jerusalem,Israel,"17,488",16.2,3%,58 : 42,
2026,251–300,Heinrich Heine University Düsseldorf,Germany,"25,296",26.8,14%,58 : 42,
2026,251–300,Humanitas University,Italy,"2,475",15.9,18%,58 : 42,
2026,251–300,Hunan University,China,"36,496",15.3,3%,44 : 56,
2026,251–300,King Khalid University,Saudi Arabia,"29,832",7.1,15%,55 : 45,
2026,251–300,King Saud University,Saudi Arabia,"42,846",11.0,11%,46 : 54,
2026,251–300,Kyung Hee University,South Korea,"20,363",17.4,30%,54 : 46,
2026,251–300,La Trobe University,Australia,"21,509",31.2,37%,,
2026,251–300,Lebanese American University,Lebanon,"7,606",12.0,13%,52 : 48,
2026,251–300,LUT University,Finland,"6,341",33.6,25%,35 : 65,
2026,251–300,Macau University of Science and Technology,Macao,"18,264",44.6,94%,57 : 43,
2026,251–300,Nankai University,China,"33,291",11.7,7%,,
2026,251–300,Northwestern Polytechnical University,China,"35,982",13.6,5%,29 : 71,
2026,251–300,RCSI University of Medicine and Health Sciences,Ireland,"2,839",23.9,68%,,
2026,251–300,RMIT University,Australia,"32,309",23.8,38%,49 : 51,
2026,251–300,Ruhr University Bochum,Germany,"30,732",39.4,20%,51 : 49,
2026,251–300,Sejong University,South Korea,"13,684",20.9,16%,46 : 54,
2026,251–300,Semmelweis University,Hungary,"9,774",12.5,45%,69 : 31,
2026,251–300,Shandong University,China,"37,862",12.7,9%,,
2026,251–300,South China University of Technology,China,"41,221",12.0,7%,39 : 61,
2026,251–300,Southeast University,China,"43,942",13.4,4%,35 : 65,
2026,251–300,Southern Medical University,China,"18,620",10.7,7%,,
2026,251–300,Swinburne University of Technology,Australia,"15,725",28.4,41%,43 : 57,
2026,251–300,Technical University of Darmstadt,Germany,"13,864",28.3,27%,34 : 66,
2026,251–300,Ulm University,Germany,"10,101",16.2,14%,53 : 47,
2026,251–300,Università Cattolica del Sacro Cuore,Italy,"23,548",32.3,6%,66 : 34,
2026,251–300,Università della Svizzera italiana,Switzerland,"4,029",12.1,70%,46 : 54,
2026,251–300,University of Bath,United Kingdom,"17,650",17.7,29%,46 : 54,
2026,251–300,University of Bergen,Norway,"15,304",13.0,13%,62 : 38,
2026,251–300,University of East Anglia,United Kingdom,"16,240",13.2,26%,57 : 43,
2026,251–300,University of Hawai’i at Mānoa,United States,"15,780",12.5,10%,59 : 41,
2026,251–300,University of Konstanz,Germany,"6,767",30.3,14%,58 : 42,
2026,251–300,University of Luxembourg,Luxembourg,"5,718",20.0,52%,53 : 47,
2026,251–300,University of Navarra,Spain,"12,748",15.3,30%,56 : 44,
2026,251–300,University of Newcastle,Australia,"22,320",29.2,20%,58 : 42,
2026,251–300,University of Oulu,Finland,"11,334",22.0,10%,56 : 44,
2026,251–300,University of Southern Denmark,Denmark,"17,548",9.5,15%,54 : 46,
2026,251–300,University of Stuttgart,Germany,"14,277",22.2,22%,35 : 65,
2026,251–300,University of Tasmania,Australia,"13,316",17.1,31%,58 : 42,
2026,251–300,Virginia Polytechnic Institute and State University,United States,"38,157",18.4,13%,44 : 56,
2026,251–300,Vita-Salute San Raffaele University,Italy,"4,573",27.6,6%,64 : 36,
2026,251–300,Xiamen University,China,"42,518",14.2,3%,,
2026,301–350,Bauman Moscow State Technical University,Russian Federation,"15,623",6.9,20%,45 : 55,
2026,301–350,"Birkbeck, University of London",United Kingdom,"7,420",17.3,43%,57 : 43,
2026,301–350,"China Medical University, Taiwan",Taiwan,"7,217",15.5,7%,57 : 43,
2026,301–350,"City St George's, University of London",United Kingdom,"20,905",17.1,41%,59 : 41,
2026,301–350,Dublin City University,Ireland,"14,712",27.3,13%,58 : 42,
2026,301–350,École Normale Supérieure de Lyon,France,"1,934",7.1,11%,45 : 55,
2026,301–350,Flinders University,Australia,"16,021",29.9,40%,63 : 37,
2026,301–350,Florida State University,United States,"40,660",24.6,7%,58 : 42,
2026,301–350,Hasselt University,Belgium,"6,128",28.4,16%,50 : 50,
2026,301–350,Illinois Institute of Technology,United States,"6,734",13.6,45%,38 : 62,
2026,301–350,Johannes Gutenberg University of Mainz,Germany,"29,586",11.4,11%,59 : 41,
2026,301–350,Koç University,Turkey,"7,111",21.0,12%,49 : 51,
2026,301–350,Kyushu University,Japan,"18,679",7.7,14%,29 : 71,
2026,301–350,Lingnan University Hong Kong,Hong Kong,"3,210",19.4,45%,62 : 38,
2026,301–350,Loughborough University,United Kingdom,"18,345",15.4,25%,40 : 60,
2026,301–350,North Carolina State University,United States,"32,549",16.5,13%,49 : 51,
2026,301–350,Norwegian University of Science and Technology,Norway,"38,384",15.0,9%,51 : 49,
2026,301–350,Prince Mohammad Bin Fahd University,Saudi Arabia,"2,470",10.8,17%,47 : 53,
2026,301–350,Queen’s University,Canada,"28,400",26.3,16%,58 : 42,
2026,301–350,Rutgers University–New Brunswick,United States,"46,825",11.3,16%,53 : 47,
2026,301–350,Simon Fraser University,Canada,"26,776",24.9,31%,54 : 46,
2026,301–350,Stellenbosch University,South Africa,"25,956",26.8,7%,58 : 42,
2026,301–350,Stony Brook University,United States,"24,947",9.8,17%,54 : 46,
2026,301–350,Sunway University,Malaysia,"5,046",8.4,27%,53 : 47,
2026,301–350,Swansea University,United Kingdom,"18,650",15.9,25%,49 : 51,
2026,301–350,Tampere University,Finland,"17,284",19.2,10%,53 : 47,
2026,301–350,Technion Israel Institute of Technology,Israel,"15,310",21.6,14%,41 : 59,
2026,301–350,Tilburg University,Netherlands,"12,796",19.9,24%,53 : 47,
2026,301–350,TU Wien,Austria,"11,068",19.8,35%,31 : 69,
2026,301–350,Universiti Kebangsaan Malaysia,Malaysia,"20,341",11.4,31%,56 : 44,
2026,301–350,University at Buffalo,United States,"27,152",16.4,16%,47 : 53,
2026,301–350,University of Bayreuth,Germany,"7,476",19.5,17%,47 : 53,
2026,301–350,University of Bremen,Germany,"11,398",20.5,15%,56 : 44,
2026,301–350,"University of California, Riverside",United States,"25,233",19.6,16%,51 : 49,
2026,301–350,University of Duisburg-Essen,Germany,"37,867",33.1,20%,50 : 50,
2026,301–350,University of Dundee,United Kingdom,"15,420",19.4,36%,65 : 35,
2026,301–350,University of Electronic Science and Technology of China,China,"39,817",16.7,2%,28 : 72,
2026,301–350,University of Essex,United Kingdom,"16,005",14.8,48%,55 : 45,
2026,301–350,University of Hohenheim,Germany,"8,480",39.1,15%,57 : 43,
2026,301–350,University of Innsbruck,Austria,"13,992",21.5,52%,54 : 46,
2026,301–350,University of Iowa,United States,"28,383",11.0,5%,55 : 45,
2026,301–350,University of Liège,Belgium,"22,785",29.7,21%,59 : 41,
2026,301–350,University of Milan,Italy,"44,429",17.4,7%,60 : 40,
2026,301–350,University of Naples Federico II,Italy,"53,650",17.5,3%,57 : 43,
2026,301–350,University of Rome II – Tor Vergata,Italy,"17,464",23.7,21%,62 : 38,
2026,301–350,University of Sharjah,United Arab Emirates,"12,327",17.7,51%,67 : 33,
2026,301–350,University of Tartu,Estonia,"9,766",8.9,13%,68 : 32,
2026,301–350,University of the Witwatersrand,South Africa,"26,928",22.4,6%,60 : 40,
2026,301–350,University of Turku,Finland,"13,966",15.4,7%,64 : 36,
2026,301–350,University of Victoria,Canada,"17,663",26.3,17%,58 : 42,
2026,301–350,Western Sydney University,Australia,"32,737",36.4,26%,59 : 41,
2026,351–400,Amirkabir University of Technology,Iran,"8,344",17.8,4%,34 : 66,
2026,351–400,Autonomous University of Madrid,Spain,"29,772",13.0,14%,62 : 38,
2026,351–400,Chongqing University,China,"45,609",17.7,3%,,
2026,351–400,Daegu Gyeongbuk Institute of Science and Technology (DGIST),South Korea,942,6.7,4%,35 : 65,
2026,351–400,Dalhousie University,Canada,"17,682",13.4,27%,53 : 47,
2026,351–400,Edith Cowan University,Australia,"18,928",27.9,35%,62 : 38,
2026,351–400,Hokkaido University,Japan,"17,693",8.3,11%,30 : 70,
2026,351–400,James Cook University,Australia,"9,165",15.3,14%,66 : 34,
2026,351–400,Justus Liebig University Giessen,Germany,"25,359",37.8,12%,63 : 37,
2026,351–400,Kermanshah University of Medical Sciences,Iran,"7,118",7.0,24%,50 : 50,
2026,351–400,King Abdulaziz University,Saudi Arabia,"56,251",12.5,5%,57 : 43,
2026,351–400,Leibniz University Hannover,Germany,"17,855",33.3,16%,45 : 55,
2026,351–400,Middle East Technical University,Turkey,"15,224",21.6,13%,49 : 51,
2026,351–400,Mohammed VI Polytechnic University,Morocco,"2,092",6.8,3%,54 : 46,
2026,351–400,Moscow Institute of Physics and Technology (MIPT),Russian Federation,"6,567",11.5,20%,,
2026,351–400,Oregon Health and Science University,United States,"2,877",0.8,3%,69 : 31,
2026,351–400,Prince Sultan University (PSU),Saudi Arabia,"5,837",18.0,8%,54 : 46,
2026,351–400,Sabancı University,Turkey,"3,752",19.5,12%,36 : 64,
2026,351–400,Saveetha Institute of Medical and Technical Sciences,India,"15,494",9.7,6%,52 : 48,
2026,351–400,Sharif University of Technology,Iran,"10,163",21.9,1%,25 : 75,
2026,351–400,Shenzhen University,China,"35,012",13.8,1%,49 : 51,
2026,351–400,Swedish University of Agricultural Sciences,Sweden,"4,207",4.3,8%,71 : 29,
2026,351–400,Université Grenoble Alpes,France,"48,893",17.9,19%,52 : 48,
2026,351–400,Universiti Brunei Darussalam,Brunei Darussalam,"3,464",11.8,11%,64 : 36,
2026,351–400,University College Cork,Ireland,"19,075",20.2,23%,59 : 41,
2026,351–400,University of Brescia,Italy,"10,190",24.3,5%,52 : 48,
2026,351–400,University of Campinas,Brazil,"32,551",19.0,3%,47 : 53,
2026,351–400,University of Colorado Denver/Anschutz Medical Campus,United States,"20,208",4.0,7%,58 : 42,
2026,351–400,University of Connecticut,United States,"29,850",11.6,14%,53 : 47,
2026,351–400,University of Florence,Italy,"42,558",22.9,9%,60 : 40,
2026,351–400,University of Galway,Ireland,"15,340",24.1,20%,60 : 40,
2026,351–400,University of Georgia (USA),United States,"38,946",15.4,7%,59 : 41,
2026,351–400,University of Johannesburg,South Africa,"32,659",26.5,14%,56 : 44,
2026,351–400,University of Kansas,United States,"23,777",9.0,7%,54 : 46,
2026,351–400,University of Kiel,Germany,"28,860",23.5,9%,54 : 46,
2026,351–400,University of Otago,New Zealand,"18,703",19.9,18%,60 : 40,
2026,351–400,University of Pavia,Italy,"17,543",30.2,12%,59 : 41,
2026,351–400,University of Pisa,Italy,"29,834",17.2,7%,52 : 48,
2026,351–400,University of Saskatchewan,Canada,"18,283",19.2,22%,55 : 45,
2026,351–400,University of Siena,Italy,"10,480",16.8,9%,63 : 37,
2026,351–400,University of Southern Queensland,Australia,"10,582",21.5,19%,63 : 37,
2026,351–400,University of South Florida,United States,"40,449",18.0,16%,,
2026,351–400,University of St Gallen,Switzerland,"8,835",12.7,37%,36 : 64,
2026,351–400,University of Strathclyde,United Kingdom,"19,085",14.3,28%,52 : 48,
2026,351–400,University of Trento,Italy,"14,183",16.6,9%,53 : 47,
2026,351–400,University of Tsukuba,Japan,"15,491",12.4,17%,38 : 62,
2026,351–400,Verona University,Italy,"21,809",25.6,5%,64 : 36,
2026,401–500,Ajman University,United Arab Emirates,"4,626",15.2,81%,57 : 43,
2026,401–500,Ajou University,South Korea,"7,348",15.0,26%,39 : 61,
2026,401–500,Al-Ahliyya Amman University,Jordan,"4,510",14.8,64%,52 : 48,
2026,401–500,Al Ain University,United Arab Emirates,"2,588",11.0,61%,51 : 49,
2026,401–500,Applied Science Private University,Jordan,"4,766",12.6,26%,52 : 48,
2026,401–500,Arabian Gulf University,Bahrain,"1,458",6.5,73%,71 : 29,
2026,401–500,"Asia University, Taiwan",Taiwan,"10,858",29.9,3%,63 : 37,
2026,401–500,Aston University,United Kingdom,"15,710",20.9,35%,47 : 53,
2026,401–500,Australian Catholic University,Australia,"22,604",31.7,20%,76 : 24,
2026,401–500,Beijing University of Chemical Technology,China,"26,260",18.5,1%,40 : 60,
2026,401–500,Boğaziçi University,Turkey,"11,998",28.5,5%,46 : 54,
2026,401–500,Bond University,Australia,"3,588",10.2,32%,56 : 44,
2026,401–500,Bournemouth University,United Kingdom,"15,605",19.9,24%,54 : 46,
2026,401–500,Brandeis University,United States,"4,949",10.8,34%,56 : 44,
2026,401–500,Brunel University of London,United Kingdom,"15,410",18.0,53%,44 : 56,
2026,401–500,Central Queensland University,Australia,"13,193",25.5,27%,61 : 39,
2026,401–500,Charles Darwin University,Australia,"7,195",23.9,38%,65 : 35,
2026,401–500,Charles University,Czechia,"53,904",13.5,24%,62 : 38,
2026,401–500,Chung-Ang University,South Korea,"18,394",21.9,26%,,
2026,401–500,Colorado School of Mines,United States,"7,022",17.2,7%,32 : 68,
2026,401–500,Dalian University of Technology,China,"42,273",16.6,5%,32 : 68,
2026,401–500,Donghua University,China,"23,520",12.2,7%,48 : 52,
2026,401–500,Drexel University,United States,"18,893",12.2,15%,52 : 48,
2026,401–500,Florida International University,United States,"35,509",22.2,9%,56 : 44,
2026,401–500,Free University of Bozen-Bolzano,Italy,"4,032",10.4,17%,65 : 35,
2026,401–500,George Mason University,United States,"32,918",17.1,13%,52 : 48,
2026,401–500,Gwangju Institute of Science and Technology (GIST),South Korea,"1,773",9.3,9%,30 : 70,
2026,401–500,Heriot-Watt University,United Kingdom,"9,705",15.4,44%,39 : 61,
2026,401–500,IMT Atlantique,France,"1,295",7.5,37%,26 : 74,
2026,401–500,Institut Agro,France,"2,565",8.8,17%,61 : 39,
2026,401–500,Iowa State University,United States,"27,116",17.2,8%,46 : 54,
2026,401–500,Iran University of Science and Technology,Iran,"12,556",29.0,7%,36 : 64,
2026,401–500,Jamia Millia Islamia,India,"10,370",12.1,5%,52 : 48,
2026,401–500,Johannes Kepler University of Linz,Austria,"6,857",20.5,23%,49 : 51,
2026,401–500,Leuphana University of Lüneburg,Germany,"7,488",24.9,11%,63 : 37,
2026,401–500,Marche Polytechnic University,Italy,"9,267",23.2,3%,50 : 50,
2026,401–500,Montpellier University,France,"39,869",19.9,15%,56 : 44,
2026,401–500,Murdoch University,Australia,"15,815",29.1,53%,,
2026,401–500,National and Kapodistrian University of Athens,Greece,"66,736",34.1,12%,60 : 40,
2026,401–500,National Taiwan University of Science and Technology (Taiwan Tech),Taiwan,"9,244",19.0,16%,30 : 70,
2026,401–500,National Tsing Hua University,Taiwan,"14,807",22.9,14%,42 : 58,
2026,401–500,National Yang Ming Chiao Tung University (NYCU Taiwan),Taiwan,"18,360",15.9,9%,37 : 63,
2026,401–500,Nazarbayev University,Kazakhstan,"6,020",13.3,3%,53 : 47,
2026,401–500,Near East University,Northern Cyprus,"17,228",26.6,88%,49 : 51,
2026,401–500,Northumbria University,United Kingdom,"25,815",17.1,30%,54 : 46,
2026,401–500,Polytechnic University of Turin,Italy,"30,286",25.8,20%,32 : 68,
2026,401–500,Pontificia Universidad Católica de Chile,Chile,"28,373",13.8,6%,,
2026,401–500,Prince Sattam Bin Abdulaziz University,Saudi Arabia,"24,820",10.8,6%,67 : 33,
2026,401–500,Princess Nourah bint Abdulrahman University,Saudi Arabia,"20,015",11.0,12%,100 : 0,
2026,401–500,Quaid-i-Azam University,Pakistan,"12,431",20.9,2%,46 : 54,
2026,401–500,Roskilde University,Denmark,"5,248",14.0,17%,66 : 34,
2026,401–500,"Royal Holloway, University of London",United Kingdom,"12,155",15.9,33%,57 : 43,
2026,401–500,Rush University,United States,"2,902",2.6,2%,76 : 24,
2026,401–500,Saint Louis University,United States,"11,556",7.5,11%,60 : 40,
2026,401–500,Shoolini University of Biotechnology and Management Sciences,India,"3,676",16.4,1%,50 : 50,
2026,401–500,SOAS University of London,United Kingdom,"5,395",15.0,41%,63 : 37,
2026,401–500,Southern Cross University,Australia,"8,883",43.0,22%,69 : 31,
2026,401–500,Syracuse University,United States,"21,104",15.4,21%,54 : 46,
2026,401–500,Taipei Medical University,Taiwan,"6,154",8.8,11%,59 : 41,
2026,401–500,Temple University,United States,"30,684",11.3,6%,57 : 43,
2026,401–500,The University of Tennessee-Knoxville,United States,"31,306",17.8,4%,,
2026,401–500,Tulane University,United States,"13,113",7.4,10%,61 : 39,
2026,401–500,Umeå University,Sweden,"13,447",9.4,8%,62 : 38,
2026,401–500,Umm Al-Qura University,Saudi Arabia,"34,462",13.3,6%,47 : 53,
2026,401–500,Université Laval,Canada,"30,127",13.4,18%,59 : 41,
2026,401–500,Universiti Sains Malaysia,Malaysia,"26,522",12.7,39%,63 : 37,
2026,401–500,Universiti Teknologi Malaysia,Malaysia,"16,724",10.1,28%,48 : 52,
2026,401–500,Universiti Utara Malaysia,Malaysia,"11,413",11.1,33%,65 : 35,
2026,401–500,University of Bordeaux,France,"51,535",21.0,15%,60 : 40,
2026,401–500,"University of California, Merced",United States,"9,070",21.2,7%,46 : 54,
2026,401–500,University of Canberra,Australia,"10,723",27.2,44%,57 : 43,
2026,401–500,University of Central Florida,United States,"61,009",30.8,5%,57 : 43,
2026,401–500,University of Coimbra,Portugal,"23,217",20.4,19%,58 : 42,
2026,401–500,University of Cyprus,Cyprus,"6,983",19.9,14%,62 : 38,
2026,401–500,University of Delaware,United States,"21,608",14.6,11%,58 : 42,
2026,401–500,University of Eastern Finland,Finland,"12,849",17.1,7%,68 : 32,
2026,401–500,University of Fribourg,Switzerland,"6,817",14.8,17%,65 : 35,
2026,401–500,University of Genoa,Italy,"20,218",16.4,9%,58 : 42,
2026,401–500,University of Greifswald,Germany,"10,298",18.8,9%,61 : 39,
2026,401–500,University of Guelph,Canada,"23,314",28.3,11%,59 : 41,
2026,401–500,University of Houston,United States,"46,269",24.0,16%,53 : 47,
2026,401–500,University of Jyväskylä,Finland,"11,150",13.1,4%,64 : 36,
2026,401–500,University of Kent,United Kingdom,"15,680",17.0,28%,54 : 46,
2026,401–500,University of Kentucky,United States,"28,680",11.4,3%,60 : 40,
2026,401–500,University of Lisbon,Portugal,"50,344",18.1,23%,54 : 46,
2026,401–500,University of Marburg,Germany,"22,883",29.8,17%,58 : 42,
2026,401–500,University of Milan-Bicocca,Italy,"28,650",24.9,5%,61 : 39,
2026,401–500,University of Nizwa,Oman,"3,498",8.9,11%,77 : 23,
2026,401–500,University of Oregon,United States,"22,659",13.7,5%,59 : 41,
2026,401–500,University of Porto,Portugal,"38,127",17.5,19%,55 : 45,
2026,401–500,University of Portsmouth,United Kingdom,"22,370",15.9,36%,48 : 52,
2026,401–500,University of Regensburg,Germany,"18,210",19.4,7%,61 : 39,
2026,401–500,University of South Carolina-Columbia,United States,"33,819",16.7,4%,59 : 41,
2026,401–500,University of Tehran,Iran,"55,821",26.1,2%,46 : 54,
2026,401–500,University of Texas at Dallas,United States,"26,710",24.5,22%,44 : 56,
2026,401–500,University of Turin,Italy,"60,028",25.4,6%,62 : 38,
2026,401–500,University of Vaasa,Finland,"4,302",18.3,6%,50 : 50,
2026,401–500,University of Waikato,New Zealand,"10,521",20.7,31%,61 : 39,
2026,401–500,Victoria University of Wellington,New Zealand,"15,728",17.4,12%,59 : 41,
2026,401–500,Virginia Commonwealth University,United States,"25,120",10.1,4%,65 : 35,
2026,401–500,Wake Forest University,United States,"8,289",3.4,10%,56 : 44,
2026,401–500,Washington State University,United States,"25,504",16.9,6%,54 : 46,
2026,401–500,York University,Canada,"41,456",27.4,28%,54 : 46,
2026,401–500,Zayed University,United Arab Emirates,"7,520",13.7,2%,83 : 17,
2026,501–600,Alfaisal University,Saudi Arabia,"3,443",11.3,37%,58 : 42,
2026,501–600,American University of Sharjah,United Arab Emirates,"5,432",17.7,72%,53 : 47,
2026,501–600,Auckland University of Technology,New Zealand,"17,420",17.0,49%,59 : 41,
2026,501–600,Banaras Hindu University,India,"12,447",7.9,4%,49 : 51,
2026,501–600,Bangor University,United Kingdom,"9,035",15.7,31%,59 : 41,
2026,501–600,Ca’ Foscari University of Venice,Italy,"11,178",20.3,13%,64 : 36,
2026,501–600,Campus Bio-Medico University of Rome,Italy,"2,820",16.1,2%,62 : 38,
2026,501–600,Carleton University,Canada,"27,612",27.0,22%,49 : 51,
2026,501–600,"China University of Petroleum, Beijing",China,"18,745",18.1,5%,,
2026,501–600,Chulalongkorn University,Thailand,"34,173",12.0,4%,55 : 45,
2026,501–600,"Colorado State University, Fort Collins",United States,"28,466",15.4,4%,57 : 43,
2026,501–600,Complutense University of Madrid,Spain,"57,684",10.0,16%,63 : 37,
2026,501–600,Constructor University,Germany,"1,750",22.6,90%,42 : 58,
2026,501–600,Cyprus University of Technology,Cyprus,"3,377",15.8,15%,58 : 42,
2026,501–600,Ewha Womans University,South Korea,"14,226",16.6,16%,100 : 0,
2026,501–600,Federation University Australia,Australia,"8,886",15.1,41%,60 : 40,
2026,501–600,Gachon University,South Korea,"23,826",24.4,18%,50 : 50,
2026,501–600,Georgia State University,United States,"32,292",16.6,9%,60 : 40,
2026,501–600,"Goldsmiths, University of London",United Kingdom,"8,195",13.8,48%,69 : 31,
2026,501–600,Hamburg University of Technology,Germany,"4,396",21.3,28%,30 : 70,
2026,501–600,HSE University,Russian Federation,"36,414",18.8,13%,62 : 38,
2026,501–600,Imam Abdulrahman Bin Faisal University,Saudi Arabia,"25,111",11.0,5%,89 : 11,
2026,501–600,Indian Institute of Technology Indore,India,"2,332",12.5,0%,24 : 76,
2026,501–600,Istanbul Technical University,Turkey,"18,037",18.8,15%,42 : 58,
2026,501–600,Jagiellonian University,Poland,"32,022",8.8,13%,67 : 33,
2026,501–600,Jiangsu University,China,"35,531",9.4,6%,43 : 57,
2026,501–600,Jinan University (China),China,"38,488",15.0,28%,56 : 44,
2026,501–600,Juntendo University,Japan,"7,371",5.3,3%,54 : 46,
2026,501–600,Keele University,United Kingdom,"10,370",15.4,20%,62 : 38,
2026,501–600,KIIT University,India,"19,682",10.3,14%,56 : 44,
2026,501–600,Konkuk University,South Korea,"11,274",25.4,22%,,
2026,501–600,Kyungpook National University (KNU),South Korea,"17,162",15.8,17%,47 : 53,
2026,501–600,Lincoln University (New Zealand),New Zealand,"3,123",15.0,42%,55 : 45,
2026,501–600,Liverpool John Moores University,United Kingdom,"24,415",18.1,16%,57 : 43,
2026,501–600,Lovely Professional University,India,"36,891",14.9,8%,28 : 72,
2026,501–600,Mahatma Gandhi University,India,"2,470",9.8,2%,65 : 35,
2026,501–600,Massey University,New Zealand,"15,413",16.5,30%,64 : 36,
2026,501–600,Maynooth University,Ireland,"12,263",25.7,15%,57 : 43,
2026,501–600,Memorial University of Newfoundland,Canada,"16,376",15.3,29%,54 : 46,
2026,501–600,Middlesex University,United Kingdom,"14,860",19.8,49%,59 : 41,
2026,501–600,Missouri University of Science and Technology,United States,"7,306",21.8,13%,24 : 76,
2026,501–600,Mizzou - University of Missouri,United States,"26,560",12.2,3%,56 : 44,
2026,501–600,National Cheng Kung University (NCKU),Taiwan,"21,726",19.9,11%,38 : 62,
2026,501–600,National Taiwan Normal University,Taiwan,"11,067",12.4,17%,,
2026,501–600,National Yunlin University of Science and Technology,Taiwan,"9,057",21.3,5%,39 : 61,
2026,501–600,New Jersey Institute of Technology,United States,"10,459",14.9,29%,29 : 71,
2026,501–600,"Northeastern University, China",China,"41,594",13.7,2%,,
2026,501–600,NOVA University of Lisbon,Portugal,"25,284",18.6,26%,51 : 49,
2026,501–600,Polytechnic University of Bari,Italy,"10,542",43.2,2%,31 : 69,
2026,501–600,Pusan National University,South Korea,"15,331",15.5,14%,53 : 47,
2026,501–600,Rensselaer Polytechnic Institute,United States,"6,873",14.6,16%,31 : 69,
2026,501–600,Royal Veterinary College,United Kingdom,"2,305",11.0,40%,81 : 19,
2026,501–600,RPTU University Kaiserslautern-Landau,Germany,"10,796",22.4,14%,49 : 51,
2026,501–600,Saarland University,Germany,"16,434",9.6,21%,52 : 48,
2026,501–600,Shanghai University,China,"39,590",13.4,6%,50 : 50,
2026,501–600,Shiraz University of Technology,Iran,"1,747",14.9,0%,38 : 62,
2026,501–600,"Soochow University, China",China,"48,737",15.8,2%,50 : 50,
2026,501–600,Stevens Institute of Technology,United States,"7,887",20.8,40%,29 : 71,
2026,501–600,Sultan Qaboos University,Oman,"7,375",8.3,4%,50 : 50,
2026,501–600,Tashkent Institute of Irrigation and Agricultural Mechanisation,Uzbekistan,"5,244",6.5,11%,44 : 56,
2026,501–600,Tehran University of Medical Sciences,Iran,"12,476",6.6,16%,55 : 45,
2026,501–600,The University of Tulsa,United States,"3,771",9.9,14%,49 : 51,
2026,501–600,TU Dortmund University,Germany,"16,305",44.7,15%,50 : 50,
2026,501–600,UEH University,Vietnam,"34,586",33.8,0%,70 : 30,
2026,501–600,Université du Québec,Canada,"50,342",17.1,17%,58 : 42,
2026,501–600,Universiti Putra Malaysia,Malaysia,"20,358",12.8,40%,64 : 36,
2026,501–600,University of Bradford,United Kingdom,"11,775",22.0,47%,56 : 44,
2026,501–600,University of Catania,Italy,"30,470",20.0,5%,56 : 44,
2026,501–600,University of Denver,United States,"10,234",13.3,5%,62 : 38,
2026,501–600,University of Ferrara,Italy,"23,862",33.5,5%,63 : 37,
2026,501–600,University of Graz,Austria,"10,958",10.8,19%,65 : 35,
2026,501–600,University of Haifa,Israel,"16,297",17.5,3%,66 : 34,
2026,501–600,University of Huddersfield,United Kingdom,"14,200",19.9,31%,58 : 42,
2026,501–600,University of Hull,United Kingdom,"13,250",18.4,35%,55 : 45,
2026,501–600,University of Iceland,Iceland,"9,343",16.0,13%,69 : 31,
2026,501–600,University of International Business and Economics,China,"15,343",14.2,12%,73 : 27,
2026,501–600,University of KwaZulu-Natal,South Africa,"33,675",30.7,2%,62 : 38,
2026,501–600,University of Limerick,Ireland,"14,691",27.1,18%,52 : 48,
2026,501–600,University of Manitoba,Canada,"26,170",13.7,24%,54 : 46,
2026,501–600,University of Messina,Italy,"14,308",22.7,6%,63 : 37,
2026,501–600,University of Missouri-Kansas City,United States,"9,605",12.3,13%,58 : 42,
2026,501–600,University of Modena and Reggio Emilia,Italy,"18,479",18.9,4%,54 : 46,
2026,501–600,University of Nebraska-Lincoln,United States,"23,880",16.7,7%,50 : 50,
2026,501–600,University of Nebraska Medical Center,United States,"3,390",1.9,8%,71 : 29,
2026,501–600,University of Nicosia,Cyprus,"6,398",17.2,65%,56 : 44,
2026,501–600,University of Palermo,Italy,"28,637",32.9,2%,58 : 42,
2026,501–600,University of Plymouth,United Kingdom,"16,895",17.8,22%,61 : 39,
2026,501–600,University of Pretoria,South Africa,"34,827",18.4,7%,61 : 39,
2026,501–600,University of Salerno,Italy,"20,506",25.6,4%,57 : 43,
2026,501–600,University of Siegen,Germany,"9,590",26.1,14%,57 : 43,
2026,501–600,University of Stirling,United Kingdom,"11,725",18.9,34%,59 : 41,
2026,501–600,University of the Sunshine Coast,Australia,"11,020",27.0,15%,70 : 30,
2026,501–600,University of Toulouse,France,"110,552",22.0,16%,57 : 43,
2026,501–600,University of Trieste,Italy,"18,016",24.3,8%,58 : 42,
2026,501–600,University of Ulsan,South Korea,"11,778",10.7,2%,45 : 55,
2026,501–600,University of Valencia,Spain,"48,963",13.1,14%,64 : 36,
2026,501–600,University of Windsor,Canada,"14,932",35.1,36%,,
2026,501–600,UPES,India,"9,231",9.6,0%,30 : 70,
2026,501–600,Victoria University,Australia,"14,540",29.4,25%,59 : 41,
2026,501–600,Wayne State University,United States,"20,958",12.7,5%,59 : 41,
2026,501–600,Wroclaw Medical University,Poland,"6,075",8.6,14%,77 : 23,
2026,501–600,Yangzhou University,China,"30,130",12.4,10%,,
2026,501–600,Yeungnam University,South Korea,"19,201",15.4,6%,50 : 50,
2026,501–600,Zhejiang University of Technology,China,"31,557",13.9,9%,,
2026,601–800,Aberystwyth University,United Kingdom,"6,330",15.1,21%,52 : 48,
2026,601–800,Air University,Pakistan,"10,530",14.5,0%,35 : 65,
2026,601–800,Alborz University of Medical Sciences,Iran,"3,765",11.5,0%,54 : 46,
2026,601–800,Aligarh Muslim University,India,"21,223",14.7,1%,39 : 61,
2026,601–800,Amedeo Avogadro University of Eastern Piedmont,Italy,"15,817",35.5,10%,61 : 39,
2026,601–800,American University,United States,"13,316",12.0,11%,64 : 36,
2026,601–800,American University in Cairo,Egypt,"6,233",10.4,8%,58 : 42,
2026,601–800,American University of the Middle East,Kuwait,"5,014",11.1,15%,62 : 38,
2026,601–800,"Amity University, Noida",India,"29,510",14.9,14%,57 : 43,
2026,601–800,Anglia Ruskin University (ARU),United Kingdom,"28,065",27.2,49%,62 : 38,
2026,601–800,Auburn University,United States,"28,365",18.5,7%,51 : 49,
2026,601–800,Babol Noshirvani University of Technology,Iran,"5,917",26.6,3%,34 : 66,
2026,601–800,Babol University of Medical Sciences,Iran,"4,418",11.8,1%,54 : 46,
2026,601–800,Bahauddin Zakariya University,Pakistan,"19,120",19.5,0%,40 : 60,
2026,601–800,Bar-Ilan University,Israel,"19,887",20.6,4%,58 : 42,
2026,601–800,Beirut Arab University,Lebanon,"4,167",10.4,21%,45 : 55,
2026,601–800,Ben-Gurion University of the Negev,Israel,"16,196",12.0,2%,52 : 48,
2026,601–800,Bharathiar University,India,"3,927",19.2,0%,55 : 45,
2026,601–800,Bilkent University,Turkey,"8,980",19.8,6%,48 : 52,
2026,601–800,Capital Medical University,China,"16,357",4.0,4%,64 : 36,
2026,601–800,Centrale Nantes,France,"1,755",13.2,37%,23 : 77,
2026,601–800,Central University of Punjab,India,"2,829",14.1,2%,37 : 63,
2026,601–800,Chang Gung University,Taiwan,"7,142",12.4,5%,51 : 49,
2026,601–800,Charles Sturt University,Australia,"18,763",21.8,11%,69 : 31,
2026,601–800,Chitkara University,India,"18,269",13.8,3%,44 : 56,
2026,601–800,City University of Macau,Macao,"8,701",16.6,64%,53 : 47,
2026,601–800,Claude Bernard University Lyon 1,France,"35,702",16.9,13%,56 : 44,
2026,601–800,COMSATS University Islamabad,Pakistan,"33,193",15.8,1%,39 : 61,
2026,601–800,Concordia University,Canada,"36,811",25.5,35%,49 : 51,
2026,601–800,Coventry University,United Kingdom,"30,640",14.6,58%,50 : 50,
2026,601–800,Cyprus International University,Northern Cyprus,"14,569",23.8,93%,47 : 53,
2026,601–800,Czech University of Life Sciences Prague (CZU),Czechia,"17,470",17.4,29%,48 : 52,
2026,601–800,De Montfort University,United Kingdom,"23,655",20.6,47%,48 : 52,
2026,601–800,Dhofar University,Oman,"3,049",15.9,7%,53 : 47,
2026,601–800,Duy Tan University,Vietnam,"23,574",22.7,1%,61 : 39,
2026,601–800,East China University of Science and Technology,China,"32,389",19.0,2%,43 : 57,
2026,601–800,Eastern Mediterranean University,Northern Cyprus,"14,696",23.3,72%,48 : 52,
2026,601–800,École des Mines de Saint-Étienne,France,"1,128",9.5,29%,27 : 73,
2026,601–800,École Nationale des Travaux Publics de l'État (ENTPE),France,794,13.5,17%,43 : 57,
2026,601–800,Edinburgh Napier University,United Kingdom,"14,615",21.8,21%,55 : 45,
2026,601–800,Egypt-Japan University of Science and Technology (E-JUST),Egypt,"3,015",26.5,4%,33 : 67,
2026,601–800,Federal University of Rio de Janeiro,Brazil,"56,160",14.6,1%,56 : 44,
2026,601–800,Golestan University,Iran,"3,950",30.4,8%,62 : 38,
2026,601–800,Government College University Faisalabad,Pakistan,"22,898",26.6,0%,55 : 45,
2026,601–800,Graphic Era University,India,"11,054",13.9,2%,45 : 55,
2026,601–800,Graz University of Technology,Austria,"6,734",8.7,26%,27 : 73,
2026,601–800,Guangdong University of Technology,China,"51,066",17.1,0%,29 : 71,
2026,601–800,Harbin Engineering University,China,"33,564",17.1,2%,24 : 76,
2026,601–800,Harokopio University of Athens,Greece,"2,994",28.1,4%,51 : 49,
2026,601–800,Hiroshima University,Japan,"14,922",8.7,12%,38 : 62,
2026,601–800,Imam Mohammad Ibn Saud Islamic University,Saudi Arabia,"38,256",11.2,15%,50 : 50,
2026,601–800,Indian Institute of Technology Patna,India,"2,840",17.1,1%,23 : 77,
2026,601–800,"International Institute of Information Technology, Hyderabad",India,"1,882",13.4,7%,20 : 80,
2026,601–800,Iran University of Medical Sciences,Iran,"8,876",7.8,19%,54 : 46,
2026,601–800,ISCTE-University Institute of Lisbon,Portugal,"10,999",26.0,18%,53 : 47,
2026,601–800,Isfahan University of Medical Sciences,Iran,"10,760",10.5,4%,59 : 41,
2026,601–800,Isfahan University of Technology,Iran,"10,096",22.6,3%,40 : 60,
2026,601–800,Jazan University,Saudi Arabia,"21,894",11.6,3%,68 : 32,
2026,601–800,Jiangnan University,China,"32,581",12.1,1%,,
2026,601–800,Jouf University,Saudi Arabia,"11,978",9.6,2%,47 : 53,
2026,601–800,Kadir Has University,Turkey,"4,058",22.4,11%,58 : 42,
2026,601–800,Kafrelsheikh University,Egypt,"72,697",27.6,3%,56 : 44,
2026,601–800,Kansas State University,United States,"18,454",14.0,5%,54 : 46,
2026,601–800,Keio University,Japan,"34,336",10.2,10%,37 : 63,
2026,601–800,King Faisal University,Saudi Arabia,"22,366",10.4,6%,65 : 35,
2026,601–800,Kobe University,Japan,"15,355",9.8,7%,35 : 65,
2026,601–800,Lehigh University,United States,"6,933",11.6,16%,46 : 54,
2026,601–800,London Metropolitan University,United Kingdom,"12,395",28.2,64%,64 : 36,
2026,601–800,London South Bank University,United Kingdom,"14,425",15.9,40%,55 : 45,
2026,601–800,Lorestan University of Medical Sciences,Iran,"4,068",18.9,1%,57 : 43,
2026,601–800,Louisiana State University,United States,"33,738",20.7,4%,56 : 44,
2026,601–800,Mahidol University,Thailand,"29,737",8.9,6%,63 : 37,
2026,601–800,Majmaah University,Saudi Arabia,"11,910",9.9,3%,47 : 53,
2026,601–800,Malaviya National Institute of Technology,India,"5,589",17.0,1%,26 : 74,
2026,601–800,Management & Science University (MSU),Malaysia,"4,038",7.5,58%,61 : 39,
2026,601–800,Manchester Metropolitan University,United Kingdom,"33,935",18.1,22%,58 : 42,
2026,601–800,Manipal Academy of Higher Education,India,"24,076",8.6,12%,50 : 50,
2026,601–800,Masaryk University,Czechia,"33,661",18.2,25%,62 : 38,
2026,601–800,Mississippi State University,United States,"20,844",14.1,4%,53 : 47,
2026,601–800,Nanjing Forestry University,China,"36,679",18.1,1%,,
2026,601–800,Nanjing Tech University,China,"37,609",12.7,4%,,
2026,601–800,Nanjing University of Aeronautics and Astronautics,China,"36,035",15.4,2%,,
2026,601–800,Nanjing University of Science and Technology (NJUST),China,"36,520",15.2,2%,31 : 69,
2026,601–800,Nantes Université,France,"35,045",17.3,12%,57 : 43,
2026,601–800,National Institute of Technology Rourkela,India,"7,763",19.0,4%,18 : 82,
2026,601–800,National Research Nuclear University MEPhI,Russian Federation,"5,352",10.1,28%,49 : 51,
2026,601–800,National Sun Yat-Sen University,Taiwan,"8,876",12.3,9%,43 : 57,
2026,601–800,National University of Sciences and Technology,Pakistan,"12,468",12.0,5%,38 : 62,
2026,601–800,New Mexico State University (Main campus),United States,"12,251",15.8,6%,58 : 42,
2026,601–800,Nottingham Trent University,United Kingdom,"36,005",15.0,25%,54 : 46,
2026,601–800,Obuda University,Hungary,"8,068",26.6,7%,20 : 80,
2026,601–800,Ocean University of China,China,"35,422",18.2,1%,,
2026,601–800,Ohio University (Main campus),United States,"20,461",21.8,4%,59 : 41,
2026,601–800,Oklahoma State University,United States,"22,574",14.7,5%,53 : 47,
2026,601–800,Örebro University,Sweden,"9,943",16.6,6%,63 : 37,
2026,601–800,Otto von Guericke University of Magdeburg,Germany,"12,812",10.7,30%,42 : 58,
2026,601–800,Paderborn University,Germany,"14,479",38.3,13%,51 : 49,
2026,601–800,Panjab University,India,"16,479",15.9,2%,65 : 35,
2026,601–800,Paris Lodron Universität Salzburg,Austria,"6,302",8.5,40%,68 : 32,
2026,601–800,Parthenope University of Naples,Italy,"14,020",36.4,3%,43 : 57,
2026,601–800,Polytechnic University of Valencia,Spain,"30,641",15.8,16%,58 : 42,
2026,601–800,Qassim University,Saudi Arabia,"29,826",9.5,11%,45 : 55,
2026,601–800,Qazvin University of Medical Sciences,Iran,"3,196",9.8,3%,55 : 45,
2026,601–800,Qingdao University,China,"42,202",15.6,1%,51 : 49,
2026,601–800,Rochester Institute of Technology,United States,"14,881",16.1,13%,37 : 63,
2026,601–800,Rovira i Virgili University,Spain,"14,226",13.2,12%,60 : 40,
2026,601–800,Sciences Po,France,"14,675",49.1,41%,64 : 36,
2026,601–800,Shahid Beheshti University of Medical Sciences,Iran,"12,165",7.9,6%,55 : 45,
2026,601–800,Sharda University,India,"15,326",12.7,11%,43 : 57,
2026,601–800,Shiraz University of Medical Sciences,Iran,"9,998",9.8,3%,55 : 45,
2026,601–800,South China Normal University,China,"36,468",19.9,4%,,
2026,601–800,SRUC (Scotland’s Rural College),United Kingdom,"1,400",4.3,9%,65 : 35,
2026,601–800,Sukkur IBA University,Pakistan,"5,580",19.6,0%,30 : 70,
2026,601–800,SUNY Binghamton University,United States,"18,703",20.2,9%,52 : 48,
2026,601–800,SUNY University at Albany,United States,"14,843",15.9,7%,53 : 47,
2026,601–800,Symbiosis International University,India,"22,845",14.4,7%,47 : 53,
2026,601–800,Tabriz University of Medical Sciences,Iran,"7,290",8.5,2%,53 : 47,
2026,601–800,Taif University,Saudi Arabia,"38,212",16.7,3%,58 : 42,
2026,601–800,Tallinn University of Technology,Estonia,"7,451",13.2,12%,40 : 60,
2026,601–800,Tarbiat Modares University,Iran,"10,360",13.8,6%,47 : 53,
2026,601–800,Tecnológico de Monterrey,Mexico,"17,141",14.1,14%,43 : 57,
2026,601–800,Teesside University,United Kingdom,"18,820",21.0,42%,56 : 44,
2026,601–800,Texas Tech University,United States,"37,631",20.8,8%,50 : 50,
2026,601–800,Thapar Institute of Engineering and Technology,India,"7,763",15.0,4%,35 : 65,
2026,601–800,The Catholic University of Korea (CUK),South Korea,"7,349",18.6,15%,58 : 42,
2026,601–800,The University of Aizu,Japan,"1,289",12.0,13%,11 : 89,
2026,601–800,The University of Jordan,Jordan,"23,745",12.2,26%,63 : 37,
2026,601–800,The University of Texas at San Antonio,United States,"27,369",24.2,3%,53 : 47,
2026,601–800,Tomsk State University,Russian Federation,"7,985",11.7,37%,,
2026,601–800,Ton Duc Thang University,Vietnam,"27,459",16.3,2%,57 : 43,
2026,601–800,Toronto Metropolitan University,Canada,"37,827",39.8,11%,54 : 46,
2026,601–800,TU Braunschweig,Germany,"14,251",16.3,15%,42 : 58,
2026,601–800,"UEES, Espiritu Santo University",Ecuador,"4,596",10.9,24%,51 : 49,
2026,601–800,UiT The Arctic University of Norway,Norway,"15,308",10.6,10%,62 : 38,
2026,601–800,Ulster University,United Kingdom,"24,440",23.3,29%,55 : 45,
2026,601–800,Universidade Estadual Paulista (Unesp),Brazil,"37,420",12.5,3%,52 : 48,
2026,601–800,Universidade Federal do Rio Grande do Sul,Brazil,"40,018",14.4,1%,52 : 48,
2026,601–800,Universitat Politècnica de Catalunya,Spain,"24,055",10.3,13%,30 : 70,
2026,601–800,Université Côte d'Azur,France,"31,714",19.8,21%,57 : 43,
2026,601–800,Universiti Malaysia Pahang Al-Sultan Abdullah (UMPSA),Malaysia,"7,584",12.4,10%,49 : 51,
2026,601–800,Universiti Pendidikan Sultan Idris,Malaysia,"5,754",8.9,28%,59 : 41,
2026,601–800,Universiti Teknologi Brunei,Brunei Darussalam,"1,977",7.7,4%,61 : 39,
2026,601–800,Universiti Tenaga Nasional (UNITEN),Malaysia,"4,317",10.0,20%,33 : 67,
2026,601–800,University of Alaska Fairbanks,United States,"2,895",8.5,6%,56 : 44,
2026,601–800,University of Arkansas,United States,"28,164",20.3,3%,56 : 44,
2026,601–800,University of Aveiro,Portugal,"14,095",15.9,11%,54 : 46,
2026,601–800,University of Bari Aldo Moro,Italy,"29,256",18.5,2%,62 : 38,
2026,601–800,University of Beira Interior,Portugal,"8,307",16.8,21%,56 : 44,
2026,601–800,University of Brighton,United Kingdom,"14,840",16.8,23%,61 : 39,
2026,601–800,University of Cagliari,Italy,"14,312",15.0,2%,62 : 38,
2026,601–800,University of Calabria,Italy,"10,386",15.7,8%,54 : 46,
2026,601–800,University of Canterbury,New Zealand,"14,857",19.1,18%,50 : 50,
2026,601–800,University of Crete,Greece,"12,551",22.7,5%,64 : 36,
2026,601–800,University of Delhi,India,"24,204",20.2,2%,47 : 53,
2026,601–800,University of Derby,United Kingdom,"15,820",14.6,26%,61 : 39,
2026,601–800,University of Granada,Spain,"51,046",14.3,11%,61 : 39,
2026,601–800,University of Greenwich,United Kingdom,"22,915",22.4,54%,57 : 43,
2026,601–800,University of Ha’il,Saudi Arabia,"20,652",10.9,5%,62 : 38,
2026,601–800,University of Hertfordshire,United Kingdom,"27,285",19.5,61%,47 : 53,
2026,601–800,University of Insubria,Italy,"9,546",23.1,5%,56 : 44,
2026,601–800,University of Klagenfurt,Austria,"3,377",8.7,33%,66 : 34,
2026,601–800,University of Lahore,Pakistan,"21,224",14.0,4%,39 : 61,
2026,601–800,University of L’Aquila,Italy,"19,246",25.5,6%,53 : 47,
2026,601–800,University of Lille,France,"78,318",30.6,14%,61 : 39,
2026,601–800,University of Lincoln,United Kingdom,"15,645",15.0,24%,58 : 42,
2026,601–800,"University of Maryland, Baltimore County",United States,"12,398",17.8,19%,46 : 54,
2026,601–800,University of Minho,Portugal,"21,465",20.8,13%,55 : 45,
2026,601–800,University of Mons,Belgium,"8,374",26.7,17%,56 : 44,
2026,601–800,University of Neuchâtel,Switzerland,"4,365",10.7,23%,60 : 40,
2026,601–800,"University of Nevada, Las Vegas",United States,"26,545",22.1,3%,57 : 43,
2026,601–800,University of New Brunswick UNB,Canada,"8,975",12.4,22%,53 : 47,
2026,601–800,University of North Carolina at Charlotte,United States,"27,004",21.1,8%,50 : 50,
2026,601–800,University of Parma,Italy,"31,624",31.5,9%,59 : 41,
2026,601–800,University of Passau,Germany,"7,360",45.5,14%,59 : 41,
2026,601–800,University of Rennes 1,France,"29,025",19.3,12%,55 : 45,
2026,601–800,University of Santiago de Compostela,Spain,"24,821",14.1,8%,62 : 38,
2026,601–800,University of Tabriz,Iran,"21,199",23.6,15%,51 : 49,
2026,601–800,University of Tabuk,Saudi Arabia,"20,099",10.3,3%,41 : 59,
2026,601–800,University of Texas at Arlington,United States,"38,017",32.3,16%,60 : 40,
2026,601–800,University of the Basque Country,Spain,"39,279",11.6,6%,56 : 44,
2026,601–800,University of the Western Cape,South Africa,"24,431",34.2,4%,63 : 37,
2026,601–800,University of the West of Scotland,United Kingdom,"16,955",24.9,39%,60 : 40,
2026,601–800,University of Toledo,United States,"13,661",15.8,10%,54 : 46,
2026,601–800,University of Tuscia,Italy,"6,305",24.0,12%,49 : 51,
2026,601–800,University of Udine,Italy,"11,915",16.7,5%,56 : 44,
2026,601–800,"University of Veterinary and Animal Sciences, Lahore",Pakistan,"7,679",21.2,1%,53 : 47,
2026,601–800,University of Warsaw,Poland,"34,878",11.0,10%,60 : 40,
2026,601–800,University of Wuppertal,Germany,"12,951",29.3,11%,54 : 46,
2026,601–800,Urmia University of Medical Sciences,Iran,"5,350",11.5,8%,50 : 50,
2026,601–800,UWE Bristol (University of the West of England),United Kingdom,"30,220",16.4,29%,52 : 48,
2026,601–800,VIT University,India,"44,159",16.0,3%,29 : 71,
2026,601–800,Worcester Polytechnic Institute,United States,"6,312",12.9,14%,36 : 64,
2026,601–800,Xi’an Jiaotong-Liverpool University,China,"21,448",18.3,3%,52 : 48,
2026,601–800,Xidian University,China,"39,572",14.3,1%,25 : 75,
2026,601–800,Yarmouk University,Jordan,"21,300",23.6,15%,,
2026,601–800,Yildiz Technical University,Turkey,"20,391",23.4,13%,47 : 53,
2026,601–800,Yuan Ze University,Taiwan,"6,717",20.4,11%,43 : 57,
2026,601–800,Zhejiang Normal University,China,"34,011",13.5,7%,,
2026,801–1000,Abdullah Gül University,Turkey,"2,977",32.4,8%,50 : 50,
2026,801–1000,Abdul Wali Khan University Mardan,Pakistan,"13,165",22.2,0%,27 : 73,
2026,801–1000,Ahvaz Jundishapur University of Medical Sciences (AJUMS),Iran,"9,059",11.2,4%,56 : 44,
2026,801–1000,Ain Shams University,Egypt,"171,505",14.3,7%,52 : 48,
2026,801–1000,Alagappa University,India,"5,428",14.9,0%,59 : 41,
2026,801–1000,Al al-Bayt University,Jordan,"16,331",24.7,3%,62 : 38,
2026,801–1000,Al-Azhar University,Egypt,"281,032",21.6,11%,41 : 59,
2026,801–1000,Alexandria University,Egypt,"186,461",17.6,7%,53 : 47,
2026,801–1000,Al-Zaytoonah University of Jordan,Jordan,"10,003",27.8,24%,54 : 46,
2026,801–1000,"Amity University Rajasthan, Jaipur",India,"3,978",19.5,0%,40 : 60,
2026,801–1000,An-Najah National University,Palestine,"25,887",27.0,12%,63 : 37,
2026,801–1000,Anna University,India,"11,396",12.1,1%,41 : 59,
2026,801–1000,Aristotle University of Thessaloniki,Greece,"47,845",18.9,5%,58 : 42,
2026,801–1000,Arts et Métiers,France,"6,012",16.6,14%,19 : 81,
2026,801–1000,Atatürk University,Turkey,"33,912",24.7,10%,50 : 50,
2026,801–1000,Azerbaijan State University of Economics,Azerbaijan,"13,473",9.2,7%,44 : 56,
2026,801–1000,Bahçeşehir University,Turkey,"19,548",46.0,24%,50 : 50,
2026,801–1000,Baqiyatallah University of Medical Sciences,Iran,"2,650",7.4,3%,23 : 77,
2026,801–1000,Baylor University,United States,"21,096",14.9,6%,61 : 39,
2026,801–1000,Birjand University of Medical Sciences,Iran,"4,171",12.0,5%,57 : 43,
2026,801–1000,"Birla Institute of Technology and Science, Pilani",India,"16,157",15.3,3%,20 : 80,
2026,801–1000,Birmingham City University,United Kingdom,"27,055",18.5,31%,62 : 38,
2026,801–1000,Bucharest University of Economic Studies,Romania,"21,819",15.8,4%,60 : 40,
2026,801–1000,Cairo University,Egypt,"173,478",24.6,7%,60 : 40,
2026,801–1000,Cankaya University,Turkey,"5,609",21.3,1%,44 : 56,
2026,801–1000,Capital University of Science and Technology,Pakistan,"6,840",28.9,0%,40 : 60,
2026,801–1000,Carlos III University of Madrid,Spain,"18,403",10.9,18%,48 : 52,
2026,801–1000,Catholic University of Portugal,Portugal,"12,826",22.9,24%,67 : 33,
2026,801–1000,Chengdu University,China,"27,472",16.2,2%,54 : 46,
2026,801–1000,Chonnam National University,South Korea,"16,714",12.6,8%,51 : 49,
2026,801–1000,Clark University,United States,"3,623",12.5,29%,55 : 45,
2026,801–1000,Daffodil International University (DIU),Bangladesh,"17,085",22.0,5%,37 : 63,
2026,801–1000,Delhi Technological University,India,"14,340",22.6,4%,17 : 83,
2026,801–1000,École Centrale de Lyon,France,"2,251",15.6,25%,29 : 71,
2026,801–1000,Empress Catherine II Saint Petersburg Mining University,Russian Federation,"10,462",16.1,17%,43 : 57,
2026,801–1000,Eötvös Loránd University,Hungary,"32,848",17.7,12%,61 : 39,
2026,801–1000,European University Cyprus,Cyprus,"5,474",15.2,58%,62 : 38,
2026,801–1000,Federal University of Minas Gerais,Brazil,"43,267",14.9,2%,56 : 44,
2026,801–1000,Ferdowsi University of Mashhad,Iran,"20,937",26.9,6%,54 : 46,
2026,801–1000,Florida Atlantic University,United States,"23,754",19.5,10%,66 : 34,
2026,801–1000,Future University in Egypt,Egypt,"7,962",9.5,11%,45 : 55,
2026,801–1000,Fuzhou University,China,"44,604",17.4,1%,39 : 61,
2026,801–1000,Gabriele d‘Annunzio University,Italy,"21,794",28.5,3%,65 : 35,
2026,801–1000,Gazipur Agricultural University,Bangladesh,"2,027",8.9,2%,54 : 46,
2026,801–1000,German Jordanian University,Jordan,"2,830",9.6,15%,36 : 64,
2026,801–1000,Ghulam Ishaq Khan Institute of Engineering Sciences and Technology,Pakistan,"2,267",16.1,0%,14 : 86,
2026,801–1000,Glasgow Caledonian University,United Kingdom,"17,335",25.9,30%,57 : 43,
2026,801–1000,Gorgan University of Agricultural Sciences and Natural Resources,Iran,"3,866",20.5,1%,54 : 46,
2026,801–1000,Government College University Lahore,Pakistan,"12,656",32.9,0%,53 : 47,
2026,801–1000,Guangzhou Medical University,China,"16,107",2.2,2%,58 : 42,
2026,801–1000,Guilan University of Medical Sciences,Iran,"5,752",10.8,1%,57 : 43,
2026,801–1000,Guru Gobind Singh Indraprastha University,India,"6,027",14.2,4%,29 : 71,
2026,801–1000,Hacettepe University,Turkey,"35,176",14.7,3%,61 : 39,
2026,801–1000,Halmstad University,Sweden,"4,642",11.9,6%,62 : 38,
2026,801–1000,Hanoi Medical University,Vietnam,"13,081",10.8,0%,62 : 38,
2026,801–1000,Ilam University of Medical Sciences,Iran,"3,024",12.9,8%,54 : 46,
2026,801–1000,IMT Nord Europe,France,"1,621",18.0,21%,23 : 77,
2026,801–1000,Inha University,South Korea,"14,163",17.0,8%,43 : 57,
2026,801–1000,Innopolis University,Russian Federation,"1,248",13.7,21%,19 : 81,
2026,801–1000,"International Islamic University, Islamabad",Pakistan,"24,592",21.9,5%,58 : 42,
2026,801–1000,International University of Rabat,Morocco,"8,278",23.1,5%,55 : 45,
2026,801–1000,Iqra University,Pakistan,"10,121",13.1,1%,26 : 74,
2026,801–1000,Isra University (Jordan),Jordan,"5,275",21.5,24%,52 : 48,
2026,801–1000,Istanbul Medipol University,Turkey,"20,473",34.4,43%,65 : 35,
2026,801–1000,Jahangirnagar University,Bangladesh,"11,895",16.9,0%,50 : 50,
2026,801–1000,Jamia Hamdard University,India,"9,927",15.6,2%,45 : 55,
2026,801–1000,Jawaharlal Nehru University,India,"7,759",11.2,1%,42 : 58,
2026,801–1000,Jeonbuk National University,South Korea,"18,726",20.3,10%,46 : 54,
2026,801–1000,Jönköping University,Sweden,"6,586",13.8,12%,61 : 39,
2026,801–1000,Jordan University of Science and Technology,Jordan,"17,708",12.0,28%,48 : 52,
2026,801–1000,JSS Academy of Higher Education and Research,India,"8,201",9.2,9%,53 : 47,
2026,801–1000,Kaohsiung Medical University,Taiwan,"6,621",12.6,5%,59 : 41,
2026,801–1000,Kazan Federal University,Russian Federation,"22,575",11.1,33%,66 : 34,
2026,801–1000,Kerman University of Medical Sciences,Iran,"5,552",9.5,3%,,
2026,801–1000,Khwaja Fareed University of Engineering and Information Technology,Pakistan,"11,504",24.1,0%,45 : 55,
2026,801–1000,King Mongkut’s University of Technology Thonburi,Thailand,"14,898",19.7,4%,45 : 55,
2026,801–1000,King Saud bin Abdulaziz University for Health Sciences,Saudi Arabia,"8,509",10.9,0%,53 : 47,
2026,801–1000,Kingston University,United Kingdom,"15,980",20.2,44%,60 : 40,
2026,801–1000,KL University,India,"18,766",14.7,2%,38 : 62,
2026,801–1000,K.N. Toosi University of Technology,Iran,"7,629",20.2,2%,33 : 67,
2026,801–1000,Kurdistan University of Medical Sciences,Iran,"3,652",7.0,7%,46 : 54,
2026,801–1000,Lahore University of Management Sciences,Pakistan,"4,744",13.6,2%,44 : 56,
2026,801–1000,Leeds Beckett University,United Kingdom,"19,825",17.0,23%,54 : 46,
2026,801–1000,Mahsa University,Malaysia,"6,044",13.8,13%,17 : 83,
2026,801–1000,Makerere University,Uganda,"25,506",19.3,4%,43 : 57,
2026,801–1000,Mansoura University,Egypt,"165,971",19.0,14%,55 : 45,
2026,801–1000,Marie and Louis Pasteur University,France,"27,356",29.5,13%,54 : 46,
2026,801–1000,Mashhad University of Medical Sciences,Iran,"9,296",9.1,5%,55 : 45,
2026,801–1000,Mazandaran University of Medical Sciences,Iran,"6,664",10.8,3%,55 : 45,
2026,801–1000,Medical University of Lodz,Poland,"9,642",7.5,9%,69 : 31,
2026,801–1000,Montanuniversität Leoben,Austria,"1,970",6.3,20%,26 : 74,
2026,801–1000,Najran University,Saudi Arabia,"16,538",13.3,6%,57 : 43,
2026,801–1000,Nanjing Medical University,China,"23,163",7.2,3%,,
2026,801–1000,Nanjing Normal University,China,"36,007",13.7,2%,66 : 34,
2026,801–1000,Nanjing University of Information Science and Technology,China,"36,971",15.5,3%,,
2026,801–1000,National Autonomous University of Mexico,Mexico,"175,031",16.3,5%,52 : 48,
2026,801–1000,National Institute of Applied Sciences of Lyon (INSA Lyon),France,"6,160",12.6,26%,38 : 62,
2026,801–1000,National Institute of Technology Silchar,India,"4,599",11.7,3%,21 : 79,
2026,801–1000,"National Institute of Technology, Tiruchirappalli",India,"7,452",22.2,2%,24 : 76,
2026,801–1000,National Technical University of Athens,Greece,"13,139",19.5,5%,35 : 65,
2026,801–1000,National University of Science and Technology (MISiS),Russian Federation,"7,305",12.6,19%,42 : 58,
2026,801–1000,National Veterinary School of Alfort (EnvA),France,872,5.9,0%,78 : 22,
2026,801–1000,Northeast Agricultural University,China,"32,409",20.7,1%,55 : 45,
2026,801–1000,Northeast Normal University,China,"31,316",19.3,3%,69 : 31,
2026,801–1000,Northern Border University,Saudi Arabia,"7,128",8.6,2%,63 : 37,
2026,801–1000,Northern Illinois University,United States,"13,032",14.7,8%,54 : 46,
2026,801–1000,North South University,Bangladesh,"16,380",19.1,0%,44 : 56,
2026,801–1000,North-West University,South Africa,"41,784",24.1,2%,63 : 37,
2026,801–1000,Norwegian University of Life Sciences,Norway,"8,193",8.4,7%,57 : 43,
2026,801–1000,Old Dominion University,United States,"17,790",16.3,3%,56 : 44,
2026,801–1000,Ontario Tech University,Canada,"9,555",30.0,12%,43 : 57,
2026,801–1000,Open University of Catalonia,Spain,"34,578",96.6,6%,57 : 43,
2026,801–1000,Oxford Brookes University,United Kingdom,"13,930",13.6,30%,56 : 44,
2026,801–1000,Ozyegin University,Turkey,"6,166",24.1,12%,47 : 53,
2026,801–1000,Pablo de Olavide University,Spain,"12,155",14.2,16%,61 : 39,
2026,801–1000,Panthéon-Sorbonne University – Paris 1,France,"36,234",29.2,21%,64 : 36,
2026,801–1000,Peter the Great St Petersburg Polytechnic University,Russian Federation,"16,730",9.9,32%,43 : 57,
2026,801–1000,Pontifical Catholic University of Rio de Janeiro (PUC-Rio),Brazil,"11,715",18.4,2%,50 : 50,
2026,801–1000,Portland State University,United States,"16,947",21.0,6%,57 : 43,
2026,801–1000,Rafsanjan University of Medical Sciences,Iran,"2,169",10.3,0%,59 : 41,
2026,801–1000,Reichman University,Israel,"7,795",32.3,25%,55 : 45,
2026,801–1000,Reykjavík University,Iceland,"2,851",21.5,6%,45 : 55,
2026,801–1000,Robert Gordon University,United Kingdom,"11,720",22.1,33%,64 : 36,
2026,801–1000,RUDN University,Russian Federation,"27,303",17.8,34%,59 : 41,
2026,801–1000,Savitribai Phule Pune University,India,"6,043",12.2,2%,46 : 54,
2026,801–1000,Shahid Beheshti University,Iran,"23,882",19.0,2%,60 : 40,
2026,801–1000,Shahrekord University of Medical Sciences,Iran,"3,423",11.4,2%,58 : 42,
2026,801–1000,Shahroud University of Medical Sciences,Iran,"1,709",11.4,0%,34 : 66,
2026,801–1000,Sheffield Hallam University,United Kingdom,"29,535",19.0,23%,55 : 45,
2026,801–1000,Shiraz University,Iran,"14,298",19.7,3%,55 : 45,
2026,801–1000,Shri Mata Vaishno Devi University,India,"2,983",20.7,0%,38 : 62,
2026,801–1000,Siberian Federal University,Russian Federation,"8,610",19.0,13%,47 : 53,
2026,801–1000,Siksha ‘O’ Anusandhan,India,"11,466",9.4,3%,58 : 42,
2026,801–1000,Sogang University,South Korea,"10,317",25.0,18%,46 : 54,
2026,801–1000,Southern Illinois University Carbondale,United States,"9,238",13.7,7%,53 : 47,
2026,801–1000,Southwest Jiaotong University,China,"49,014",15.4,1%,33 : 67,
2026,801–1000,SR University,India,"6,010",15.9,1%,50 : 50,
2026,801–1000,The Catholic University of America,United States,"3,614",10.8,6%,54 : 46,
2026,801–1000,The Islamia University of Bahawalpur,Pakistan,"53,834",40.7,0%,47 : 53,
2026,801–1000,The Open University,United Kingdom,"70,690",22.7,9%,67 : 33,
2026,801–1000,The University of Alabama,United States,"35,682",20.6,3%,57 : 43,
2026,801–1000,The University of Notre Dame Australia,Australia,"7,652",14.9,5%,72 : 28,
2026,801–1000,Tomsk Polytechnic University,Russian Federation,"9,179",11.0,35%,33 : 67,
2026,801–1000,Universidade Federal de São Paulo (UNIFESP),Brazil,"20,218",11.8,1%,60 : 40,
2026,801–1000,Universitat Ramon Llull,Spain,"16,683",22.0,24%,53 : 47,
2026,801–1000,Université de Bretagne Occidentale,France,"22,138",24.8,12%,59 : 41,
2026,801–1000,University of Alcalá,Spain,"16,459",10.1,22%,67 : 33,
2026,801–1000,University of Cape Coast,Ghana,"36,491",40.0,0%,40 : 60,
2026,801–1000,University of Central Punjab,Pakistan,"16,612",25.4,0%,36 : 64,
2026,801–1000,University of Córdoba,Spain,"17,571",11.8,11%,59 : 41,
2026,801–1000,University of Debrecen,Hungary,"20,923",12.2,25%,56 : 44,
2026,801–1000,University of Dhaka,Bangladesh,"35,843",18.6,0%,44 : 56,
2026,801–1000,"University of Engineering and Technology, Taxila",Pakistan,"5,282",19.9,2%,22 : 78,
2026,801–1000,University of Foggia,Italy,"9,947",34.9,1%,66 : 34,
2026,801–1000,University of Gujrat,Pakistan,"18,353",26.7,1%,67 : 33,
2026,801–1000,University of Hagen,Germany,"22,592",226.1,11%,56 : 44,
2026,801–1000,University of Ibadan,Nigeria,"36,851",17.6,0%,50 : 50,
2026,801–1000,University of Indonesia,Indonesia,"42,674",8.3,17%,73 : 27,
2026,801–1000,University of Jaén,Spain,"13,280",13.9,10%,58 : 42,
2026,801–1000,University of Lagos,Nigeria,"36,484",22.4,0%,51 : 49,
2026,801–1000,University of Ljubljana,Slovenia,"37,509",12.8,9%,60 : 40,
2026,801–1000,University of Lleida,Spain,"9,739",17.0,9%,59 : 41,
2026,801–1000,University of Malakand,Pakistan,"8,902",27.1,1%,28 : 72,
2026,801–1000,University of Malta,Malta,"9,650",11.8,18%,61 : 39,
2026,801–1000,University of Management and Technology,Pakistan,"22,028",17.2,2%,49 : 51,
2026,801–1000,University of Medicine and Pharmacy Carol Davila,Romania,"12,809",9.2,17%,68 : 32,
2026,801–1000,University of Namur,Belgium,"6,480",20.0,17%,58 : 42,
2026,801–1000,University of Nova Gorica,Slovenia,448,3.0,61%,48 : 52,
2026,801–1000,University of Patras,Greece,"28,311",27.5,6%,51 : 49,
2026,801–1000,University of Petra,Jordan,"5,154",17.3,18%,54 : 46,
2026,801–1000,University of Regina,Canada,"14,331",22.9,34%,60 : 40,
2026,801–1000,University of Rhode Island,United States,"15,859",17.4,3%,58 : 42,
2026,801–1000,University of Roehampton,United Kingdom,"11,170",30.2,61%,57 : 43,
2026,801–1000,University of Rome III,Italy,"36,386",48.1,6%,61 : 39,
2026,801–1000,University of Salamanca,Spain,"25,749",14.6,16%,61 : 39,
2026,801–1000,University of Salento,Italy,"14,502",23.5,3%,62 : 38,
2026,801–1000,University of Salford,United Kingdom,"22,475",20.9,30%,56 : 44,
2026,801–1000,University of Seville,Spain,"60,471",19.0,12%,57 : 43,
2026,801–1000,University of the Balearic Islands,Spain,"12,091",9.2,8%,58 : 42,
2026,801–1000,University of the Punjab,Pakistan,"28,679",21.6,1%,62 : 38,
2026,801–1000,University of Tunis El Manar,Tunisia,"16,341",8.1,10%,75 : 25,
2026,801–1000,University of Vic – Central University of Catalonia,Spain,"7,881",12.7,17%,61 : 39,
2026,801–1000,University of Vigo,Spain,"17,290",14.6,7%,51 : 49,
2026,801–1000,University of Westminster,United Kingdom,"19,530",20.0,51%,59 : 41,
2026,801–1000,University of Wolverhampton,United Kingdom,"13,835",17.9,28%,64 : 36,
2026,801–1000,University of Wyoming,United States,"9,462",13.3,5%,53 : 47,
2026,801–1000,Ural Federal University,Russian Federation,"29,855",15.7,15%,52 : 48,
2026,801–1000,Urmia University,Iran,"13,411",27.3,13%,49 : 51,
2026,801–1000,Vilnius University,Lithuania,"19,929",11.7,12%,65 : 35,
2026,801–1000,Wakayama Medical University,Japan,"1,917",4.4,0%,46 : 54,
2026,801–1000,Waseda University,Japan,"44,876",14.2,12%,39 : 61,
2026,801–1000,Wenzhou University,China,"25,175",19.6,2%,51 : 49,
2026,801–1000,William & Mary,United States,"8,786",11.8,6%,58 : 42,
2026,801–1000,Zahedan University of Medical Sciences,Iran,"4,274",10.6,1%,55 : 45,
2026,801–1000,Zanjan University of Medical Sciences,Iran,"5,887",11.1,3%,55 : 45,
2026,801–1000,Zhejiang Gongshang University,China,"19,572",13.2,4%,58 : 42,
2026,1001–1200,"Adam Mickiewicz University, Poznań",Poland,"30,005",23.1,7%,68 : 32,
2026,1001–1200,AGH University of Krakow,Poland,"17,827",10.2,4%,33 : 67,
2026,1001–1200,Al-Balqa Applied University,Jordan,"24,503",23.7,3%,58 : 42,
2026,1001–1200,Anadolu University,Turkey,"27,577",21.0,6%,53 : 47,
2026,1001–1200,Anhui University,China,"41,446",17.4,1%,,
2026,1001–1200,"Arab Academy for Science, Technology and Maritime Transport",Egypt,"32,274",10.6,14%,48 : 52,
2026,1001–1200,Ardabil University of Medical Sciences,Iran,"3,986",12.1,1%,53 : 47,
2026,1001–1200,Aswan University,Egypt,"32,185",31.6,0%,50 : 50,
2026,1001–1200,Ateneo de Manila University,Philippines,"14,540",10.1,1%,56 : 44,
2026,1001–1200,Athens University of Economics and Business,Greece,"9,211",44.7,5%,46 : 54,
2026,1001–1200,Bahria University,Pakistan,"23,030",20.0,1%,48 : 52,
2026,1001–1200,Bangladesh Agricultural University (BAU),Bangladesh,"7,855",13.3,1%,45 : 55,
2026,1001–1200,Bangladesh University of Engineering and Technology,Bangladesh,"5,814",11.3,0%,22 : 78,
2026,1001–1200,Bartin University,Turkey,"10,537",21.8,14%,49 : 51,
2026,1001–1200,Bayero University,Nigeria,"29,362",16.9,0%,44 : 56,
2026,1001–1200,Beni-Suef University,Egypt,"82,628",44.9,1%,48 : 52,
2026,1001–1200,Birla Institute of Technology,India,"5,296",16.7,0%,25 : 75,
2026,1001–1200,BRAC University,Bangladesh,"17,235",21.2,1%,45 : 55,
2026,1001–1200,Cardiff Metropolitan University,United Kingdom,"11,975",19.5,29%,52 : 48,
2026,1001–1200,Central Michigan University,United States,"13,765",19.8,10%,59 : 41,
2026,1001–1200,Central University of Haryana,India,"4,612",19.8,0%,44 : 56,
2026,1001–1200,Central University of Jammu,India,"1,086",4.8,0%,45 : 55,
2026,1001–1200,Chang’an University,China,"40,205",10.3,5%,31 : 69,
2026,1001–1200,Changsha University of Science and Technology,China,"41,350",17.4,1%,35 : 65,
2026,1001–1200,Chiang Mai University,Thailand,"35,691",13.9,4%,61 : 39,
2026,1001–1200,Chiba University,Japan,"13,630",8.6,5%,38 : 62,
2026,1001–1200,China Pharmaceutical University,China,"19,664",16.7,2%,63 : 37,
2026,1001–1200,Chungbuk National University,South Korea,"11,274",13.3,11%,43 : 57,
2026,1001–1200,Chungnam National University,South Korea,"20,792",20.2,3%,47 : 53,
2026,1001–1200,Clarkson University,United States,"3,546",13.2,13%,35 : 65,
2026,1001–1200,Cochin University of Science and Technology,India,"4,378",14.7,2%,57 : 43,
2026,1001–1200,Covenant University,Nigeria,"9,690",22.2,0%,39 : 61,
2026,1001–1200,CY Cergy Paris University,France,"16,674",16.0,27%,50 : 50,
2026,1001–1200,Damietta University,Egypt,"37,333",32.3,1%,62 : 38,
2026,1001–1200,Datta Meghe Institute of Higher Education & Research (Deemed to be University),India,"9,257",13.4,3%,61 : 39,
2026,1001–1200,Delta University for Science and Technology,Egypt,"11,762",18.2,1%,46 : 54,
2026,1001–1200,Dr B.R. Ambedkar National Institute of Technology Jalandhar,India,"5,637",20.5,0%,25 : 75,
2026,1001–1200,Edge Hill University,United Kingdom,"11,925",15.7,9%,71 : 29,
2026,1001–1200,European University of Madrid,Spain,"15,141",8.2,38%,51 : 49,
2026,1001–1200,Financial University under the Government of the Russian Federation,Russian Federation,"16,514",13.7,13%,57 : 43,
2026,1001–1200,Firat University,Turkey,"30,050",26.0,9%,49 : 51,
2026,1001–1200,Florida Agricultural and Mechanical University,United States,"8,805",13.2,1%,67 : 33,
2026,1001–1200,Florida Institute of Technology,United States,"6,456",18.3,21%,48 : 52,
2026,1001–1200,Fujian Agriculture and Forestry University,China,"34,200",14.1,1%,52 : 48,
2026,1001–1200,Fujita Health University,Japan,"3,025",3.4,2%,60 : 40,
2026,1001–1200,Gdańsk University of Technology,Poland,"14,684",20.3,7%,39 : 61,
2026,1001–1200,GLA University,India,"15,294",16.6,0%,27 : 73,
2026,1001–1200,Gonabad University of Medical Sciences,Iran,"1,937",14.3,3%,58 : 42,
2026,1001–1200,Hamadan University of Medical Sciences (UMSHA),Iran,"7,882",14.8,6%,56 : 44,
2026,1001–1200,Hamamatsu University School of Medicine,Japan,"1,205",3.9,3%,47 : 53,
2026,1001–1200,Hangzhou Normal University,China,"32,552",16.8,1%,,
2026,1001–1200,Hazara University Mansehra,Pakistan,"12,789",24.6,0%,45 : 55,
2026,1001–1200,Imam Khomeini International University,Iran,"9,129",25.4,12%,55 : 45,
2026,1001–1200,Indian Institute of Technology Gandhinagar,India,"2,360",14.8,1%,29 : 71,
2026,1001–1200,Indian Institute of Technology Mandi,India,"2,684",14.8,1%,25 : 75,
2026,1001–1200,Indian Institute of Technology Ropar,India,"2,955",16.7,1%,24 : 76,
2026,1001–1200,Indraprastha Institute of Information Technology Delhi,India,"3,033",16.5,6%,18 : 82,
2026,1001–1200,Institute for Advanced Studies in Basic Sciences (IASBS),Iran,"1,053",9.4,5%,57 : 43,
2026,1001–1200,Institute of Space Technology,Pakistan,"2,193",10.1,0%,34 : 66,
2026,1001–1200,Islamic University of Madinah,Saudi Arabia,"17,328",24.6,77%,2 : 98,
2026,1001–1200,Istanbul Gelisim University,Turkey,"38,924",37.8,17%,46 : 54,
2026,1001–1200,İstinye University,Turkey,"9,114",24.1,19%,62 : 38,
2026,1001–1200,ITMO University,Russian Federation,"14,352",17.8,17%,32 : 68,
2026,1001–1200,Izmir Institute of Technology,Turkey,"4,000",14.2,4%,47 : 53,
2026,1001–1200,Jadavpur University,India,"12,547",19.0,0%,32 : 68,
2026,1001–1200,Jashore University of Science and Technology,Bangladesh,"4,510",14.7,0%,33 : 67,
2026,1001–1200,Jaume I University,Spain,"12,039",14.3,11%,58 : 42,
2026,1001–1200,Jawaharlal Nehru Technological University Anantapur (JNTUA),India,"5,743",17.9,0%,39 : 61,
2026,1001–1200,Jaypee University of Information Technology,India,"1,938",19.0,1%,32 : 68,
2026,1001–1200,Jiangsu University of Science and Technology,China,"29,068",16.0,3%,,
2026,1001–1200,Kalasalingam Academy of Research and Education,India,"6,792",4.4,9%,51 : 49,
2026,1001–1200,Kanazawa University,Japan,"10,216",9.9,6%,36 : 64,
2026,1001–1200,Kaunas University of Technology,Lithuania,"7,308",13.0,11%,34 : 66,
2026,1001–1200,Khulna University of Engineering and Technology (KUET),Bangladesh,"7,985",17.8,0%,32 : 68,
2026,1001–1200,Kore University of Enna,Italy,"6,035",16.8,1%,72 : 28,
2026,1001–1200,Kumamoto University,Japan,"9,401",9.5,6%,39 : 61,
2026,1001–1200,Kyoto Prefectural University of Medicine,Japan,"1,355",3.1,1%,47 : 53,
2026,1001–1200,Lakehead University,Canada,"8,464",25.6,22%,58 : 42,
2026,1001–1200,Landmark University,Nigeria,"3,426",13.0,1%,33 : 67,
2026,1001–1200,Lithuanian University of Health Sciences,Lithuania,"6,326",8.6,28%,81 : 19,
2026,1001–1200,Mae Fah Luang University,Thailand,"15,574",19.4,10%,70 : 30,
2026,1001–1200,"Maulana Abul Kalam Azad University of Technology, West Bengal",India,"3,108",17.2,0%,39 : 61,
2026,1001–1200,Medical University of Gdańsk,Poland,"6,729",5.3,12%,74 : 26,
2026,1001–1200,Medical University of Warsaw,Poland,"10,277",6.4,10%,73 : 27,
2026,1001–1200,Ming Chi University of Technology,Taiwan,"4,304",18.0,3%,27 : 73,
2026,1001–1200,Minia University,Egypt,"72,863",16.5,1%,57 : 43,
2026,1001–1200,Montana State University,United States,"14,162",17.3,2%,48 : 52,
2026,1001–1200,Moscow Technical University of Communications and Informatics,Russian Federation,"6,443",24.5,6%,21 : 79,
2026,1001–1200,Multimedia University,Malaysia,"8,957",12.9,17%,45 : 55,
2026,1001–1200,National Central University,Taiwan,"11,391",10.1,7%,37 : 63,
2026,1001–1200,"National Institute of Technology, Raipur",India,"5,465",20.1,0%,24 : 76,
2026,1001–1200,New Valley University,Egypt,"3,856",8.6,0%,68 : 32,
2026,1001–1200,Nguyen Tat Thanh University,Vietnam,"34,341",24.4,1%,54 : 46,
2026,1001–1200,Nippon Medical School,Japan,970,1.0,1%,32 : 68,
2026,1001–1200,Northwest University (China),China,"26,259",13.2,3%,54 : 46,
2026,1001–1200,Nova Southeastern University,United States,"18,393",16.2,6%,71 : 29,
2026,1001–1200,Novosibirsk State University,Russian Federation,"7,300",6.6,23%,,
2026,1001–1200,Okayama University,Japan,"13,057",10.3,9%,40 : 60,
2026,1001–1200,O.P. Jindal Global University,India,"8,674",7.9,1%,50 : 50,
2026,1001–1200,Palacký University Olomouc,Czechia,"19,564",14.8,13%,68 : 32,
2026,1001–1200,PMAS Arid Agriculture University Rawalpindi,Pakistan,"10,983",36.5,0%,45 : 55,
2026,1001–1200,Pontifical Catholic University of Rio Grande do Sul (PUCRS),Brazil,"13,166",23.8,1%,52 : 48,
2026,1001–1200,Riga Technical University,Latvia,"10,472",31.7,33%,35 : 65,
2026,1001–1200,Riphah International University,Pakistan,"26,970",11.9,0%,58 : 42,
2026,1001–1200,San Diego State University,United States,"33,402",25.5,4%,59 : 41,
2026,1001–1200,Sechenov University,Russian Federation,"21,906",11.3,23%,65 : 35,
2026,1001–1200,Selçuk University,Turkey,"29,826",21.4,8%,51 : 49,
2026,1001–1200,Semnan University,Iran,"15,754",28.9,6%,53 : 47,
2026,1001–1200,Shanghai Normal University,China,"30,111",14.1,2%,70 : 30,
2026,1001–1200,Shantou University,China,"21,935",16.7,1%,48 : 52,
2026,1001–1200,Shaqra University,Saudi Arabia,"20,402",15.5,1%,59 : 41,
2026,1001–1200,Silesian University of Technology,Poland,"16,354",11.2,6%,31 : 69,
2026,1001–1200,South Dakota Mines,United States,"2,057",12.5,5%,24 : 76,
2026,1001–1200,SRM Institute of Science and Technology,India,"53,777",13.1,2%,43 : 57,
2026,1001–1200,Suez University,Egypt,"18,398",16.9,3%,56 : 44,
2026,1001–1200,Sumy State University,Ukraine,"7,608",13.1,7%,39 : 61,
2026,1001–1200,Taibah University,Saudi Arabia,"45,990",19.5,2%,63 : 37,
2026,1001–1200,Taiz University,Yemen,"32,637",15.0,1%,36 : 64,
2026,1001–1200,Tallinn University,Estonia,"3,770",7.9,11%,72 : 28,
2026,1001–1200,Tanta University,Egypt,"128,933",20.0,1%,54 : 46,
2026,1001–1200,Tashkent State Technical University,Uzbekistan,"14,012",13.9,1%,18 : 82,
2026,1001–1200,Technical University of Madrid,Spain,"39,646",15.7,16%,34 : 66,
2026,1001–1200,Technische Universität Ilmenau,Germany,"4,752",17.8,40%,29 : 71,
2026,1001–1200,The Hashemite University,Jordan,"21,051",23.5,13%,64 : 36,
2026,1001–1200,The New School,United States,"9,536",10.1,38%,75 : 25,
2026,1001–1200,The University of Haripur,Pakistan,"7,331",29.8,1%,40 : 60,
2026,1001–1200,Tishk International University,Iraq,"4,665",16.1,1%,50 : 50,
2026,1001–1200,Tokyo Medical University,Japan,"1,322",3.4,1%,51 : 49,
2026,1001–1200,TU Bergakademie Freiberg,Germany,"4,242",10.8,55%,33 : 67,
2026,1001–1200,Universidade Federal de Santa Catarina,Brazil,"36,229",14.9,3%,50 : 50,
2026,1001–1200,Universidad Peruana Cayetano Heredia,Peru,"8,598",15.1,1%,67 : 33,
2026,1001–1200,Universitas Sebelas Maret,Indonesia,"27,604",16.7,3%,65 : 35,
2026,1001–1200,Universitat Internacional de Catalunya,Spain,"5,729",4.5,32%,65 : 35,
2026,1001–1200,Université Bourgogne Europe,France,"33,421",28.3,12%,58 : 42,
2026,1001–1200,Universiti Malaysia Sarawak (UNIMAS),Malaysia,"11,981",15.5,14%,70 : 30,
2026,1001–1200,Universiti Malaysia Terengganu (UMT),Malaysia,"9,037",13.7,11%,69 : 31,
2026,1001–1200,Universiti Sultan Zainal Abidin,Malaysia,"11,380",14.8,7%,66 : 34,
2026,1001–1200,Universiti Tunku Abdul Rahman (UTAR),Malaysia,"15,730",12.9,13%,52 : 48,
2026,1001–1200,University of Algarve,Portugal,"9,726",15.3,19%,55 : 45,
2026,1001–1200,University of Alicante,Spain,"21,841",13.4,9%,59 : 41,
2026,1001–1200,University of Almería,Spain,"13,100",16.9,12%,56 : 44,
2026,1001–1200,University of Angers,France,"25,244",26.0,14%,65 : 35,
2026,1001–1200,University of Bahrain,Bahrain,"22,268",25.2,6%,73 : 27,
2026,1001–1200,University of Bedfordshire,United Kingdom,"12,295",25.1,68%,61 : 39,
2026,1001–1200,University of Belgrade,Serbia,"91,512",18.1,5%,61 : 39,
2026,1001–1200,University of Bisha,Saudi Arabia,"14,581",12.2,2%,63 : 37,
2026,1001–1200,University of Botswana,Botswana,"18,913",25.1,5%,61 : 39,
2026,1001–1200,University of Bucharest,Romania,"31,127",32.1,2%,70 : 30,
2026,1001–1200,University of Camerino (Unicam),Italy,"7,780",26.1,13%,51 : 49,
2026,1001–1200,University of Campania Luigi Vanvitelli,Italy,"33,016",27.1,2%,55 : 45,
2026,1001–1200,University of Castilla-La Mancha,Spain,"25,421",13.5,10%,57 : 43,
2026,1001–1200,University of Chile,Chile,"42,010",17.3,3%,49 : 51,
2026,1001–1200,University of Clermont Auvergne,France,"35,429",19.9,15%,59 : 41,
2026,1001–1200,University of Colombo,Sri Lanka,"35,859",32.1,1%,61 : 39,
2026,1001–1200,University of East London,United Kingdom,"18,135",28.6,57%,49 : 51,
2026,1001–1200,"University of Education, Lahore",Pakistan,"29,744",17.4,0%,57 : 43,
2026,1001–1200,"University of Engineering and Technology, Peshawar",Pakistan,"7,425",16.6,2%,13 : 87,
2026,1001–1200,University of Ghana,Ghana,"72,334",46.5,1%,49 : 51,
2026,1001–1200,University of Girona,Spain,"14,130",21.4,14%,58 : 42,
2026,1001–1200,University of Gloucestershire,United Kingdom,"7,140",15.5,20%,60 : 40,
2026,1001–1200,University of Hafr Al Batin,Saudi Arabia,"13,026",17.0,6%,59 : 41,
2026,1001–1200,University of Hradec Králové,Czechia,"6,300",12.2,3%,63 : 37,
2026,1001–1200,University of Hyderabad,India,"5,071",12.7,1%,46 : 54,
2026,1001–1200,University of Kashan,Iran,"8,035",23.4,26%,45 : 55,
2026,1001–1200,University of Kurdistan,Iran,"10,254",24.9,5%,56 : 44,
2026,1001–1200,University of la Costa,Colombia,"11,922",28.5,1%,45 : 55,
2026,1001–1200,University of La Laguna,Spain,"18,459",12.8,5%,57 : 43,
2026,1001–1200,University of Lancashire,United Kingdom,"21,550",15.3,35%,58 : 42,
2026,1001–1200,University of Latvia,Latvia,"11,634",30.9,9%,67 : 33,
2026,1001–1200,University of Medicine and Pharmacy of Craiova,Romania,"4,578",9.3,14%,70 : 30,
2026,1001–1200,University of Memphis,United States,"15,761",14.3,10%,60 : 40,
2026,1001–1200,University of Mohaghegh Ardabili,Iran,"15,213",34.4,10%,52 : 48,
2026,1001–1200,University of Murcia,Spain,"26,754",15.2,5%,63 : 37,
2026,1001–1200,University of Okara,Pakistan,"19,640",145.5,0%,36 : 64,
2026,1001–1200,University of Oviedo,Spain,"18,268",9.0,7%,53 : 47,
2026,1001–1200,University of Pécs,Hungary,"15,829",15.2,24%,60 : 40,
2026,1001–1200,University of Peshawar,Pakistan,"19,301",34.0,0%,24 : 76,
2026,1001–1200,University of Piraeus,Greece,"14,493",58.2,2%,43 : 57,
2026,1001–1200,University of Rajshahi,Bangladesh,"19,819",17.8,0%,36 : 64,
2026,1001–1200,University of Sadat City,Egypt,"36,086",55.3,1%,48 : 52,
2026,1001–1200,University of Sannio,Italy,"2,637",12.9,4%,47 : 53,
2026,1001–1200,University of Savoie Mont Blanc,France,"14,444",24.6,11%,50 : 50,
2026,1001–1200,University of Seoul,South Korea,"9,555",13.5,7%,44 : 56,
2026,1001–1200,University of South Bohemia in České Budějovice,Czechia,"9,375",14.0,10%,69 : 31,
2026,1001–1200,University of South Dakota,United States,"6,756",15.3,5%,63 : 37,
2026,1001–1200,University of Sulaimani,Iraq,"24,212",11.6,0%,61 : 39,
2026,1001–1200,University of Szeged,Hungary,"21,326",13.2,19%,56 : 44,
2026,1001–1200,University of Tarapacá,Chile,"10,738",29.9,3%,54 : 46,
2026,1001–1200,"University of Technology, Iraq",Iraq,"12,215",6.9,0%,47 : 53,
2026,1001–1200,University of Texas at El Paso,United States,"17,147",21.7,6%,55 : 45,
2026,1001–1200,University of the Aegean,Greece,"21,442",58.4,2%,55 : 45,
2026,1001–1200,"University of the Andes, Colombia",Colombia,"15,735",14.1,2%,46 : 54,
2026,1001–1200,University of the Free State,South Africa,"31,599",30.9,2%,64 : 36,
2026,1001–1200,University of the South Pacific,Fiji,"10,583",32.6,19%,59 : 41,
2026,1001–1200,University of Thessaly,Greece,"26,976",28.7,3%,51 : 49,
2026,1001–1200,University of Tours,France,"29,179",18.1,13%,61 : 39,
2026,1001–1200,University of Zaragoza,Spain,"27,923",11.2,8%,54 : 46,
2026,1001–1200,Veltech University,India,"11,475",15.6,2%,20 : 80,
2026,1001–1200,Yokohama City University,Japan,"5,142",5.4,3%,55 : 45,
2026,1001–1200,York St John University,United Kingdom,"8,150",20.6,30%,62 : 38,
2026,1001–1200,Zagazig University,Egypt,"172,762",21.8,3%,52 : 48,
2026,1001–1200,ZHAW Zurich University of Applied Sciences,Switzerland,"11,059",12.0,12%,54 : 46,
2026,1201–1500,Adolfo Ibáñez University,Chile,"10,615",20.9,5%,38 : 62,
2026,1201–1500,Ahmadu Bello University,Nigeria,"46,669",16.5,0%,37 : 63,
2026,1201–1500,Aichi Medical University,Japan,"1,285",2.8,1%,58 : 42,
2026,1201–1500,Akdeniz University,Turkey,"39,309",29.4,4%,54 : 46,
2026,1201–1500,Al-Baha University,Saudi Arabia,"17,782",12.7,2%,55 : 45,
2026,1201–1500,Al-Farabi Kazakh National University,Kazakhstan,"20,321",4.5,26%,61 : 39,
2026,1201–1500,Al-Hussein Bin Talal University,Jordan,"12,333",33.2,1%,55 : 45,
2026,1201–1500,American International University – Bangladesh,Bangladesh,"13,515",21.8,2%,26 : 74,
2026,1201–1500,"Amity University, Gurugram",India,"5,677",14.8,1%,52 : 48,
2026,1201–1500,Ankara University,Turkey,"46,452",19.7,7%,57 : 43,
2026,1201–1500,Ariel University,Israel,"12,587",18.4,1%,50 : 50,
2026,1201–1500,Assiut University,Egypt,"86,744",13.2,5%,51 : 49,
2026,1201–1500,Austral University,Argentina,"6,488",10.8,8%,55 : 45,
2026,1201–1500,Autonomous University of Sinaloa,Mexico,"79,206",17.3,9%,55 : 45,
2026,1201–1500,Azarbaijan Shahid Madani University,Iran,"7,326",17.8,9%,57 : 43,
2026,1201–1500,Babeş-Bolyai University,Romania,"40,388",18.8,5%,64 : 36,
2026,1201–1500,Banasthali University,India,"12,751",22.4,2%,99 : 1,
2026,1201–1500,Benha University,Egypt,"111,190",28.9,1%,46 : 54,
2026,1201–1500,Bharathidasan University,India,"3,430",20.1,0%,53 : 47,
2026,1201–1500,BINUS University,Indonesia,"15,258",13.9,4%,41 : 59,
2026,1201–1500,Biruni University,Turkey,"12,510",22.2,17%,70 : 30,
2026,1201–1500,Botswana International University of Science and Technology (BIUST),Botswana,"2,491",12.2,10%,37 : 63,
2026,1201–1500,Brno University of Technology,Czechia,"17,555",14.5,26%,28 : 72,
2026,1201–1500,Brock University,Canada,"21,118",22.0,19%,57 : 43,
2026,1201–1500,Bu-Ali Sina University,Iran,"10,698",24.0,7%,58 : 42,
2026,1201–1500,Budapest University of Technology and Economics,Hungary,"18,656",16.3,15%,32 : 68,
2026,1201–1500,Canterbury Christ Church University,United Kingdom,"23,395",38.4,55%,57 : 43,
2026,1201–1500,Changzhou University,China,"29,126",17.0,2%,,
2026,1201–1500,Chaoyang University of Technology,Taiwan,"13,390",34.9,6%,55 : 45,
2026,1201–1500,Chaudhary Charan Singh University - Meerut,India,"3,519",15.0,0%,36 : 64,
2026,1201–1500,Chittagong University of Engineering & Technology,Bangladesh,"5,758",17.4,0%,23 : 77,
2026,1201–1500,Chung Yuan Christian University,Taiwan,"14,676",30.2,8%,47 : 53,
2026,1201–1500,Comenius University Bratislava,Slovakia,"22,226",10.4,17%,65 : 35,
2026,1201–1500,Czech Technical University in Prague,Czechia,"15,476",8.2,21%,31 : 69,
2026,1201–1500,Damanhour University,Egypt,"52,549",34.5,0%,62 : 38,
2026,1201–1500,Democritus University of Thrace,Greece,"23,828",33.9,4%,57 : 43,
2026,1201–1500,Diego Portales University,Chile,"18,505",17.1,3%,50 : 50,
2026,1201–1500,DIT University,India,"5,304",15.8,3%,31 : 69,
2026,1201–1500,"Dr D. Y. Patil Vidyapeeth, Pune",India,"5,568",10.2,2%,62 : 38,
2026,1201–1500,Duzce University,Turkey,"21,362",32.2,7%,46 : 54,
2026,1201–1500,Ege University,Turkey,"30,191",13.7,4%,53 : 47,
2026,1201–1500,Erciyes University,Turkey,"37,763",26.1,9%,50 : 50,
2026,1201–1500,Fayoum University,Egypt,"52,796",16.3,1%,62 : 38,
2026,1201–1500,Federal University of São Carlos,Brazil,"20,250",14.2,1%,50 : 50,
2026,1201–1500,"Federal University of Technology, Minna",Nigeria,"26,887",23.7,0%,22 : 78,
2026,1201–1500,Fu Jen Catholic University,Taiwan,"19,288",25.9,5%,59 : 41,
2026,1201–1500,Galgotias University,India,"18,462",14.8,3%,36 : 64,
2026,1201–1500,Gauhati University,India,"5,733",12.7,0%,60 : 40,
2026,1201–1500,Gazi University,Turkey,"44,013",19.9,4%,52 : 48,
2026,1201–1500,Gebze Technical University,Turkey,"8,171",25.3,5%,45 : 55,
2026,1201–1500,Gifu University,Japan,"7,064",15.3,4%,38 : 62,
2026,1201–1500,Guru Jambheshwar University of Science and Technology,India,"7,520",18.9,0%,45 : 55,
2026,1201–1500,Gyeongsang National University,South Korea,"16,298",12.6,2%,44 : 56,
2026,1201–1500,Hakim Sabzevari University,Iran,"11,500",24.4,4%,60 : 40,
2026,1201–1500,Hallym University,South Korea,"7,676",8.5,4%,,
2026,1201–1500,Hangzhou Dianzi University (HDU),China,"27,192",15.7,4%,24 : 76,
2026,1201–1500,HES-SO University of Applied Sciences and Arts of Western Switzerland,Switzerland,"17,517",6.0,29%,54 : 46,
2026,1201–1500,Hindustan Institute of Technology and Science,India,"7,766",10.6,6%,40 : 60,
2026,1201–1500,Hitotsubashi University,Japan,"6,105",14.6,14%,33 : 67,
2026,1201–1500,Ho Chi Minh City Open University,Vietnam,"29,906",45.6,0%,64 : 36,
2026,1201–1500,Holy Spirit University of Kaslik,Lebanon,"7,374",13.0,14%,55 : 45,
2026,1201–1500,Hosei University,Japan,"28,578",37.4,5%,39 : 61,
2026,1201–1500,Huaqiao University,China,"35,586",18.0,21%,48 : 52,
2026,1201–1500,Hungarian University of Agriculture and Life Sciences,Hungary,"9,478",11.0,16%,59 : 41,
2026,1201–1500,Hyogo Medical University,Japan,"2,613",4.7,1%,59 : 41,
2026,1201–1500,Ibn Tofaïl University,Morocco,"60,057",73.1,3%,58 : 42,
2026,1201–1500,Ibn Zohr University,Morocco,"145,463",130.0,1%,50 : 50,
2026,1201–1500,Icesi University,Colombia,"5,974",11.9,3%,52 : 48,
2026,1201–1500,IFHE Hyderabad,India,"8,438",18.7,0%,42 : 58,
2026,1201–1500,I. Horbachevsky Ternopil National Medical University,Ukraine,"5,206",8.0,18%,71 : 29,
2026,1201–1500,Ilam University,Iran,"4,588",19.0,10%,49 : 51,
2026,1201–1500,Ilia State University,Georgia,"16,579",12.2,5%,61 : 39,
2026,1201–1500,Immanuel Kant Baltic Federal University,Russian Federation,"6,711",16.3,19%,58 : 42,
2026,1201–1500,Incheon National University,South Korea,"17,160",21.2,3%,39 : 61,
2026,1201–1500,Indian Institute of Science Education and Research Bhopal,India,"2,194",14.2,0%,39 : 61,
2026,1201–1500,"Indian Institute of Science Education and Research, Pune",India,"1,816",11.9,0%,32 : 68,
2026,1201–1500,Inönü University,Turkey,"26,262",29.7,3%,52 : 48,
2026,1201–1500,Institut Teknologi Bandung,Indonesia,"28,425",19.4,6%,44 : 56,
2026,1201–1500,I-Shou University,Taiwan,"10,364",26.8,15%,50 : 50,
2026,1201–1500,Istanbul Medeniyet University,Turkey,"14,298",15.2,3%,52 : 48,
2026,1201–1500,Istanbul University,Turkey,"55,489",22.0,8%,56 : 44,
2026,1201–1500,Istanbul University-Cerrahpaşa,Turkey,"23,338",18.0,6%,52 : 48,
2026,1201–1500,Iuliu Haţieganu University of Medicine and Pharmacy Cluj-Napoca,Romania,"8,247",8.7,37%,68 : 32,
2026,1201–1500,Jeju National University,South Korea,"10,335",15.0,4%,53 : 47,
2026,1201–1500,Jiangxi Normal University (JXNU),China,"35,356",20.5,0%,67 : 33,
2026,1201–1500,Kangwon National University,South Korea,"20,621",20.1,3%,42 : 58,
2026,1201–1500,Kansai Medical University,Japan,"1,545",2.9,2%,57 : 43,
2026,1201–1500,Karunya Institute of Technology and Sciences,India,"7,715",15.2,0%,37 : 63,
2026,1201–1500,Kashan University of Medical Sciences and Health Services,Iran,"3,416",0.7,4%,57 : 43,
2026,1201–1500,Kharazmi University,Iran,"12,192",16.3,3%,55 : 45,
2026,1201–1500,Khon Kaen University,Thailand,"32,602",16.3,2%,61 : 39,
2026,1201–1500,Khulna University,Bangladesh,"8,131",13.9,0%,45 : 55,
2026,1201–1500,Kindai University,Japan,"34,923",23.2,2%,32 : 68,
2026,1201–1500,King Mongkut's University of Technology North Bangkok,Thailand,"27,960",22.6,1%,40 : 60,
2026,1201–1500,Kohat University of Science and Technology,Pakistan,"10,175",45.4,0%,25 : 75,
2026,1201–1500,Kookmin University,South Korea,"15,777",18.5,13%,49 : 51,
2026,1201–1500,Kurume University,Japan,"4,659",8.1,1%,,
2026,1201–1500,Kuwait University,Kuwait,"29,943",18.3,13%,73 : 27,
2026,1201–1500,Kwame Nkrumah University of Science and Technology,Ghana,"76,838",46.8,1%,39 : 61,
2026,1201–1500,Kyushu Institute of Technology (Kyutech),Japan,"5,616",16.1,4%,14 : 86,
2026,1201–1500,Lahore College for Women University (LCWU),Pakistan,"10,137",21.0,0%,100 : 0,
2026,1201–1500,Lebanese University,Lebanon,"44,105",13.6,18%,55 : 45,
2026,1201–1500,Lorestan University,Iran,"9,397",23.7,7%,46 : 54,
2026,1201–1500,Madan Mohan Malaviya University of Technology,India,"3,276",11.1,0%,44 : 56,
2026,1201–1500,Maharishi Markandeshwar University (MMU),India,"11,662",12.5,6%,43 : 57,
2026,1201–1500,Manipal University Jaipur,India,"12,438",14.0,5%,46 : 54,
2026,1201–1500,Mawlana Bhashani Science and Technology University,Bangladesh,"4,644",17.1,0%,41 : 59,
2026,1201–1500,Medical University of Bialystok,Poland,"5,930",12.5,8%,77 : 23,
2026,1201–1500,Medical University of Lublin,Poland,"6,902",5.9,13%,73 : 27,
2026,1201–1500,Medical University of Silesia in Katowice,Poland,"10,184",6.9,5%,74 : 26,
2026,1201–1500,"Mehran University of Engineering and Technology, Jamshoro, Pakistan",Pakistan,"8,176",18.4,0%,25 : 75,
2026,1201–1500,Mendel University in Brno,Czechia,"9,185",16.2,17%,54 : 46,
2026,1201–1500,Menoufia University,Egypt,"129,699",26.1,1%,45 : 55,
2026,1201–1500,Miguel Hernández University of Elche,Spain,"11,551",15.2,11%,52 : 48,
2026,1201–1500,M. Kumarasamy College of Engineering,India,"4,228",17.8,0%,47 : 53,
2026,1201–1500,"MNS University of Agriculture, Multan",Pakistan,"4,477",22.5,0%,28 : 72,
2026,1201–1500,Mohammed V University of Rabat,Morocco,"82,902",37.8,4%,55 : 45,
2026,1201–1500,Mutah University,Jordan,"15,579",21.6,13%,53 : 47,
2026,1201–1500,Nagasaki University,Japan,"8,747",6.7,5%,39 : 61,
2026,1201–1500,Nagoya City University,Japan,"4,602",5.8,4%,54 : 46,
2026,1201–1500,National Chengchi University,Taiwan,"13,230",15.7,16%,57 : 43,
2026,1201–1500,National Chung Cheng University,Taiwan,"9,183",14.8,4%,46 : 54,
2026,1201–1500,National Chung Hsing University,Taiwan,"16,156",13.0,9%,43 : 57,
2026,1201–1500,National Dong Hwa University,Taiwan,"10,094",18.4,10%,54 : 46,
2026,1201–1500,National Institute of Technology Delhi,India,"1,329",13.8,3%,49 : 51,
2026,1201–1500,National Institute of Technology Meghalaya,India,"1,020",13.2,3%,20 : 80,
2026,1201–1500,National Institute of Technology Srinagar,India,"3,598",13.3,0%,23 : 77,
2026,1201–1500,National Institute of Technology Warangal,India,"6,938",16.5,5%,21 : 79,
2026,1201–1500,National Kaohsiung University of Science and Technology,Taiwan,"28,069",32.6,2%,36 : 64,
2026,1201–1500,National Taipei University of Technology,Taiwan,"10,608",12.4,5%,29 : 71,
2026,1201–1500,National Taiwan Ocean University,Taiwan,"8,418",16.1,8%,32 : 68,
2026,1201–1500,National Textile University,Pakistan,"3,839",17.5,0%,30 : 70,
2026,1201–1500,National University of Computer and Emerging Sciences,Pakistan,"17,199",22.4,2%,26 : 74,
2026,1201–1500,National University of Distance Education (UNED),Spain,"64,730",50.0,4%,58 : 42,
2026,1201–1500,National University of Uzbekistan named after Mirzo Ulugbek,Uzbekistan,"19,704",19.3,4%,48 : 52,
2026,1201–1500,Necmettin Erbakan University,Turkey,"18,947",12.0,13%,52 : 48,
2026,1201–1500,Nelson Mandela University,South Africa,"24,272",34.8,2%,60 : 40,
2026,1201–1500,Netaji Subhas University of Technology,India,"8,856",15.5,2%,22 : 78,
2026,1201–1500,Nicolaus Copernicus University in Toruń,Poland,"17,163",11.1,6%,67 : 33,
2026,1201–1500,Niigata University,Japan,"11,826",7.1,3%,37 : 63,
2026,1201–1500,Nitte (Deemed to be University),India,"5,020",8.9,2%,67 : 33,
2026,1201–1500,Noakhali Science and Technology University (NSTU),Bangladesh,"9,184",22.2,0%,44 : 56,
2026,1201–1500,Oakland University,United States,"12,914",15.8,4%,58 : 42,
2026,1201–1500,October 6 University,Egypt,"28,613",15.3,7%,53 : 47,
2026,1201–1500,Opole University of Technology,Poland,"4,752",14.6,9%,30 : 70,
2026,1201–1500,Osaka Metropolitan University,Japan,"15,703",8.7,4%,37 : 63,
2026,1201–1500,Osmania University,India,"10,493",25.3,2%,48 : 52,
2026,1201–1500,Pavol Jozef Šafárik University in Košice,Slovakia,"6,854",9.1,25%,67 : 33,
2026,1201–1500,Persian Gulf University,Iran,"4,978",21.2,7%,57 : 43,
2026,1201–1500,Pondicherry University,India,"9,378",20.3,0%,46 : 54,
2026,1201–1500,Pontifícia Universidade Católica do Paraná,Brazil,"11,606",12.7,1%,54 : 46,
2026,1201–1500,Port Said University,Egypt,"31,634",33.5,1%,55 : 45,
2026,1201–1500,Poznań University of Life Sciences,Poland,"5,626",7.7,8%,59 : 41,
2026,1201–1500,Poznan University of Medical Sciences,Poland,"7,512",5.7,10%,73 : 27,
2026,1201–1500,Prince of Songkla University,Thailand,"33,623",13.1,2%,68 : 32,
2026,1201–1500,Public University of Navarre,Spain,"8,824",11.4,9%,52 : 48,
2026,1201–1500,Pukyong National University,South Korea,"16,710",18.1,8%,47 : 53,
2026,1201–1500,Reshetnev Siberian State University of Science and Technology,Russian Federation,"9,412",11.3,4%,34 : 66,
2026,1201–1500,Riga Stradiņš University,Latvia,"8,229",24.6,35%,75 : 25,
2026,1201–1500,Rowan University,United States,"17,484",13.3,6%,50 : 50,
2026,1201–1500,Sahand University of Technology,Iran,"6,325",28.6,12%,43 : 57,
2026,1201–1500,Sakarya University,Turkey,"41,615",36.6,9%,52 : 48,
2026,1201–1500,Salahaddin University–Erbil,Iraq,"26,525",10.5,1%,54 : 46,
2026,1201–1500,Sapporo Medical University,Japan,"1,307",3.3,0%,45 : 55,
2026,1201–1500,SASTRA University,India,"11,847",13.9,0%,51 : 49,
2026,1201–1500,Sathyabama Institute of Science and Technology,India,"17,560",12.5,4%,49 : 51,
2026,1201–1500,Saudi Electronic University,Saudi Arabia,"32,325",36.4,8%,46 : 54,
2026,1201–1500,Sefako Makgatho Health Sciences University,South Africa,"5,570",7.1,2%,65 : 35,
2026,1201–1500,Seoul National University of Science and Technology (SeoulTech),South Korea,"8,106",11.8,13%,38 : 62,
2026,1201–1500,Shahid Bahonar University of Kerman,Iran,"13,683",22.7,2%,60 : 40,
2026,1201–1500,​Shahid Chamran University of Ahvaz,Iran,"13,351",22.4,2%,57 : 43,
2026,1201–1500,Shahrekord University,Iran,"7,567",20.1,4%,53 : 47,
2026,1201–1500,Shahrood University of Technology,Iran,"9,421",21.8,5%,46 : 54,
2026,1201–1500,Shiga University of Medical Science,Japan,"1,136",3.0,4%,52 : 48,
2026,1201–1500,Shinshu University,Japan,"10,657",10.6,3%,33 : 67,
2026,1201–1500,"Shivaji University, Kolhapur",India,"6,263",15.4,0%,43 : 57,
2026,1201–1500,Shiv Nadar University,India,"2,290",9.2,2%,43 : 57,
2026,1201–1500,Sidi Mohamed Ben Abdellah University,Morocco,"100,319",44.4,2%,54 : 46,
2026,1201–1500,Slovak University of Agriculture in Nitra,Slovakia,"4,478",12.5,5%,54 : 46,
2026,1201–1500,Sohag University,Egypt,"67,926",22.2,1%,58 : 42,
2026,1201–1500,Soonchunhyang University,South Korea,"8,983",19.4,6%,50 : 50,
2026,1201–1500,South Valley University  (Egypt),Egypt,"65,017",29.3,0%,56 : 44,
2026,1201–1500,St Francis Xavier University,Canada,"4,575",17.9,7%,62 : 38,
2026,1201–1500,Suez Canal University,Egypt,"51,841",14.4,2%,45 : 55,
2026,1201–1500,Süleyman Demirel University,Turkey,"32,526",28.9,5%,52 : 48,
2026,1201–1500,Suranaree University of Technology,Thailand,"14,931",27.9,1%,53 : 47,
2026,1201–1500,SWPS University,Poland,"14,605",31.5,7%,77 : 23,
2026,1201–1500,Technological University Dublin,Ireland,"19,364",17.0,22%,43 : 57,
2026,1201–1500,Texas State University,United States,"31,552",19.7,2%,61 : 39,
2026,1201–1500,Tezpur University,India,"4,573",13.0,0%,45 : 55,
2026,1201–1500,Thammasat University,Thailand,"39,733",14.8,1%,64 : 36,
2026,1201–1500,The British University in Egypt,Egypt,"11,180",21.8,4%,51 : 49,
2026,1201–1500,The Jikei University School of Medicine,Japan,"1,077",0.8,1%,52 : 48,
2026,1201–1500,The John Paul II Catholic University of Lublin,Poland,"8,436",8.4,9%,65 : 35,
2026,1201–1500,The University of Electro-Communications,Japan,"4,621",14.6,5%,12 : 88,
2026,1201–1500,The University of the West Indies,Jamaica,"22,060",15.6,1%,71 : 29,
2026,1201–1500,Tianjin Normal University,China,"23,254",14.3,6%,,
2026,1201–1500,TOBB University of Economics and Technology,Turkey,"5,255",13.4,1%,47 : 53,
2026,1201–1500,Tokai University,Japan,"28,774",16.6,5%,29 : 71,
2026,1201–1500,Tokushima University,Japan,"7,395",9.5,2%,36 : 64,
2026,1201–1500,Tokyo University of Agriculture and Technology,Japan,"5,923",14.2,7%,36 : 64,
2026,1201–1500,Tokyo University of Science,Japan,"18,002",24.1,4%,25 : 75,
2026,1201–1500,Tomas Bata University in Zlín,Czechia,"8,964",18.4,12%,56 : 44,
2026,1201–1500,Toyohashi University of Technology (TUT),Japan,"1,998",10.2,13%,14 : 86,
2026,1201–1500,Tzu Chi University,Taiwan,"3,102",9.2,7%,61 : 39,
2026,1201–1500,Universidad Católica San Antonio de Murcia (UCAM),Spain,"12,966",20.1,18%,56 : 44,
2026,1201–1500,Universidad del Desarrollo,Chile,"17,491",17.7,4%,57 : 43,
2026,1201–1500,Universidade Eduardo Mondlane,Mozambique,"41,967",24.9,1%,44 : 56,
2026,1201–1500,Universidade Federal de Pernambuco,Brazil,"36,048",13.2,0%,52 : 48,
2026,1201–1500,Universidade Federal do Paraná (UFPR),Brazil,"33,204",12.2,8%,50 : 50,
2026,1201–1500,Universidad San Francisco de Quito,Ecuador,"8,153",9.0,4%,50 : 50,
2026,1201–1500,Universitas Airlangga,Indonesia,"32,097",7.2,8%,66 : 34,
2026,1201–1500,Universitas Gadjah Mada,Indonesia,"40,174",8.1,5%,58 : 42,
2026,1201–1500,Universitas Muhammadiyah Surakarta,Indonesia,"21,386",16.3,0%,59 : 41,
2026,1201–1500,Universitas Padjadjaran,Indonesia,"32,501",7.6,5%,61 : 39,
2026,1201–1500,Université de Poitiers,France,"28,005",17.7,13%,59 : 41,
2026,1201–1500,Université Djillali Liabès de Sidi Bel-Abbès,Algeria,"29,211",17.9,1%,55 : 45,
2026,1201–1500,Université d’Orléans,France,"18,607",19.8,15%,50 : 50,
2026,1201–1500,University of A Coruña,Spain,"15,460",12.6,6%,52 : 48,
2026,1201–1500,University of Anbar,Iraq,"27,797",11.1,1%,57 : 43,
2026,1201–1500,University of Antioquia,Colombia,"37,677",18.4,0%,52 : 48,
2026,1201–1500,University of Brasília,Brazil,"43,678",14.4,1%,53 : 47,
2026,1201–1500,University of Burgos,Spain,"8,300",14.2,5%,56 : 44,
2026,1201–1500,University of Cadiz,Spain,"18,319",15.7,10%,61 : 39,
2026,1201–1500,"University of Chemistry and Technology, Prague",Czechia,"4,505",8.8,29%,57 : 43,
2026,1201–1500,University of Chittagong,Bangladesh,"26,397",24.0,0%,41 : 59,
2026,1201–1500,University of Colima,Mexico,"14,655",6.5,0%,52 : 48,
2026,1201–1500,University of Concepción,Chile,"29,870",17.0,2%,52 : 48,
2026,1201–1500,University of Deusto,Spain,"10,138",18.7,11%,56 : 44,
2026,1201–1500,University of Duhok,Iraq,"20,093",10.0,1%,53 : 47,
2026,1201–1500,University of El Oued,Algeria,"22,276",19.9,0%,62 : 38,
2026,1201–1500,University of Engineering & Technology (UET) Lahore,Pakistan,"13,860",13.5,2%,33 : 67,
2026,1201–1500,University of Évora,Portugal,"8,196",14.0,17%,58 : 42,
2026,1201–1500,University of Guilan,Iran,"17,021",31.2,1%,58 : 42,
2026,1201–1500,"University of Health Sciences, Turkey",Turkey,"24,562",6.1,11%,51 : 49,
2026,1201–1500,University of Ilorin,Nigeria,"48,498",34.3,0%,50 : 50,
2026,1201–1500,University of Ioannina,Greece,"33,322",38.1,3%,54 : 46,
2026,1201–1500,University of Isfahan,Iran,"17,094",22.6,5%,58 : 42,
2026,1201–1500,University of Jeddah,Saudi Arabia,"30,321",16.0,2%,67 : 33,
2026,1201–1500,University of Jendouba,Tunisia,"12,953",21.4,0%,71 : 29,
2026,1201–1500,University of Jos,Nigeria,"37,605",23.6,0%,47 : 53,
2026,1201–1500,University of Kerala,India,"3,615",12.2,5%,71 : 29,
2026,1201–1500,University of La Frontera,Chile,"11,481",20.2,1%,50 : 50,
2026,1201–1500,University of La Serena,Chile,"7,657",22.4,1%,50 : 50,
2026,1201–1500,University of Las Palmas de Gran Canaria,Spain,"16,681",18.2,8%,57 : 43,
2026,1201–1500,University of León,Spain,"9,699",10.9,5%,54 : 46,
2026,1201–1500,University of Malaga,Spain,"36,545",13.6,6%,54 : 46,
2026,1201–1500,University of Manouba,Tunisia,"17,341",14.4,2%,58 : 42,
2026,1201–1500,University of Maragheh,Iran,"3,719",24.5,9%,59 : 41,
2026,1201–1500,University of Maribor,Slovenia,"13,082",13.9,14%,55 : 45,
2026,1201–1500,University of Mauritius,Mauritius,"9,108",26.0,7%,58 : 42,
2026,1201–1500,University of Mazandaran,Iran,"11,383",24.1,3%,64 : 36,
2026,1201–1500,University of Nebraska Omaha,United States,"13,614",17.1,5%,57 : 43,
2026,1201–1500,University of Nigeria Nsukka,Nigeria,"45,307",11.1,1%,46 : 54,
2026,1201–1500,University of Northern British Columbia (UNBC),Canada,"3,008",15.3,15%,62 : 38,
2026,1201–1500,"University of Occupational and Environmental Health, Japan",Japan,"1,145",2.4,1%,53 : 47,
2026,1201–1500,University of Peradeniya,Sri Lanka,"20,419",26.2,0%,60 : 40,
2026,1201–1500,University of Reims Champagne-Ardenne,France,"25,691",18.5,11%,58 : 42,
2026,1201–1500,University of Rouen Normandie,France,"31,367",23.8,14%,61 : 39,
2026,1201–1500,University of Sargodha,Pakistan,"22,199",29.4,0%,59 : 41,
2026,1201–1500,University of Sfax,Tunisia,"33,852",9.7,4%,65 : 35,
2026,1201–1500,University of Social Welfare and Rehabilitation Sciences,Iran,"1,538",8.8,2%,79 : 21,
2026,1201–1500,University of South Africa,South Africa,"207,954",84.5,2%,75 : 25,
2026,1201–1500,University of South Wales,United Kingdom,"17,530",16.7,31%,52 : 48,
2026,1201–1500,University of Split,Croatia,"18,811",15.0,3%,59 : 41,
2026,1201–1500,University of Staffordshire,United Kingdom,"15,275",23.0,22%,49 : 51,
2026,1201–1500,University of Technology of Compiègne,France,"4,377",16.0,18%,42 : 58,
2026,1201–1500,University of the Philippines,Philippines,"54,405",10.7,0%,57 : 43,
2026,1201–1500,University of Trás-os-Montes and Alto Douro,Portugal,"8,611",14.4,9%,53 : 47,
2026,1201–1500,University of Tripoli,Libya,"71,060",18.9,2%,63 : 37,
2026,1201–1500,University of Urbino Carlo Bo,Italy,"15,123",38.0,6%,65 : 35,
2026,1201–1500,University of Valladolid,Spain,"21,685",12.1,8%,57 : 43,
2026,1201–1500,University of West London,United Kingdom,"16,885",21.9,61%,53 : 47,
2026,1201–1500,University of Winchester,United Kingdom,"7,060",16.0,12%,66 : 34,
2026,1201–1500,University of Wrocław,Poland,"16,900",15.3,8%,66 : 34,
2026,1201–1500,University of Zagreb,Croatia,"62,046",15.8,4%,61 : 39,
2026,1201–1500,University of Žilina,Slovakia,"7,418",15.1,7%,33 : 67,
2026,1201–1500,University Rey Juan Carlos,Spain,"39,309",17.3,6%,57 : 43,
2026,1201–1500,Urmia University of Technology,Iran,"3,145",24.8,14%,29 : 71,
2026,1201–1500,USAMV Cluj-Napoca,Romania,"5,453",16.7,6%,54 : 46,
2026,1201–1500,"Vietnam National University, Hanoi",Vietnam,"67,238",18.9,0%,61 : 39,
2026,1201–1500,"Visvesvaraya National Institute of Technology, Nagpur",India,"4,762",16.5,2%,23 : 77,
2026,1201–1500,VSB - Technical University of Ostrava,Czechia,"12,121",16.2,15%,33 : 67,
2026,1201–1500,Vytautas Magnus University,Lithuania,"8,381",10.6,19%,71 : 29,
2026,1201–1500,Walailak University,Thailand,"10,993",15.2,2%,71 : 29,
2026,1201–1500,Warsaw University of Technology,Poland,"21,694",10.3,8%,31 : 69,
2026,1201–1500,Wilfrid Laurier University,Canada,"20,600",25.8,10%,,
2026,1201–1500,Woosong University,South Korea,"10,350",15.4,21%,44 : 56,
2026,1201–1500,Wrocław University of Science and Technology,Poland,"21,125",17.2,6%,33 : 67,
2026,1201–1500,Wuhan Textile University,China,"24,241",15.2,2%,50 : 50,
2026,1201–1500,Xiangtan University,China,"38,768",20.0,0%,49 : 51,
2026,1201–1500,Yanshan University,China,"38,505",12.6,1%,35 : 65,
2026,1201–1500,Yaşar University,Turkey,"5,975",10.8,3%,51 : 49,
2026,1201–1500,Yazd University,Iran,"13,519",29.7,3%,58 : 42,
2026,1201–1500,Yokohama National University,Japan,"9,459",13.2,8%,28 : 72,
2026,1201–1500,Zewail City of Science and Technology,Egypt,"1,238",5.3,0%,43 : 57,
2026,1201–1500,Zhejiang Chinese Medical University,China,"24,976",26.2,5%,63 : 37,
2026,1201–1500,Zhejiang University of Finance and Economics,China,"20,962",21.4,2%,61 : 39,
2026,1501+,Abdelmalek Essaâdi University,Morocco,"118,761",84.4,1%,53 : 47,
2026,1501+,Acharya Nagarjuna University,India,"6,220",7.6,7%,32 : 68,
2026,1501+,Acıbadem University,Turkey,"3,501",7.6,8%,73 : 27,
2026,1501+,Adana Alparslan Türkeş Science and Technology University,Turkey,"4,769",19.2,0%,43 : 57,
2026,1501+,Adelphi University,United States,"6,884",11.7,7%,70 : 30,
2026,1501+,Adıyaman University,Turkey,"18,054",21.3,3%,33 : 67,
2026,1501+,Afyonkarahisar Health Sciences University,Turkey,"4,545",12.0,3%,66 : 34,
2026,1501+,Afyon Kocatepe University,Turkey,"22,390",31.1,6%,50 : 50,
2026,1501+,AIIMS Rishikesh,India,"2,002",1.9,3%,37 : 63,
2026,1501+,Akita University,Japan,"5,042",10.6,4%,36 : 64,
2026,1501+,Aksaray University,Turkey,"16,810",16.4,10%,56 : 44,
2026,1501+,Alanya Alaaddin Keykubat University,Turkey,"9,049",21.9,7%,47 : 53,
2026,1501+,Alberto Hurtado University,Chile,"7,276",22.0,2%,58 : 42,
2026,1501+,Alexandru Ioan Cuza University,Romania,"24,352",16.9,9%,61 : 39,
2026,1501+,Al-Furat Al-Awsat Technical University,Iraq,"26,536",27.5,0%,50 : 50,
2026,1501+,Allameh Tabataba ’i University,Iran,"14,319",16.7,3%,57 : 43,
2026,1501+,Al-Muthanna University,Iraq,"10,814",11.8,0%,63 : 37,
2026,1501+,Al-Nahrain University,Iraq,"8,087",4.7,0%,57 : 43,
2026,1501+,Al-Qasim Green University,Iraq,"3,914",7.0,0%,32 : 68,
2026,1501+,Al-Quds University,Palestine,"10,065",10.9,33%,77 : 23,
2026,1501+,Altai State University,Russian Federation,"9,271",18.5,27%,56 : 44,
2026,1501+,Altınbaş University,Turkey,"11,126",24.2,51%,41 : 59,
2026,1501+,Alzahra University,Iran,"9,275",25.5,2%,100 : 0,
2026,1501+,Amity University - Kolkata,India,"5,985",15.0,10%,72 : 28,
2026,1501+,Anáhuac University,Mexico,"16,295",8.8,4%,57 : 43,
2026,1501+,Ankara Yildirim Beyazit University,Turkey,"24,127",22.3,10%,55 : 45,
2026,1501+,Antonio Nariño University,Colombia,"13,578",12.7,2%,58 : 42,
2026,1501+,Aoyama Gakuin University,Japan,"20,622",18.1,5%,49 : 51,
2026,1501+,Arak University,Iran,"6,265",19.2,13%,62 : 38,
2026,1501+,Atılım University,Turkey,"9,249",22.2,12%,46 : 54,
2026,1501+,Atma Jaya Catholic University of Indonesia,Indonesia,"7,908",17.6,7%,46 : 54,
2026,1501+,Austral University of Chile,Chile,"18,781",19.1,1%,55 : 45,
2026,1501+,Autonomous University of Baja California,Mexico,"69,358",21.2,0%,55 : 45,
2026,1501+,Autonomous University of Guerrero (UAGro),Mexico,"34,492",24.3,0%,59 : 41,
2026,1501+,Aydın Adnan Menderes University,Turkey,"13,698",13.8,2%,51 : 49,
2026,1501+,Azerbaijan State Oil and Industry University,Azerbaijan,"12,831",10.3,6%,38 : 62,
2026,1501+,Azerbaijan Technical University (AzTU),Azerbaijan,"9,118",6.9,8%,47 : 53,
2026,1501+,Babcock University,Nigeria,"13,134",28.1,0%,51 : 49,
2026,1501+,Badji Mokhtar University – Annaba,Algeria,"30,510",9.0,2%,75 : 25,
2026,1501+,Baku State University,Azerbaijan,"19,165",12.1,5%,60 : 40,
2026,1501+,Balıkesir University,Turkey,"31,117",24.9,2%,48 : 52,
2026,1501+,"Balochistan University of Information Technology, Engineering and Management Sciences (BUITEMS)",Pakistan,"15,352",24.6,0%,22 : 78,
2026,1501+,Bashkir State Medical University,Russian Federation,"14,567",9.8,36%,47 : 53,
2026,1501+,Başkent University,Turkey,"14,593",13.7,3%,59 : 41,
2026,1501+,Belarusian State University,Belarus,"23,445",8.3,22%,58 : 42,
2026,1501+,Belgorod State National Research University,Russian Federation,"17,325",21.2,22%,57 : 43,
2026,1501+,Benemérita Universidad Autónoma de Puebla,Mexico,"84,699",24.0,1%,53 : 47,
2026,1501+,Bernardo O’Higgins University,Chile,"9,085",17.7,2%,66 : 34,
2026,1501+,Beykent University,Turkey,"19,003",24.0,5%,55 : 45,
2026,1501+,Bezmiâlem Vakif University,Turkey,"2,814",8.1,5%,70 : 30,
2026,1501+,Bharati Vidyapeeth University,India,"10,893",7.6,0%,52 : 48,
2026,1501+,Bialystok University of Technology,Poland,"6,335",11.0,5%,34 : 66,
2026,1501+,Bilecik Şeyh Edebali University,Turkey,"12,222",16.7,19%,47 : 53,
2026,1501+,Blida 1 University,Algeria,"31,068",22.5,2%,65 : 35,
2026,1501+,Bogomolets National Medical University,Ukraine,"10,627",7.9,8%,,
2026,1501+,Bolu Abant Izzet Baysal University,Turkey,"26,718",24.9,16%,56 : 44,
2026,1501+,Bozok University,Turkey,"15,781",18.8,9%,51 : 49,
2026,1501+,B. S. Abdur Rahman Crescent Institute of Science and Technology,India,"9,428",16.5,0%,28 : 72,
2026,1501+,Burapha University,Thailand,"26,526",18.4,2%,68 : 32,
2026,1501+,Burdur Mehmet Akif Ersoy University,Turkey,"25,140",24.8,3%,54 : 46,
2026,1501+,Bursa Technical University,Turkey,"11,418",21.0,13%,47 : 53,
2026,1501+,Bursa Uludağ University,Turkey,"48,233",20.3,13%,67 : 33,
2026,1501+,Çanakkale Onsekiz Mart University,Turkey,"46,824",23.6,5%,52 : 48,
2026,1501+,Çankırı Karatekin University,Turkey,"12,279",21.9,12%,55 : 45,
2026,1501+,Capital University,Egypt,"153,935",23.9,1%,56 : 44,
2026,1501+,Cardinal Stefan Wyszyński University in Warsaw,Poland,"10,253",12.7,2%,64 : 36,
2026,1501+,Catholic University of Brasília,Brazil,"7,990",20.7,0%,54 : 46,
2026,1501+,Catholic University of the North,Chile,"11,793",19.9,4%,47 : 53,
2026,1501+,Ceará State University,Brazil,"14,109",13.0,0%,60 : 40,
2026,1501+,Central University of Venezuela,Venezuela,"27,604",7.8,1%,54 : 46,
2026,1501+,Centro Federal de Educação Tecnológica Celso Suckow da Fonseca (CEFET-RJ),Brazil,"19,873",22.2,0%,36 : 64,
2026,1501+,Centurion University of Technology and Management,India,"12,028",21.4,2%,27 : 73,
2026,1501+,CES University,Colombia,"7,673",10.5,2%,70 : 30,
2026,1501+,CEU Universities,Spain,"21,391",12.6,20%,64 : 36,
2026,1501+,Chang Gung University of Science and Technology,Taiwan,"6,113",18.6,0%,89 : 11,
2026,1501+,Chelyabinsk State University,Russian Federation,"13,208",23.4,2%,57 : 43,
2026,1501+,Chiba Institute of Technology,Japan,"10,048",24.6,2%,15 : 85,
2026,1501+,Chinese Culture University,Taiwan,"18,673",21.2,7%,48 : 52,
2026,1501+,Chosun University,South Korea,"19,223",25.1,2%,47 : 53,
2026,1501+,Christ University,India,"35,193",20.3,1%,52 : 48,
2026,1501+,Chubu University,Japan,"9,261",17.5,1%,28 : 72,
2026,1501+,Chung Shan Medical University,Taiwan,"7,085",17.5,3%,65 : 35,
2026,1501+,Chuo University,Japan,"27,005",20.2,4%,38 : 62,
2026,1501+,Communication University of China,China,"18,027",15.5,2%,68 : 32,
2026,1501+,Cracow University of Technology,Poland,"12,400",11.0,7%,38 : 62,
2026,1501+,Cukurova University,Turkey,"33,663",22.9,3%,47 : 53,
2026,1501+,Damascus University,Syria,"163,499",56.8,7%,69 : 31,
2026,1501+,Damghan University,Iran,"4,893",15.9,1%,62 : 38,
2026,1501+,Dankook University,South Korea,"26,277",16.6,5%,54 : 46,
2026,1501+,De La Salle University,Philippines,"22,790",18.5,2%,51 : 49,
2026,1501+,Del Rosario University,Colombia,"10,119",12.4,4%,59 : 41,
2026,1501+,"Delta State University, Abraka",Nigeria,"40,979",38.3,0%,58 : 42,
2026,1501+,Dicle University,Turkey,"42,576",21.4,6%,46 : 54,
2026,1501+,Diponegoro University,Indonesia,"36,538",16.8,4%,66 : 34,
2026,1501+,Dnipro University of Technology,Ukraine,"13,079",20.8,0%,27 : 73,
2026,1501+,Dokkyo Medical University,Japan,"1,301",1.5,1%,55 : 45,
2026,1501+,Dokuz Eylül University,Turkey,"58,554",27.8,10%,49 : 51,
2026,1501+,Don State Technical University,Russian Federation,"26,083",13.9,12%,54 : 46,
2026,1501+,Doshisha University,Japan,"26,715",18.1,4%,42 : 58,
2026,1501+,Dow University of Health Sciences,Pakistan,"8,085",7.9,5%,74 : 26,
2026,1501+,Dr. M.G.R. Educational and Research Institute,India,"31,849",12.8,0%,35 : 65,
2026,1501+,Kütahya Dumlupınar University,Turkey,"51,517",59.1,20%,26 : 74,
2026,1501+,Dunarea de Jos University of Galati,Romania,"12,770",15.9,23%,58 : 42,
2026,1501+,Durban University of Technology,South Africa,"27,036",31.4,1%,56 : 44,
2026,1501+,EAFIT University,Colombia,"12,722",19.0,2%,43 : 57,
2026,1501+,East China University of Technology,China,"26,036",15.6,0%,35 : 65,
2026,1501+,East West University,Bangladesh,"12,156",26.8,0%,51 : 49,
2026,1501+,Ehime University,Japan,"8,855",9.9,2%,40 : 60,
2026,1501+,Ekiti State University,Nigeria,"13,983",25.6,%,63 : 37,
2026,1501+,El Bosque University,Colombia,"15,881",7.6,2%,60 : 40,
2026,1501+,Erzincan Binali Yıldırım University,Turkey,"24,090",20.4,4%,48 : 52,
2026,1501+,Escuela Politécnica Nacional,Ecuador,"7,569",14.2,2%,30 : 70,
2026,1501+,Escuela Superior Politécnica del Litoral,Ecuador,"10,308",8.9,1%,39 : 61,
2026,1501+,Eskişehir Osmangazi University,Turkey,"30,370",24.9,6%,47 : 53,
2026,1501+,Eskişehir Technical University,Turkey,"11,805",16.0,3%,43 : 57,
2026,1501+,Far Eastern Federal University,Russian Federation,"18,054",15.6,21%,59 : 41,
2026,1501+,"Federal Institute of Education, Science and Technology of São Paulo",Brazil,"70,000",20.0,0%,37 : 63,
2026,1501+,Federal Rural University of Pernambuco,Brazil,"14,329",12.6,0%,53 : 47,
2026,1501+,"Federal University of Agriculture, Abeokuta",Nigeria,"21,219",37.0,0%,39 : 61,
2026,1501+,Federal University of Espírito Santo,Brazil,"30,434",17.2,1%,55 : 45,
2026,1501+,Federal University of Goiás,Brazil,"23,032",11.5,1%,42 : 58,
2026,1501+,Federal University of Lavras,Brazil,"13,186",17.1,2%,49 : 51,
2026,1501+,Federal University of Mato Grosso do Sul,Brazil,"23,578",13.3,1%,56 : 44,
2026,1501+,Federal University of Pará,Brazil,"49,025",18.1,0%,55 : 45,
2026,1501+,Federal University of Pelotas,Brazil,"21,972",14.9,1%,57 : 43,
2026,1501+,Federal University of Rio Grande do Norte (UFRN),Brazil,"52,086",19.7,0%,47 : 53,
2026,1501+,Federal University of Santa Maria,Brazil,"27,692",14.2,1%,55 : 45,
2026,1501+,Federal University of Technology Akure,Nigeria,"18,945",20.5,0%,26 : 74,
2026,1501+,"Federal University of Technology, Owerri",Nigeria,"24,469",18.5,0%,32 : 68,
2026,1501+,Federal University of Uberlândia,Brazil,"26,116",14.2,1%,52 : 48,
2026,1501+,Federal University of Viçosa,Brazil,"18,831",9.9,3%,56 : 44,
2026,1501+,Federal University Oye-Ekiti,Nigeria,"44,401",45.8,0%,49 : 51,
2026,1501+,Federico Santa María Technical University,Chile,"19,907",27.1,2%,26 : 74,
2026,1501+,Feng Chia University,Taiwan,"20,114",23.0,6%,41 : 59,
2026,1501+,Ferhat Abbas Sétif University 1,Algeria,"40,578",25.2,0%,63 : 37,
2026,1501+,Fluminense Federal University,Brazil,"71,079",20.2,0%,48 : 52,
2026,1501+,Gaziantep University,Turkey,"35,026",37.9,15%,40 : 60,
2026,1501+,Gdynia Maritime University,Poland,"3,279",10.2,3%,29 : 71,
2026,1501+,"George Emil Palade University of Medicine, Pharmacy, Science, and Technology of Targu Mures",Romania,"9,743",17.7,14%,63 : 37,
2026,1501+,Georgian Technical University,Georgia,"17,297",13.8,3%,24 : 76,
2026,1501+,Georgia Southern University,United States,"21,920",19.6,3%,59 : 41,
2026,1501+,Gheorghe Asachi Technical University of Iaşi,Romania,"13,126",22.4,13%,30 : 70,
2026,1501+,Giresun University,Turkey,"26,576",25.5,6%,50 : 50,
2026,1501+,GITAM University,India,"27,238",13.2,2%,38 : 62,
2026,1501+,GMR Institute of Technology,India,"4,130",16.7,0%,32 : 68,
2026,1501+,Goa University,India,"2,771",11.0,4%,64 : 36,
2026,1501+,Grand Valley State University,United States,"18,621",13.9,3%,62 : 38,
2026,1501+,Grigore T. Popa University of Medicine and Pharmacy,Romania,"10,110",10.5,28%,68 : 32,
2026,1501+,Guangxi Normal University,China,"38,955",18.4,2%,69 : 31,
2026,1501+,Gubkin Russian State University of Oil and Gas,Russian Federation,"11,120",14.3,5%,33 : 67,
2026,1501+,Gunma University,Japan,"6,155",7.4,5%,39 : 61,
2026,1501+,Guru Ghasidas Vishwavidyalaya,India,"9,784",22.4,0%,41 : 59,
2026,1501+,Halu Oleo University,Indonesia,"40,051",15.5,0%,60 : 40,
2026,1501+,Hanoi University of Science and Technology,Vietnam,"39,204",35.8,0%,20 : 80,
2026,1501+,Harran University,Turkey,"16,845",18.9,7%,48 : 52,
2026,1501+,Hasanuddin University,Indonesia,"37,300",14.8,1%,61 : 39,
2026,1501+,Hassiba Benbouali University of Chlef,Algeria,"30,568",20.5,1%,66 : 34,
2026,1501+,Hatay Mustafa Kemal University,Turkey,"18,234",20.3,3%,49 : 51,
2026,1501+,Hellenic Open University,Greece,"21,185",7.3,1%,65 : 35,
2026,1501+,Herzen State Pedagogical University of Russia,Russian Federation,"17,884",16.0,21%,72 : 28,
2026,1501+,Hirosaki University,Japan,"6,845",9.9,1%,,
2026,1501+,Hitit University,Turkey,"11,234",24.8,10%,40 : 60,
2026,1501+,Hormozgan University of Medical Sciences,Iran,"3,672",11.3,2%,54 : 46,
2026,1501+,Hue University,Vietnam,"50,639",21.5,1%,56 : 44,
2026,1501+,Ibaraki University,Japan,"7,864",15.5,2%,34 : 66,
2026,1501+,Ibn Khaldoun University,Algeria,"28,529",25.2,0%,63 : 37,
2026,1501+,Industrial University of Tyumen,Russian Federation,"11,584",11.2,7%,33 : 67,
2026,1501+,Instituto Politécnico de Viana do Castelo,Portugal,"5,913",18.6,11%,49 : 51,
2026,1501+,Instituto Politécnico Nacional (IPN),Mexico,"139,234",12.7,0%,44 : 56,
2026,1501+,Instituto Tecnológico Metropolitano,Colombia,"25,069",19.7,0%,43 : 57,
2026,1501+,Institut Teknologi Sepuluh Nopember,Indonesia,"20,850",6.1,7%,41 : 59,
2026,1501+,International Hellenic University,Greece,"58,142",37.1,3%,44 : 56,
2026,1501+,Ionian University,Greece,"9,707",24.9,3%,53 : 47,
2026,1501+,IPB University,Indonesia,"22,993",10.3,5%,58 : 42,
2026,1501+,Irkutsk National Research Technical University,Russian Federation,"9,686",10.1,13%,37 : 63,
2026,1501+,Irkutsk State University,Russian Federation,"12,975",14.1,5%,66 : 34,
2026,1501+,Islamic Science University of Malaysia (USIM),Malaysia,"13,123",17.6,6%,64 : 36,
2026,1501+,Islamic University of Indonesia,Indonesia,"26,457",31.6,3%,45 : 55,
2026,1501+,Istanbul Aydın University,Turkey,"17,587",16.5,20%,53 : 47,
2026,1501+,Istanbul Bilgi University,Turkey,"12,199",18.6,15%,51 : 49,
2026,1501+,Istanbul Okan University,Turkey,"8,326",12.9,25%,46 : 54,
2026,1501+,Ivane Javakhishvili Tbilisi State University,Georgia,"24,977",32.5,5%,59 : 41,
2026,1501+,Ivan Franko National University of Lviv,Ukraine,"21,946",13.2,1%,66 : 34,
2026,1501+,Ivanovo State University of Chemistry and Technology,Russian Federation,"3,876",19.4,8%,36 : 64,
2026,1501+,İzmir Kâtip Çelebi University,Turkey,"19,291",16.5,4%,52 : 48,
2026,1501+,Izmir University of Economics,Turkey,"7,269",24.2,3%,54 : 46,
2026,1501+,Jan Evangelista Purkyně University,Czechia,"8,393",18.0,5%,64 : 36,
2026,1501+,Jan Kochanowski University in Kielce,Poland,"9,998",11.6,4%,60 : 40,
2026,1501+,"Jaypee Institute of Information Technology, Noida",India,"5,208",17.8,0%,32 : 68,
2026,1501+,Jean Moulin University – Lyon 3,France,"27,662",38.2,21%,66 : 34,
2026,1501+,Jember University,Indonesia,"39,050",31.9,0%,67 : 33,
2026,1501+,Jianghan University,China,"22,607",14.4,1%,56 : 44,
2026,1501+,Jiangsu Normal University,China,"29,443",15.8,1%,,
2026,1501+,Kagawa University,Japan,"6,421",9.8,2%,43 : 57,
2026,1501+,Kagoshima University,Japan,"10,130",10.5,2%,39 : 61,
2026,1501+,Kanagawa University,Japan,"17,462",14.0,4%,31 : 69,
2026,1501+,Kansai University,Japan,"29,830",11.1,4%,41 : 59,
2026,1501+,Karabük University,Turkey,"45,899",41.5,26%,43 : 57,
2026,1501+,Karadeniz Technical University,Turkey,"22,986",10.5,8%,52 : 48,
2026,1501+,Karamanoğlu Mehmet Bey University,Turkey,"19,789",28.7,6%,51 : 49,
2026,1501+,Karpagam Academy of Higher Education,India,"10,846",13.8,0%,31 : 69,
2026,1501+,Kasetsart University,Thailand,"69,827",17.3,1%,61 : 39,
2026,1501+,Kastamonu University,Turkey,"16,697",31.4,11%,46 : 54,
2026,1501+,Kazakh National Agrarian Research University,Kazakhstan,"6,042",11.3,6%,50 : 50,
2026,1501+,Kazan National Research Technological University,Russian Federation,"13,472",12.3,16%,39 : 61,
2026,1501+,Kazan State Medical University,Russian Federation,"5,835",12.2,36%,54 : 46,
2026,1501+,Kazan State Power Engineering University,Russian Federation,"9,741",25.4,6%,32 : 68,
2026,1501+,Kemerovo State University,Russian Federation,"15,000",23.1,7%,61 : 39,
2026,1501+,Kenyatta University,Kenya,"55,018",27.6,5%,58 : 42,
2026,1501+,Kharkiv Aviation Institute,Ukraine,"4,827",12.6,12%,14 : 86,
2026,1501+,Kharkiv National University of Radio Electronics,Ukraine,"7,129",11.6,6%,30 : 70,
2026,1501+,Kirikkale University,Turkey,"25,261",40.3,1%,51 : 49,
2026,1501+,Kırşehir Ahi Evran University,Turkey,"13,682",23.7,16%,53 : 47,
2026,1501+,Kitasato University,Japan,"8,517",5.0,1%,55 : 45,
2026,1501+,KLE Academy of Higher Education and Research,India,"7,175",8.5,1%,58 : 42,
2026,1501+,KMITL – King Mongkut’s Institute of Technology Ladkrabang,Thailand,"27,090",24.8,3%,50 : 50,
2026,1501+,Kocaeli University,Turkey,"43,687",28.6,5%,47 : 53,
2026,1501+,Kochi University,Japan,"5,441",8.6,1%,44 : 56,
2026,1501+,Kochi University of Technology,Japan,"2,510",19.2,2%,24 : 76,
2026,1501+,Kogakuin University,Japan,"6,553",18.1,2%,19 : 81,
2026,1501+,Konya Technical University,Turkey,"10,365",22.2,5%,29 : 71,
2026,1501+,Kwansei Gakuin University,Japan,"25,457",20.7,4%,50 : 50,
2026,1501+,Kyiv National University of Construction and Architecture,Ukraine,"6,697",7.1,3%,42 : 58,
2026,1501+,Kyoto Institute of Technology,Japan,"4,018",14.5,6%,29 : 71,
2026,1501+,Ladoke Akintola University of Technology,Nigeria,"40,337",50.1,0%,49 : 51,
2026,1501+,Lagos State University,Nigeria,"50,785",46.0,0%,51 : 49,
2026,1501+,Larbi Tebessi University,Algeria,"14,303",15.4,0%,65 : 35,
2026,1501+,Latvia University of Life Sciences and Technologies,Latvia,"3,998",14.1,8%,49 : 51,
2026,1501+,Lincoln University College,Malaysia,"3,727",6.7,52%,24 : 76,
2026,1501+,Liverpool Hope University,United Kingdom,"5,015",16.7,18%,62 : 38,
2026,1501+,L.N. Gumilyov Eurasian National University,Kazakhstan,"23,205",18.3,4%,49 : 51,
2026,1501+,Lobachevsky State University of Nizhni Novgorod,Russian Federation,"20,444",10.5,13%,51 : 49,
2026,1501+,Lodz University of Technology,Poland,"10,476",11.7,6%,38 : 62,
2026,1501+,Londrina State University,Brazil,"20,259",9.9,1%,58 : 42,
2026,1501+,Lublin University of Technology,Poland,"6,721",11.4,13%,27 : 73,
2026,1501+,Lucian Blaga University of Sibiu,Romania,"13,293",16.3,4%,50 : 50,
2026,1501+,Lviv Polytechnic National University,Ukraine,"25,087",12.8,1%,45 : 55,
2026,1501+,Mackenzie Presbyterian University,Brazil,"27,073",28.3,0%,48 : 52,
2026,1501+,Maejo University,Thailand,"17,942",26.9,1%,59 : 41,
2026,1501+,Mahasarakham University,Thailand,"39,291",33.6,3%,61 : 39,
2026,1501+,Manav Rachna International Institute of Research and Studies,India,"5,684",11.2,2%,50 : 50,
2026,1501+,Manisa Celal Bayar University,Turkey,"28,623",23.0,2%,50 : 50,
2026,1501+,Mapúa University,Philippines,"9,032",24.1,2%,33 : 67,
2026,1501+,Maria Curie-Skłodowska University (UMCS),Poland,"13,964",10.0,12%,74 : 26,
2026,1501+,Marmara University,Turkey,"47,315",25.2,5%,52 : 48,
2026,1501+,Matej Bel University,Slovakia,"6,194",14.8,12%,65 : 35,
2026,1501+,Medical University of Sofia,Bulgaria,"10,870",5.2,29%,55 : 45,
2026,1501+,Meiji University,Japan,"34,072",21.9,5%,34 : 66,
2026,1501+,Meijo University,Japan,"15,277",31.8,0%,35 : 65,
2026,1501+,Mendeleev University of Chemical Technology,Russian Federation,"8,593",12.6,8%,51 : 49,
2026,1501+,Mersin University,Turkey,"27,928",27.8,7%,50 : 50,
2026,1501+,Metropolitan Autonomous University,Mexico,"61,622",44.5,1%,50 : 50,
2026,1501+,M’Hamed Bougara University of Boumerdès,Algeria,"32,622",21.3,1%,59 : 41,
2026,1501+,Middle Technical University,Iraq,"36,230",20.3,0%,48 : 52,
2026,1501+,Mie University,Japan,"6,936",11.5,3%,38 : 62,
2026,1501+,Military Institute of Science and Technology (MIST),Bangladesh,"3,001",18.2,0%,27 : 73,
2026,1501+,Mindanao State University – Iligan Institute of Technology,Philippines,"12,388",18.0,0%,59 : 41,
2026,1501+,Ming Chuan University,Taiwan,"17,030",21.6,12%,59 : 41,
2026,1501+,MIREA - Russian Technological University,Russian Federation,"29,873",22.9,6%,25 : 75,
2026,1501+,Mirpur University of Science and Technology,Pakistan,"8,917",27.2,0%,51 : 49,
2026,1501+,Misr University for Science and Technology,Egypt,"26,246",16.1,4%,50 : 50,
2026,1501+,Morgan State University,United States,"8,489",17.4,10%,62 : 38,
2026,1501+,Moscow Aviation Institute,Russian Federation,"15,797",16.6,12%,27 : 73,
2026,1501+,Moscow Polytechnic University,Russian Federation,"12,752",17.2,10%,38 : 62,
2026,1501+,Moscow Power Engineering Institute,Russian Federation,"14,453",18.5,15%,34 : 66,
2026,1501+,Moulay Ismail University,Morocco,"79,507",54.9,1%,55 : 45,
2026,1501+,M S Ramaiah University of Applied Sciences (RUAS),India,"9,031",12.1,0%,56 : 44,
2026,1501+,Mugla Sitki Kocman University,Turkey,"29,793",31.0,3%,49 : 51,
2026,1501+,Muhimbili University of Health and Allied Sciences,Tanzania,"5,254",11.8,6%,32 : 68,
2026,1501+,Muroran Institute of Technology,Japan,"3,287",19.1,5%,13 : 87,
2026,1501+,Muş Alparslan University,Turkey,"8,262",28.3,0%,52 : 48,
2026,1501+,Mustansiriyah University,Iraq,"32,844",8.5,1%,55 : 45,
2026,1501+,Nagaoka University of Technology,Japan,"2,155",10.8,12%,12 : 88,
2026,1501+,Nagoya Institute of Technology,Japan,"5,552",15.7,4%,17 : 83,
2026,1501+,Naresuan University,Thailand,"26,692",17.8,1%,68 : 32,
2026,1501+,National Changhua University of Education,Taiwan,"9,029",25.2,9%,49 : 51,
2026,1501+,National Chiayi University,Taiwan,"11,582",23.8,3%,48 : 52,
2026,1501+,National Chi Nan University,Taiwan,"6,145",16.5,10%,52 : 48,
2026,1501+,National Chin-Yi University of Technology,Taiwan,"7,667",22.4,12%,31 : 69,
2026,1501+,National Formosa University,Taiwan,"11,694",19.0,2%,22 : 78,
2026,1501+,National Ilan University,Taiwan,"5,592",23.2,2%,36 : 64,
2026,1501+,"National Institute of Applied Sciences, Strasbourg (INSA Strasbourg)",France,"1,980",16.9,13%,37 : 63,
2026,1501+,National Pingtung University of Science and Technology,Taiwan,"10,630",18.3,5%,44 : 56,
2026,1501+,"National Pirogov Memorial Medical University, Vinnytsya",Ukraine,"5,026",5.2,17%,60 : 40,
2026,1501+,National Research University of Electronic Technology (MIET),Russian Federation,"5,805",10.5,4%,26 : 74,
2026,1501+,National Taipei University,Taiwan,"8,630",15.6,6%,54 : 46,
2026,1501+,National Technical University Kharkiv Polytechnic Institute,Ukraine,"11,572",8.5,13%,28 : 72,
2026,1501+,National Technical University of Ukraine – Igor Sikorsky Kyiv Polytechnic Institute,Ukraine,"23,940",11.1,2%,22 : 78,
2026,1501+,National United University,Taiwan,"7,848",22.1,1%,29 : 71,
2026,1501+,National University of Colombia,Colombia,"55,643",21.0,1%,41 : 59,
2026,1501+,National University of Córdoba,Argentina,"168,371",15.8,1%,65 : 35,
2026,1501+,National University of Costa Rica,Costa Rica,"19,328",10.4,3%,56 : 44,
2026,1501+,National University of Cuyo,Argentina,"37,486",17.2,3%,62 : 38,
2026,1501+,National University of Kaohsiung,Taiwan,"6,145",26.7,4%,41 : 59,
2026,1501+,National University of La Plata,Argentina,"48,850",13.1,25%,60 : 40,
2026,1501+,National University of Life and Environmental Sciences of Ukraine,Ukraine,"19,154",14.5,1%,35 : 65,
2026,1501+,National University of Medical Sciences (NUMS),Pakistan,"9,257",4.4,0%,64 : 36,
2026,1501+,National University of Mongolia,Mongolia,"15,781",18.4,7%,62 : 38,
2026,1501+,National University of Quilmes,Argentina,"48,698",36.3,2%,54 : 46,
2026,1501+,National University of Rosario (UNR),Argentina,"90,716",19.0,7%,66 : 34,
2026,1501+,National University of San Martín,Argentina,"16,968",16.5,5%,60 : 40,
2026,1501+,NED University of Engineering and Technology,Pakistan,"12,523",22.6,0%,41 : 59,
2026,1501+,Niğde Ömer Halisdemir University,Turkey,"13,328",16.3,9%,56 : 44,
2026,1501+,Nihon University,Japan,"77,140",30.1,2%,32 : 68,
2026,1501+,Nile University,Egypt,"3,826",18.5,1%,37 : 63,
2026,1501+,Nizhny Novgorod State Technical University n.a. R.E. Alekseev,Russian Federation,"8,437",12.9,9%,24 : 76,
2026,1501+,Nnamdi Azikiwe University,Nigeria,"43,059",16.2,0%,59 : 41,
2026,1501+,North-Caucasus Federal University,Russian Federation,"18,686",7.7,9%,45 : 55,
2026,1501+,North-Eastern Federal University,Russian Federation,"12,430",13.4,6%,53 : 47,
2026,1501+,Northern (Arctic) Federal University named after M.V. Lomonosov,Russian Federation,"9,359",15.1,9%,45 : 55,
2026,1501+,Northern Technical University,Iraq,"23,224",24.6,0%,43 : 57,
2026,1501+,North Khorasan University of Medical Sciences,Iran,"2,221",9.5,0%,56 : 44,
2026,1501+,North-Western State Medical University named after I.I. Mechnikov,Russian Federation,"6,780",6.2,12%,67 : 33,
2026,1501+,Novosibirsk State Technical University,Russian Federation,"14,178",16.5,20%,37 : 63,
2026,1501+,Nueva Granada Military University,Colombia,"18,768",9.9,0%,47 : 53,
2026,1501+,Obafemi Awolowo University,Nigeria,"32,746",26.3,0%,46 : 54,
2026,1501+,Ochanomizu University,Japan,"2,652",14.7,6%,100 : 0,
2026,1501+,October University for Modern Sciences and Arts (MSA),Egypt,"12,047",10.5,1%,51 : 49,
2026,1501+,Odesa I.I. Mechnikov National University,Ukraine,"5,839",7.8,3%,65 : 35,
2026,1501+,Ogarev Mordovia State University,Russian Federation,"16,100",14.0,16%,37 : 63,
2026,1501+,Oita University,Japan,"5,240",8.3,1%,37 : 63,
2026,1501+,Okayama University of Science,Japan,"6,859",25.8,3%,25 : 75,
2026,1501+,Oles Honchar Dnipro National University,Ukraine,"8,236",11.9,1%,54 : 46,
2026,1501+,Omsk State Technical University,Russian Federation,"13,819",17.6,8%,34 : 66,
2026,1501+,Ondokuz Mayis University,Turkey,"37,153",18.3,15%,40 : 60,
2026,1501+,Oran 1 University,Algeria,"23,895",18.8,1%,66 : 34,
2026,1501+,Ordu University,Turkey,"11,821",17.5,1%,56 : 44,
2026,1501+,Osaka Institute of Technology,Japan,"7,956",28.3,1%,14 : 86,
2026,1501+,Osaka Medical and Pharmaceutical University,Japan,"3,126",5.5,1%,60 : 40,
2026,1501+,Ovidius University of Constanța,Romania,"16,291",12.6,7%,57 : 43,
2026,1501+,Pace University-New York,United States,"12,280",15.7,21%,63 : 37,
2026,1501+,Paisii Hilendarski University of Plovdiv,Bulgaria,"21,840",35.1,2%,67 : 33,
2026,1501+,Pamukkale University,Turkey,"32,376",29.0,4%,48 : 52,
2026,1501+,Paris Nanterre University,France,"30,986",20.1,16%,65 : 35,
2026,1501+,Pavlov First Saint Petersburg State Medical University,Russian Federation,"5,569",9.0,12%,74 : 26,
2026,1501+,Payame Noor University,Iran,"399,383",115.1,0%,62 : 38,
2026,1501+,Pázmány Péter Catholic University,Hungary,"6,452",15.9,6%,,
2026,1501+,Penza State University,Russian Federation,"17,808",14.9,14%,54 : 46,
2026,1501+,Perm National Research Polytechnic University,Russian Federation,"10,691",13.2,6%,46 : 54,
2026,1501+,Perm State University,Russian Federation,"10,895",14.5,9%,56 : 44,
2026,1501+,Petersburg State Transport University,Russian Federation,"9,137",22.2,18%,28 : 72,
2026,1501+,Petrozavodsk State University,Russian Federation,"7,512",13.3,9%,51 : 49,
2026,1501+,Pirogov Russian National Research Medical University,Russian Federation,"13,377",7.8,11%,70 : 30,
2026,1501+,Plekhanov Russian University of Economics,Russian Federation,"13,681",8.5,14%,55 : 45,
2026,1501+,Polytechnic Institute of Porto,Portugal,"21,106",17.7,7%,48 : 52,
2026,1501+,Polytechnic Institute of Setúbal,Portugal,"6,301",12.6,11%,45 : 55,
2026,1501+,Polytechnic University of Bucharest,Romania,"37,048",22.3,1%,41 : 59,
2026,1501+,Polytechnic University of Timişoara,Romania,"12,676",18.1,4%,38 : 62,
2026,1501+,Pontifical Catholic University of Argentina,Argentina,"18,296",4.2,10%,55 : 45,
2026,1501+,Pontifical Catholic University of Minas Gerais,Brazil,"35,797",29.6,0%,56 : 44,
2026,1501+,Pontifical Catholic University of Peru,Peru,"26,939",6.4,1%,47 : 53,
2026,1501+,Pontifical Catholic University of Valparaíso,Chile,"18,070",23.2,2%,43 : 57,
2026,1501+,Pontificia Universidad Católica del Ecuador,Ecuador,"29,406",19.4,2%,56 : 44,
2026,1501+,Pontificia Universidad Javeriana,Colombia,"29,088",14.2,1%,56 : 44,
2026,1501+,Poznan University of Technology,Poland,"13,680",11.0,8%,31 : 69,
2026,1501+,Presidency University,India,"17,979",18.0,0%,34 : 66,
2026,1501+,Privolzhsky Research Medical University,Russian Federation,"5,990",8.3,34%,65 : 35,
2026,1501+,PSG College of Technology,India,"7,957",14.0,0%,37 : 63,
2026,1501+,Qom University of Medical Sciences,Iran,"2,793",10.3,5%,56 : 44,
2026,1501+,Razi University,Iran,"11,378",17.6,4%,59 : 41,
2026,1501+,Recep Tayyip Erdoğan University,Turkey,"11,544",14.6,4%,,
2026,1501+,Regional Autonomous University of the Andes (UNIANDES),Ecuador,"6,696",12.3,1%,61 : 39,
2026,1501+,REVA University,India,"15,628",17.4,2%,37 : 63,
2026,1501+,Rikkyo University,Japan,"19,644",14.7,5%,56 : 44,
2026,1501+,Ritsumeikan University,Japan,"35,919",18.0,10%,37 : 63,
2026,1501+,Russian Presidential Academy of National Economy and Public Administration,Russian Federation,"21,295",17.1,4%,66 : 34,
2026,1501+,Russian State University for the Humanities,Russian Federation,"17,097",19.6,5%,72 : 28,
2026,1501+,Russian University of Transport (MIIT),Russian Federation,"21,334",24.7,9%,44 : 56,
2026,1501+,R V College of Engineering,India,"6,140",17.8,0%,27 : 73,
2026,1501+,Ryukoku University,Japan,"15,132",26.8,3%,36 : 64,
2026,1501+,Rzeszów University of Technology,Poland,"10,790",12.0,1%,44 : 56,
2026,1501+,Sabzevar University of Medical Sciences,Iran,"2,226",7.0,1%,56 : 44,
2026,1501+,Saga University,Japan,"6,403",9.6,2%,42 : 58,
2026,1501+,Saint Petersburg State Pediatric Medical University,Russian Federation,"6,843",11.6,18%,67 : 33,
2026,1501+,Saints Cyril and Methodius University in Skopje,North Macedonia,"26,028",12.2,0%,57 : 43,
2026,1501+,Saitama Medical University,Japan,"1,904",1.3,0%,49 : 51,
2026,1501+,Saitama University,Japan,"8,341",16.0,6%,32 : 68,
2026,1501+,Sakarya University of Applied Sciences,Turkey,"11,118",30.2,26%,31 : 69,
2026,1501+,Samara National Research University (Samara University),Russian Federation,"9,427",10.4,10%,46 : 54,
2026,1501+,Samara State Medical University,Russian Federation,"8,007",9.3,12%,59 : 41,
2026,1501+,Samara State Technical University,Russian Federation,"13,464",16.3,5%,35 : 65,
2026,1501+,Satbayev University,Kazakhstan,"8,346",11.2,17%,55 : 45,
2026,1501+,SGH Warsaw School of Economics,Poland,"7,993",14.8,14%,48 : 52,
2026,1501+,Shahed University,Iran,"6,402",15.1,0%,47 : 53,
2026,1501+,Shahid Sadoughi University of Medical Sciences,Iran,"5,717",10.5,3%,56 : 44,
2026,1501+,Shanxi Medical University,China,"26,728",8.0,2%,66 : 34,
2026,1501+,Shibaura Institute of Technology,Japan,"9,475",25.2,5%,19 : 81,
2026,1501+,Shimane University,Japan,"6,056",8.4,3%,41 : 59,
2026,1501+,Shizuoka University,Japan,"9,821",14.9,3%,30 : 70,
2026,1501+,Shree Guru Gobind Singh Tricentenary University,India,"7,375",10.3,0%,50 : 50,
2026,1501+,Siberian State Medical University,Russian Federation,"8,785",11.6,16%,59 : 41,
2026,1501+,Sikkim Manipal University,India,"4,411",13.2,2%,42 : 58,
2026,1501+,Silpakorn University,Thailand,"29,673",21.9,2%,68 : 32,
2026,1501+,Sinop University,Turkey,"8,888",28.3,1%,56 : 44,
2026,1501+,Sivas Cumhuriyet University,Turkey,"34,861",24.9,11%,53 : 47,
2026,1501+,Slovak University of Technology in Bratislava,Slovakia,"10,809",12.9,19%,33 : 67,
2026,1501+,Sofia University,Bulgaria,"21,579",7.4,8%,65 : 35,
2026,1501+,"Soochow University, Taiwan",Taiwan,"15,287",35.9,3%,59 : 41,
2026,1501+,Sophia University,Japan,"13,016",12.2,12%,60 : 40,
2026,1501+,Southern Federal University,Russian Federation,"18,741",12.8,15%,57 : 43,
2026,1501+,Southwest Petroleum University,China,"41,268",19.6,1%,35 : 65,
2026,1501+,Sri Lanka Institute of Information Technology,Sri Lanka,"15,304",30.5,0%,41 : 59,
2026,1501+,Srinakharinwirot University,Thailand,"29,327",19.0,2%,67 : 33,
2026,1501+,Sri Ramachandra Institute of Higher Education and Research,India,"8,949",13.5,5%,61 : 39,
2026,1501+,Sri Venkateswara University,India,"6,670",15.5,0%,50 : 50,
2026,1501+,State Islamic University of Sunan Gunung Djati Bandung,Indonesia,"31,937",31.3,0%,67 : 33,
2026,1501+,"State University ""Kyiv Aviation Institute""",Ukraine,"15,407",10.5,4%,40 : 60,
2026,1501+,State University of Bahia,Brazil,"23,621",10.6,0%,67 : 33,
2026,1501+,State University of Malang,Indonesia,"37,201",26.4,4%,55 : 45,
2026,1501+,State University of Ponta Grossa,Brazil,"8,076",8.9,1%,46 : 54,
2026,1501+,Universidade Estadual de Santa Cruz,Brazil,"7,689",9.3,2%,56 : 44,
2026,1501+,State University of Southwestern Bahia (UESB),Brazil,"9,315",9.4,0%,59 : 41,
2026,1501+,Ştefan cel Mare University of Suceava,Romania,"9,043",22.0,15%,60 : 40,
2026,1501+,St Petersburg Electrotechnical University (LETI),Russian Federation,"9,024",14.2,19%,31 : 69,
2026,1501+,Széchenyi István University,Hungary,"12,060",16.1,6%,44 : 56,
2026,1501+,Tamil Nadu Agricultural University,India,"8,627",12.7,0%,65 : 35,
2026,1501+,Tamkang University,Taiwan,"21,955",20.1,7%,46 : 54,
2026,1501+,Taras Shevchenko National University of Kyiv,Ukraine,"25,696",11.2,5%,56 : 44,
2026,1501+,Tashkent University of Information Technologies,Uzbekistan,"20,688",18.4,0%,25 : 75,
2026,1501+,Technical University of Cartagena,Spain,"4,546",10.4,10%,28 : 72,
2026,1501+,Technical University of Cluj-Napoca,Romania,"18,486",20.3,3%,38 : 62,
2026,1501+,Technical University of Crete,Greece,"7,080",33.2,5%,29 : 71,
2026,1501+,Technical University of Košice,Slovakia,"11,397",16.8,41%,25 : 75,
2026,1501+,Technical University of Liberec,Czechia,"5,565",11.3,10%,53 : 47,
2026,1501+,Technical University of Sofia,Bulgaria,"10,396",10.5,8%,29 : 71,
2026,1501+,Technological University of Pereira,Colombia,"16,544",17.0,0%,43 : 57,
2026,1501+,Tecnológico de Costa Rica,Costa Rica,"10,169",12.8,2%,38 : 62,
2026,1501+,Teikyo University,Japan,"22,761",20.7,6%,36 : 64,
2026,1501+,Tekirdağ Namık Kemal University,Turkey,"31,784",28.0,7%,45 : 55,
2026,1501+,Telkom University,Indonesia,"18,089",14.7,10%,41 : 59,
2026,1501+,Temuco Catholic University,Chile,"10,711",10.1,0%,61 : 39,
2026,1501+,The University of Danang,Vietnam,"60,839",36.0,1%,58 : 42,
2026,1501+,Thiagarajar College of Engineering,India,"4,835",16.0,0%,40 : 60,
2026,1501+,Tikrit University,Iraq,"33,551",11.0,0%,41 : 59,
2026,1501+,Toho University,Japan,"5,275",13.6,1%,55 : 45,
2026,1501+,Tokat Gaziosmanpaşa University,Turkey,"21,110",13.7,14%,39 : 61,
2026,1501+,Tokyo City University,Japan,"7,789",28.2,2%,26 : 74,
2026,1501+,Tokyo Denki University,Japan,"9,991",28.6,2%,13 : 87,
2026,1501+,Tokyo Metropolitan University,Japan,"8,789",10.7,5%,39 : 61,
2026,1501+,Tokyo University of Agriculture,Japan,"13,209",33.6,2%,44 : 56,
2026,1501+,Tokyo University of Marine Science and Technology,Japan,"2,571",11.6,8%,33 : 67,
2026,1501+,Tokyo University of Technology,Japan,"7,808",27.1,3%,35 : 65,
2026,1501+,Tomsk State University of Control Systems and Radioelectronics,Russian Federation,"6,402",12.2,16%,26 : 74,
2026,1501+,Tottori University,Japan,"5,994",8.3,2%,39 : 61,
2026,1501+,Toyama Prefectural University,Japan,"2,197",10.5,1%,36 : 64,
2026,1501+,Toyo University,Japan,"29,543",19.1,6%,41 : 59,
2026,1501+,Trakia University,Bulgaria,"7,188",11.7,9%,67 : 33,
2026,1501+,Trakya University,Turkey,"42,685",24.1,11%,50 : 50,
2026,1501+,Transilvania University of Brașov,Romania,"20,101",22.5,2%,53 : 47,
2026,1501+,Tribhuvan University,Nepal,"499,671",19.6,0%,52 : 48,
2026,1501+,Tula State University,Russian Federation,"18,611",19.5,6%,39 : 61,
2026,1501+,Tunghai University,Taiwan,"14,886",20.5,9%,55 : 45,
2026,1501+,Ubon Ratchathani University,Thailand,"13,247",18.2,0%,67 : 33,
2026,1501+,Ufa State Petroleum Technological University,Russian Federation,"12,689",7.8,13%,39 : 61,
2026,1501+,Ukrainian State University of Science and Technologies,Ukraine,"15,419",13.0,0%,34 : 66,
2026,1501+,UNIR – International University of La Rioja,Spain,"53,424",46.1,34%,63 : 37,
2026,1501+,Unisinos University,Brazil,"14,944",30.4,0%,53 : 47,
2026,1501+,Universidad Andrés Bello (UNAB),Chile,"49,719",17.8,3%,55 : 45,
2026,1501+,Universidad Autónoma de Chile,Chile,"30,410",26.8,1%,64 : 36,
2026,1501+,Universidad Autónoma de Coahuila,Mexico,"28,386",11.3,0%,58 : 42,
2026,1501+,Universidad Autónoma del Estado de Hidalgo,Mexico,"38,623",14.2,1%,58 : 42,
2026,1501+,Universidad Autónoma del Estado de Mexico (UAEMex),Mexico,"69,400",9.8,1%,59 : 41,
2026,1501+,Universidad Autónoma de Nuevo León (UANL),Mexico,"134,947",48.4,0%,51 : 49,
2026,1501+,Universidad Autónoma de Querétaro,Mexico,"24,995",42.8,1%,58 : 42,
2026,1501+,Universidad Autónoma de Yucatán,Mexico,"19,900",19.7,1%,50 : 50,
2026,1501+,Universidad Católica de la Santísima Concepción,Chile,"9,954",23.7,1%,56 : 44,
2026,1501+,Universidad Católica del Maule,Chile,"12,490",20.4,1%,53 : 47,
2026,1501+,Universidad Científica del Sur,Peru,"20,474",10.0,1%,66 : 34,
2026,1501+,Universidad de Cartagena,Colombia,"24,568",22.6,1%,47 : 53,
2026,1501+,Universidad de las Fuerzas Armadas – ESPE,Ecuador,"28,109",19.9,0%,46 : 54,
2026,1501+,Universidad del Valle,Colombia,"33,529",8.1,1%,50 : 50,
2026,1501+,Universidad Distrital Francisco José de Caldas,Colombia,"28,761",14.5,0%,36 : 64,
2026,1501+,Universidade do Estado de Santa Catarina,Brazil,"11,738",11.5,1%,55 : 45,
2026,1501+,Universidade do Estado do Rio de Janeiro (UERJ),Brazil,"34,661",11.8,0%,55 : 45,
2026,1501+,Universidade Estadual de Feira de Santana (UEFS),Brazil,"10,209",11.2,0%,54 : 46,
2026,1501+,Universidade Estadual de Maringá,Brazil,"17,887",11.4,0%,56 : 44,
2026,1501+,Universidade Estadual do Maranhão,Brazil,"20,516",15.3,0%,62 : 38,
2026,1501+,Universidade Estadual do Norte Fluminense Darcy Ribeiro,Brazil,"6,353",19.4,0%,62 : 38,
2026,1501+,Universidade Estadual do Oeste do Paraná (Unioeste),Brazil,"13,600",10.7,0%,62 : 38,
2026,1501+,Universidade Federal da Bahia,Brazil,"50,721",19.0,1%,54 : 46,
2026,1501+,Universidade Federal de Ciências da Saúde de Porto Alegre (UFCSPA),Brazil,"4,652",13.0,2%,70 : 30,
2026,1501+,Universidade Federal de Juiz de Fora,Brazil,"24,376",15.1,1%,55 : 45,
2026,1501+,Universidade Federal de Ouro Preto (UFOP),Brazil,"13,409",14.4,1%,50 : 50,
2026,1501+,Universidade Federal de Sergipe,Brazil,"24,819",14.7,0%,54 : 46,
2026,1501+,Universidade Federal do ABC (UFABC),Brazil,"19,284",25.4,1%,38 : 62,
2026,1501+,Universidade Federal do Maranhão (UFMA),Brazil,"47,330",23.5,0%,53 : 47,
2026,1501+,Universidade Federal Rural do Semi-Arido,Brazil,"11,086",14.8,0%,41 : 59,
2026,1501+,Universidade Lusófona,Portugal,"12,743",6.2,17%,55 : 45,
2026,1501+,Universidade Nove de Julho (Uninove),Brazil,"92,549",20.0,1%,58 : 42,
2026,1501+,Universidad Francisco de Vitoria,Spain,"14,642",21.2,8%,45 : 55,
2026,1501+,Universidad Industrial de Santander (UIS),Colombia,"21,778",25.4,1%,46 : 54,
2026,1501+,Universidad Loyola,Spain,"5,635",17.8,5%,57 : 43,
2026,1501+,Universidad Mayor,Chile,"23,839",11.5,1%,55 : 45,
2026,1501+,Universidad Michoacana de San Nicolás de Hidalgo,Mexico,"42,472",26.4,2%,56 : 44,
2026,1501+,Universidad Nacional Agraria La Molina,Peru,"7,819",9.2,1%,49 : 51,
2026,1501+,Universidad Nacional de Asunción,Paraguay,"52,870",8.9,1%,56 : 44,
2026,1501+,Universidad Nacional del Litoral,Argentina,"50,839",34.9,1%,63 : 37,
2026,1501+,Universidad Nacional Mayor de San Marcos,Peru,"42,959",13.3,1%,44 : 56,
2026,1501+,Universidad Panamericana (UP),Mexico,"17,141",7.6,2%,51 : 49,
2026,1501+,Universidad Pedagogica y Tecnologica de Colombia - UPTC,Colombia,"36,136",18.7,0%,55 : 45,
2026,1501+,Universidad Peruana de Ciencias Aplicadas (UPC),Peru,"81,453",29.7,2%,49 : 51,
2026,1501+,Universidad Politécnica Salesiana,Ecuador,"21,393",20.3,1%,41 : 59,
2026,1501+,Universidad Pontificia Bolivariana (UPB),Colombia,"9,763",11.0,3%,57 : 43,
2026,1501+,Universidad San Ignacio de Loyola,Peru,"24,365",29.6,1%,48 : 52,
2026,1501+,Universidad Santo Tomás,Chile,"26,783",21.2,0%,68 : 32,
2026,1501+,Universidad Técnica de Manabí,Ecuador,"40,183",41.4,1%,61 : 39,
2026,1501+,Universidad Técnica Particular de Loja,Ecuador,"38,641",19.3,2%,56 : 44,
2026,1501+,Universitas Ahmad Dahlan,Indonesia,"19,044",24.6,2%,55 : 45,
2026,1501+,Universitas Andalas,Indonesia,"34,409",17.7,2%,60 : 40,
2026,1501+,Universitas Muhammadiyah Malang,Indonesia,"31,158",37.0,0%,52 : 48,
2026,1501+,Universitas Muhammadiyah Yogyakarta,Indonesia,"23,551",28.1,2%,48 : 52,
2026,1501+,Universitas Negeri Jakarta,Indonesia,"27,808",28.4,0%,64 : 36,
2026,1501+,Universitas Negeri Padang,Indonesia,"45,714",22.1,1%,67 : 33,
2026,1501+,Universitas Negeri Semarang,Indonesia,"54,005",36.5,1%,63 : 37,
2026,1501+,Universitas Negeri Surabaya,Indonesia,"37,684",29.7,1%,65 : 35,
2026,1501+,Universitas Negeri Yogyakarta,Indonesia,"27,783",17.2,2%,56 : 44,
2026,1501+,Universitas Pendidikan Indonesia,Indonesia,"37,007",16.9,2%,56 : 44,
2026,1501+,Universitas Sriwijaya,Indonesia,"42,322",24.6,0%,61 : 39,
2026,1501+,Universitas Sumatera Utara,Indonesia,"40,855",18.1,2%,55 : 45,
2026,1501+,Universitas Syiah Kuala,Indonesia,"30,794",15.8,0%,62 : 38,
2026,1501+,Université 8 Mai 1945 Guelma,Algeria,"16,676",16.1,1%,70 : 30,
2026,1501+,Université Cheikh Anta Diop de Dakar (UCAD),Senegal,"92,109",62.2,5%,45 : 55,
2026,1501+,Université Chouaïb Doukkali,Morocco,"27,900",39.6,2%,60 : 40,
2026,1501+,Université de Gabès,Tunisia,"15,003",13.6,1%,74 : 26,
2026,1501+,Université de Skikda,Algeria,"28,640",23.6,0%,69 : 31,
2026,1501+,Université Frères Mentouri Constantine 1,Algeria,"29,573",15.3,1%,68 : 32,
2026,1501+,Université Hassan II de Casablanca,Morocco,"120,987",32.6,2%,74 : 26,
2026,1501+,Université Kasdi Merbah Ouargla,Algeria,"27,341",20.0,0%,60 : 40,
2026,1501+,Université Mouloud Mammeri de Tizi-Ouzou,Algeria,"39,859",16.3,1%,63 : 37,
2026,1501+,Université Polytechnique Hauts-de-France,France,"13,034",27.3,12%,48 : 52,
2026,1501+,Université Saint-Joseph de Beyrouth,Lebanon,"8,540",8.4,13%,60 : 40,
2026,1501+,Université Sorbonne Nouvelle,France,"14,218",20.2,23%,77 : 23,
2026,1501+,Université Sultan Moulay Slimane,Morocco,"43,534",60.3,0%,56 : 44,
2026,1501+,Universiti Kuala Lumpur,Malaysia,"17,749",12.8,3%,44 : 56,
2026,1501+,Universiti Malaysia Kelantan,Malaysia,"10,001",20.0,8%,70 : 30,
2026,1501+,Universiti Malaysia Perlis,Malaysia,"10,470",13.0,3%,47 : 53,
2026,1501+,Universiti Malaysia Sabah (UMS),Malaysia,"16,224",9.9,4%,66 : 34,
2026,1501+,Universiti Teknikal Malaysia Melaka,Malaysia,"9,543",13.0,6%,36 : 64,
2026,1501+,Universiti Teknologi MARA,Malaysia,"60,349",16.3,2%,66 : 34,
2026,1501+,Universiti Tun Hussein Onn Malaysia (UTHM),Malaysia,"15,743",16.5,7%,45 : 55,
2026,1501+,University Abdelhamid Ibn Badis Mostaganem,Algeria,"24,978",18.9,1%,68 : 32,
2026,1501+,University Cadi Ayyad of Marrakech,Morocco,"92,358",37.2,1%,55 : 45,
2026,1501+,University for Development Studies,Ghana,"28,162",35.9,0%,28 : 72,
2026,1501+,University Mohamed Boudiaf of M’Sila,Algeria,"32,500",17.5,1%,55 : 45,
2026,1501+,University of Abou Bekr Belkaïd Tlemcen,Algeria,"40,061",15.7,1%,60 : 40,
2026,1501+,University of Al-Qadisiyah,Iraq,"27,865",14.0,0%,54 : 46,
2026,1501+,University of Antofagasta,Chile,"7,763",10.1,3%,57 : 43,
2026,1501+,University of Babylon,Iraq,"29,695",12.9,1%,55 : 45,
2026,1501+,University of Baghdad,Iraq,"75,593",11.2,0%,60 : 40,
2026,1501+,University of Basrah,Iraq,"88,218",22.8,0%,64 : 36,
2026,1501+,University of Batna 2,Algeria,"25,264",13.1,1%,56 : 44,
2026,1501+,University of Béjaïa,Algeria,"40,158",22.0,1%,60 : 40,
2026,1501+,University of Benin,Nigeria,"43,884",25.6,0%,50 : 50,
2026,1501+,University of Bío-Bío,Chile,"11,435",22.9,1%,43 : 57,
2026,1501+,University of Birjand,Iran,"12,169",33.9,4%,59 : 41,
2026,1501+,University of Biskra,Algeria,"28,193",17.5,0%,63 : 37,
2026,1501+,University of Brawijaya,Indonesia,"47,186",16.1,4%,60 : 40,
2026,1501+,University of Calabar,Nigeria,"24,000",15.7,0%,88 : 12,
2026,1501+,University of Carthage,Tunisia,"32,944",10.6,1%,64 : 36,
2026,1501+,University of Cauca,Colombia,"16,898",12.6,0%,49 : 51,
2026,1501+,University of Caxias do Sul,Brazil,"13,482",29.8,0%,54 : 46,
2026,1501+,University of Chester,United Kingdom,"11,380",18.4,28%,66 : 34,
2026,1501+,University of Costa Rica,Costa Rica,"30,813",14.6,2%,52 : 48,
2026,1501+,University of Craiova,Romania,"16,584",17.0,4%,52 : 48,
2026,1501+,University of Cuenca,Ecuador,"16,641",19.9,1%,58 : 42,
2026,1501+,University of Dar es Salaam,Tanzania,"38,201",20.9,0%,48 : 52,
2026,1501+,University of Diyala,Iraq,"26,009",13.8,0%,56 : 44,
2026,1501+,Prague University of Economics and Business (VŠE),Czechia,"14,471",28.3,30%,52 : 48,
2026,1501+,University of Fortaleza (UNIFOR),Brazil,"23,797",24.8,0%,53 : 47,
2026,1501+,University of Fukui,Japan,"4,833",7.8,3%,30 : 70,
2026,1501+,University of Gdańsk,Poland,"18,116",10.0,3%,67 : 33,
2026,1501+,University of Guadalajara,Mexico,"145,850",20.7,0%,55 : 45,
2026,1501+,University of Guanajuato,Mexico,"31,014",21.0,0%,55 : 45,
2026,1501+,University of Havana,Cuba,"16,451",11.1,3%,62 : 38,
2026,1501+,University of Hormozgan,Iran,"3,685",15.4,3%,66 : 34,
2026,1501+,University of Huelva,Spain,"10,926",13.7,3%,46 : 54,
2026,1501+,University of Hyogo,Japan,"6,551",12.5,3%,40 : 60,
2026,1501+,University of Jijel,Algeria,"22,568",21.1,0%,70 : 30,
2026,1501+,University of Karachi,Pakistan,"47,940",39.8,0%,62 : 38,
2026,1501+,University of Kelaniya,Sri Lanka,"19,766",17.2,3%,66 : 34,
2026,1501+,University of Kerbala,Iraq,"25,226",12.4,0%,55 : 45,
2026,1501+,University of Kirkuk,Iraq,"23,071",13.9,0%,57 : 43,
2026,1501+,University of Kufa,Iraq,"35,860",11.8,0%,59 : 41,
2026,1501+,University of Laghouat,Algeria,"25,934",22.6,0%,48 : 52,
2026,1501+,University of Lampung,Indonesia,"27,602",15.6,0%,65 : 35,
2026,1501+,University of La Rochelle,France,"7,760",19.8,10%,55 : 45,
2026,1501+,University of La Sabana,Colombia,"10,316",13.2,2%,57 : 43,
2026,1501+,University of Las Américas (UDLA),Ecuador,"14,757",11.2,3%,53 : 47,
2026,1501+,University of Lethbridge,Canada,"7,219",13.2,16%,,
2026,1501+,University of Life Sciences in Lublin,Poland,"6,705",10.2,3%,66 : 34,
2026,1501+,University of Lodz,Poland,"21,312",14.1,10%,61 : 39,
2026,1501+,University of Los Lagos,Chile,"6,923",19.0,0%,62 : 38,
2026,1501+,University of Lucknow,India,"16,650",22.3,3%,51 : 49,
2026,1501+,University of Macedonia,Greece,"11,703",56.3,5%,50 : 50,
2026,1501+,University of Mascara,Algeria,"22,010",22.2,0%,63 : 37,
2026,1501+,University of Mataram,Indonesia,"30,131",22.1,0%,62 : 38,
2026,1501+,University of Medellín,Colombia,"7,158",16.8,2%,53 : 47,
2026,1501+,University of Miskolc,Hungary,"9,107",17.7,9%,51 : 49,
2026,1501+,University of Miyazaki,Japan,"5,444",7.8,2%,37 : 63,
2026,1501+,University of Monastir,Tunisia,"20,673",9.3,2%,68 : 32,
2026,1501+,University of Montenegro,Montenegro,"15,557",21.1,2%,61 : 39,
2026,1501+,University of Moratuwa,Sri Lanka,"11,079",22.1,0%,40 : 60,
2026,1501+,University of Mosul,Iraq,"57,684",13.7,0%,56 : 44,
2026,1501+,University of Nairobi,Kenya,"52,216",23.3,2%,45 : 55,
2026,1501+,University of Namibia,Namibia,"25,403",18.7,3%,63 : 37,
2026,1501+,University of Northampton,United Kingdom,"14,775",21.7,46%,63 : 37,
2026,1501+,University of Novi Sad,Serbia,"49,296",14.0,7%,58 : 42,
2026,1501+,University of Oradea,Romania,"18,847",19.0,5%,60 : 40,
2026,1501+,University of Ostrava,Czechia,"9,219",16.4,12%,70 : 30,
2026,1501+,University of Oum El Bouaghi,Algeria,"12,471",11.0,0%,63 : 37,
2026,1501+,University of Pannonia,Hungary,"5,317",20.0,6%,49 : 51,
2026,1501+,University of Pardubice,Czechia,"7,339",15.3,9%,55 : 45,
2026,1501+,University of Passo Fundo (UPF),Brazil,"6,729",15.2,0%,56 : 44,
2026,1501+,University of Pau and Pays de l’Adour,France,"13,266",13.4,16%,53 : 47,
2026,1501+,University of Pernambuco,Brazil,"19,417",14.1,%,,
2026,1501+,University of Phayao,Thailand,"21,363",21.8,0%,67 : 33,
2026,1501+,University of Port Harcourt,Nigeria,"42,613",30.1,0%,56 : 44,
2026,1501+,University of Primorska,Slovenia,"5,744",13.5,23%,76 : 24,
2026,1501+,University of Prishtina,Kosovo,"25,093",27.0,2%,68 : 32,
2026,1501+,University of Qom,Iran,"9,345",29.5,27%,46 : 54,
2026,1501+,University of Rijeka,Croatia,"12,749",15.6,5%,59 : 41,
2026,1501+,University of Rwanda,Rwanda,"30,597",22.5,3%,38 : 62,
2026,1501+,University of Rzeszów,Poland,"13,491",12.1,3%,67 : 33,
2026,1501+,University of San Martín de Porres,Peru,"38,029",17.2,1%,65 : 35,
2026,1501+,"University of Santiago, Chile (USACH)",Chile,"26,506",20.0,4%,45 : 55,
2026,1501+,University of Santo Tomas,Philippines,"42,253",15.1,6%,58 : 42,
2026,1501+,University of Sarajevo,Bosnia and Herzegovina,"21,375",13.0,3%,,
2026,1501+,University of Science and Technology of Oran Mohamed-Boudiaf,Algeria,"19,249",10.3,1%,52 : 48,
2026,1501+,University of Sciences and Technology Houari Boumediene,Algeria,"36,291",13.7,1%,59 : 41,
2026,1501+,University of Shizuoka,Japan,"3,252",12.0,3%,61 : 39,
2026,1501+,University of Silesia in Katowice,Poland,"17,261",10.6,5%,66 : 34,
2026,1501+,University of Sistan and Baluchestan,Iran,"8,848",24.7,1%,56 : 44,
2026,1501+,University of Sonora,Mexico,"36,946",30.0,2%,58 : 42,
2026,1501+,University of Sousse,Tunisia,"29,075",13.1,2%,68 : 32,
2026,1501+,University of Sri Jayewardenepura,Sri Lanka,"20,006",25.3,0%,63 : 37,
2026,1501+,University of Sunderland,United Kingdom,"15,945",14.4,53%,59 : 41,
2026,1501+,University of Szczecin,Poland,"9,446",9.8,6%,68 : 32,
2026,1501+,University of Taipei,Taiwan,"7,717",16.7,2%,61 : 39,
2026,1501+,University of Talca,Chile,"11,543",12.7,2%,51 : 49,
2026,1501+,University of Technology of Troyes,France,"2,898",17.9,24%,26 : 74,
2026,1501+,University of Texas Rio Grande Valley,United States,"27,919",20.1,3%,61 : 39,
2026,1501+,"University of the Andes, Chile",Chile,"10,398",17.7,2%,56 : 44,
2026,1501+,"University of the Andes, Venezuela",Venezuela,"24,855",14.5,1%,60 : 40,
2026,1501+,University of the Arts London,United Kingdom,"20,785",11.4,59%,76 : 24,
2026,1501+,"University of the North, Colombia",Colombia,"11,592",16.9,2%,49 : 51,
2026,1501+,University of the Ryukyus,Japan,"7,468",9.2,3%,38 : 62,
2026,1501+,University of Thi-Qar,Iraq,"19,964",12.5,0%,63 : 37,
2026,1501+,University of Toyama,Japan,"8,960",10.7,3%,38 : 62,
2026,1501+,University of Tunis,Tunisia,"18,795",10.8,2%,68 : 32,
2026,1501+,University of Valparaíso,Chile,"16,514",17.9,3%,58 : 42,
2026,1501+,University of Warmia and Mazury in Olsztyn,Poland,"15,830",16.8,3%,61 : 39,
2026,1501+,University of West Attica,Greece,"59,127",44.1,2%,43 : 57,
2026,1501+,University of West Bohemia,Czechia,"11,369",14.5,6%,54 : 46,
2026,1501+,University of Western Macedonia,Greece,"14,635",22.9,1%,51 : 49,
2026,1501+,University of Worcester,United Kingdom,"7,725",18.2,18%,72 : 28,
2026,1501+,University of Yamanashi,Japan,"4,668",6.2,6%,31 : 69,
2026,1501+,University of Zambia,Zambia,"29,300",31.2,5%,62 : 38,
2026,1501+,University of Zanjan,Iran,"9,883",23.7,0%,56 : 44,
2026,1501+,University of Zimbabwe,Zimbabwe,"24,488",19.1,1%,58 : 42,
2026,1501+,Uşak University,Turkey,"18,671",26.4,9%,51 : 49,
2026,1501+,Üsküdar University,Turkey,"17,011",28.5,21%,62 : 38,
2026,1501+,Utsunomiya University,Japan,"4,861",14.2,4%,36 : 64,
2026,1501+,Uzhhorod National University,Ukraine,"17,132",13.9,6%,56 : 44,
2026,1501+,Vali-e-Asr University of Rafsanjan,Iran,"6,371",21.7,1%,64 : 36,
2026,1501+,Van Yüzüncü Yil University,Turkey,"21,117",16.7,3%,48 : 52,
2026,1501+,Vasyl Stefanyk Carpathian National University,Ukraine,"14,265",17.3,0%,67 : 33,
2026,1501+,"Vels Institute of Science, Technology and Advanced Studies (VISTAS)",India,"15,173",15.7,0%,25 : 75,
2026,1501+,Vietnam National University (Ho Chi Minh City),Vietnam,"95,620",23.5,0%,46 : 54,
2026,1501+,"Vignan’s Foundation for Science, Technology and Research",India,"8,362",12.8,4%,50 : 50,
2026,1501+,Vilnius Gediminas Technical University (Vilnius Tech),Lithuania,"8,333",13.1,21%,34 : 66,
2026,1501+,Vinayaka Mission’s Research Foundation,India,"14,971",8.7,0%,41 : 59,
2026,1501+,V.N. Karazin Kharkiv National University,Ukraine,"17,491",8.3,27%,51 : 49,
2026,1501+,Volgograd State Medical University,Russian Federation,"9,367",8.2,27%,58 : 42,
2026,1501+,Volgograd State Technical University,Russian Federation,"12,434",13.5,14%,33 : 67,
2026,1501+,Volgograd State University,Russian Federation,"8,062",11.9,4%,53 : 47,
2026,1501+,Voronezh State Technical University,Russian Federation,"10,855",12.8,9%,37 : 63,
2026,1501+,Voronezh State University,Russian Federation,"17,718",12.3,14%,50 : 50,
2026,1501+,Warsaw University of Life Sciences – SGGW,Poland,"15,317",12.3,8%,59 : 41,
2026,1501+,Wasit University,Iraq,"17,316",9.1,0%,53 : 47,
2026,1501+,West University of Timişoara,Romania,"14,808",19.6,6%,66 : 34,
2026,1501+,Wrocław University of Environmental and Life Sciences,Poland,"6,399",11.9,6%,67 : 33,
2026,1501+,Yamagata University,Japan,"8,664",9.1,3%,34 : 66,
2026,1501+,Yamaguchi University,Japan,"10,373",10.9,5%,38 : 62,
2026,1501+,Yasouj University,Iran,"4,104",16.3,4%,57 : 43,
2026,1501+,Yeditepe University,Turkey,"17,879",21.7,7%,56 : 44,
2026,1501+,Yerevan State University,Armenia,"14,333",7.2,3%,53 : 47,
2026,1501+,Yuriy Fedkovych Chernivtsi National University,Ukraine,"13,628",13.9,0%,47 : 53,
2026,1501+,Ziane Achour University of Djelfa,Algeria,"24,721",16.0,0%,47 : 53,
2026,1501+,Zonguldak Bülent Ecevit University,Turkey,"18,524",19.2,10%,53 : 47,
2026,Reporter,Abai Kazakh National Pedagogical University,Kazakhstan,"16,144",10.1,3%,76 : 24,
2026,Reporter,Abasyn University,Pakistan,"5,297",16.1,5%,36 : 64,
2026,Reporter,Abbes Laghrour University Khenchela,Algeria,"10,713",13.8,0%,67 : 33,
2026,Reporter,Abdelhafid Boussouf University Center of Mila,Algeria,"10,653",20.6,0%,70 : 30,
2026,Reporter,Abertay University,United Kingdom,"3,780",20.4,19%,46 : 54,
2026,Reporter,Aditya University,India,"5,216",14.4,1%,32 : 68,
2026,Reporter,Admiralty University of Nigeria,Nigeria,652,12.3,0%,29 : 71,
2026,Reporter,Health Sciences University,United Kingdom,"1,035",15.9,35%,47 : 53,
2026,Reporter,Africa Renewal University,Uganda,"1,370",20.4,10%,45 : 55,
2026,Reporter,Africa University,Zimbabwe,"2,523",36.0,26%,56 : 44,
2026,Reporter,Ahlia University,Bahrain,"1,080",10.2,21%,55 : 45,
2026,Reporter,Ahmed Draia University,Algeria,"13,344",22.0,0%,61 : 39,
2026,Reporter,Ajeenkya DY Patil University,India,"3,793",15.5,0%,36 : 64,
2026,Reporter,Akenten Appiah-Menka University of Skills Training and Entrepreneurial Development,Ghana,"25,371",100.3,0%,33 : 67,
2026,Reporter,Akhmet Yassawi University,Kazakhstan,"10,000",10.8,11%,46 : 54,
2026,Reporter,Akita Prefectural University,Japan,"1,878",9.1,1%,27 : 73,
2026,Reporter,Akli Mohand Oulhadj Bouira University,Algeria,"21,197",25.2,0%,62 : 38,
2026,Reporter,Akwa Ibom State University,Nigeria,"10,360",19.9,0%,53 : 47,
2026,Reporter,Al-Amal College for Specialized Medical Sciences,Iraq,"3,078",15.4,0%,41 : 59,
2026,Reporter,Al-Ameed University,Iraq,"4,300",20.4,0%,40 : 60,
2026,Reporter,Alanya University,Turkey,632,10.7,23%,10 : 90,
2026,Reporter,Alasmarya Islamic University,Libya,"15,444",11.0,2%,59 : 41,
2026,Reporter,Al-Ayen University,Iraq,"16,400",11.7,0%,40 : 60,
2026,Reporter,Al-Bayan University,Iraq,"8,667",45.9,0%,38 : 62,
2026,Reporter,Aleksandër Moisiu University,Albania,"13,299",42.5,0%,76 : 24,
2026,Reporter,Al-Esraa University,Iraq,"17,121",41.2,0%,41 : 59,
2026,Reporter,Al-Farahidi University,Iraq,"33,452",23.7,0%,55 : 45,
2026,Reporter,Alfraganus University,Uzbekistan,"2,331",9.0,1%,46 : 54,
2026,Reporter,Al-Hadba University,Iraq,"7,820",26.1,0%,35 : 65,
2026,Reporter,Al-Hadi University College,Iraq,"3,415",16.0,0%,35 : 65,
2026,Reporter,Al-Hikmah University,Nigeria,"8,065",16.9,0%,41 : 59,
2026,Reporter,Alikhan Bokeikhan University,Kazakhstan,"7,586",12.9,0%,45 : 55,
2026,Reporter,Al-Iraqia University,Iraq,"20,307",14.9,0%,55 : 45,
2026,Reporter,Alisher Navo’i Tashkent State University of Uzbek Language and Literature,Uzbekistan,"4,553",11.7,7%,79 : 21,
2026,Reporter,Al-Janad University for Science and Technology,Yemen,"2,957",55.8,0%,45 : 55,
2026,Reporter,Al-Karkh University of Science,Iraq,"1,977",5.3,0%,49 : 51,
2026,Reporter,Al-Kitab University,Iraq,"14,633",22.7,0%,36 : 64,
2026,Reporter,Almaaqal University,Iraq,"10,631",53.2,0%,45 : 55,
2026,Reporter,AlMaarefa University,Saudi Arabia,"3,345",15.9,25%,57 : 43,
2026,Reporter,Al-Madinah International University (MEDIU),Malaysia,"2,681",70.6,93%,36 : 64,
2026,Reporter,Al-Mansour University College,Iraq,"4,360",28.7,0%,34 : 66,
2026,Reporter,Almaty Humanitarian-Economic University,Kazakhstan,"9,068",23.0,7%,55 : 45,
2026,Reporter,Almaty Management University (AlmaU),Kazakhstan,"5,325",18.7,3%,57 : 43,
2026,Reporter,Almazov National Medical Research Centre,Russian Federation,"2,193",3.6,2%,73 : 27,
2026,Reporter,Al-Mustaqbal University,Iraq,"12,322",18.1,0%,58 : 42,
2026,Reporter,Al-Nisour University,Iraq,"6,300",27.4,0%,63 : 37,
2026,Reporter,Alnoor University,Iraq,"10,033",22.4,0%,44 : 56,
2026,Reporter,Al-Qalam University College,Iraq,"3,850",14.7,1%,38 : 62,
2026,Reporter,Al-Rafidain University College,Iraq,"8,548",54.1,0%,47 : 53,
2026,Reporter,Al Ryada University for Science and Technology - RST,Egypt,"2,931",18.9,0%,46 : 54,
2026,Reporter,Al-Shatrah University,Iraq,"1,555",8.3,0%,40 : 60,
2026,Reporter,Altoosi University,Iraq,"2,071",29.2,0%,48 : 52,
2026,Reporter,Al Turath University,Iraq,"22,155",77.2,0%,45 : 55,
2026,Reporter,Al-Yarmok University College,Iraq,"1,659",10.6,%,48 : 52,
2026,Reporter,Al-Zahraa University for Women,Iraq,"5,470",20.4,0%,100 : 0,
2026,Reporter,Al-Zahrawi University College,Iraq,"2,631",22.9,0%,60 : 40,
2026,Reporter,American University in Dubai,United Arab Emirates,"1,903",14.9,70%,55 : 45,
2026,Reporter,American University in the Emirates (AUE),United Arab Emirates,"1,640",15.7,46%,40 : 60,
2026,Reporter,American University of Ras Al Khaimah,United Arab Emirates,"1,173",12.0,62%,47 : 53,
2026,Reporter,American University of Science,United States,,,,,
2026,Reporter,"Amity University, Chhattisgarh",India,"2,755",19.8,0%,51 : 49,
2026,Reporter,"Amity University, Gwalior",India,"3,732",17.1,0%,38 : 62,
2026,Reporter,"Amity University, Mumbai",India,"5,063",15.9,0%,51 : 49,
2026,Reporter,Amman Arab University,Jordan,"4,447",22.0,18%,42 : 58,
2026,Reporter,Amol University of Special Modern Technologies,Iran,"1,552",24.3,2%,,
2026,Reporter,Andijan Machine-Building Institute,Uzbekistan,"6,654",16.3,3%,36 : 64,
2026,Reporter,Andijan State Medical Institute,Uzbekistan,"10,230",13.1,9%,39 : 61,
2026,Reporter,Andijan State Pedagogical Institute (ASPI),Uzbekistan,,,,,
2026,Reporter,Andijan State University,Uzbekistan,"14,046",23.4,0%,69 : 31,
2026,Reporter,Andrés Bello Catholic University (UCAB),Venezuela,"9,641",17.0,3%,50 : 50,
2026,Reporter,Anglo-American University,Czechia,625,12.6,95%,74 : 26,
2026,Reporter,Ankara Hacı Bayram Veli University,Turkey,"29,939",26.1,3%,56 : 44,
2026,Reporter,Ankara Science University,Turkey,"2,015",21.4,7%,51 : 49,
2026,Reporter,Arab International University (AIU),Syria,"8,468",16.6,2%,50 : 50,
2026,Reporter,Arab Open University,Kuwait,"40,600",53.8,32%,51 : 49,
2026,Reporter,Arish University,Egypt,"8,675",11.6,4%,61 : 39,
2026,Reporter,Arkin University of Creative Arts and Design (ARUCAD),Northern Cyprus,"1,152",14.8,73%,52 : 48,
2026,Reporter,Armenian National Agrarian University,Armenia,"2,939",6.1,0%,25 : 75,
2026,Reporter,Armenian State University of Economics,Armenia,"5,788",6.8,3%,59 : 41,
2026,Reporter,Arts University Bournemouth,United Kingdom,"3,740",14.4,20%,70 : 30,
2026,Reporter,Arts University Plymouth,United Kingdom,960,10.7,11%,74 : 26,
2026,Reporter,Arturo Prat University,Chile,"9,977",22.2,6%,59 : 41,
2026,Reporter,Artvin Çoruh University,Turkey,"6,058",10.9,3%,60 : 40,
2026,Reporter,Asahi University,Japan,"2,447",7.7,4%,37 : 63,
2026,Reporter,Asfendiyarov Kazakh National Medical University,Kazakhstan,"11,810",7.9,26%,65 : 35,
2026,Reporter,A'Sharqiyah University,Oman,"4,543",17.3,0%,77 : 23,
2026,Reporter,Ashoka University,India,"2,840",13.5,5%,57 : 43,
2026,Reporter,Astana International University AIU,Kazakhstan,"5,809",20.0,1%,72 : 28,
2026,Reporter,Astana Medical University,Kazakhstan,"9,256",8.7,8%,66 : 34,
2026,Reporter,Ateneo de Davao University,Philippines,"8,190",45.5,1%,60 : 40,
2026,Reporter,Atlas University,Turkey,"4,124",15.2,18%,68 : 32,
2026,Reporter,Atyrau University,Kazakhstan,"7,932",20.4,1%,63 : 37,
2026,Reporter,Audencia,France,"6,755",40.0,36%,50 : 50,
2026,Reporter,Augustine University,Nigeria,605,7.1,0%,41 : 59,
2026,Reporter,“Aurel Vlaicu” University of Arad,Romania,"5,154",24.1,2%,55 : 45,
2026,Reporter,Autonomous University of Asunción,Paraguay,"5,046",12.7,5%,51 : 49,
2026,Reporter,Autonomous University of Chiapas,Mexico,"29,857",41.8,0%,47 : 53,
2026,Reporter,Avance International University,Uganda,,,,,
2026,Reporter,Avicenna - Batumi Medical University,Georgia,,,,,
2026,Reporter,Avicenna Tajik State Medical University,Tajikistan,"13,024",14.4,12%,48 : 52,
2026,Reporter,Azerbaijan Medical University,Azerbaijan,"7,817",5.4,29%,63 : 37,
2026,Reporter,Azerbaijan State Agricultural University,Azerbaijan,"7,094",12.1,3%,33 : 67,
2026,Reporter,Azerbaijan State Pedagogical University,Azerbaijan,"8,400",6.8,2%,84 : 16,
2026,Reporter,Azerbaijan University of Architecture and Construction,Azerbaijan,"7,212",9.9,7%,45 : 55,
2026,Reporter,Baba Guru Nanak University,Pakistan,"1,174",12.2,0%,54 : 46,
2026,Reporter,Badr University in Cairo (BUC),Egypt,"13,685",18.9,2%,45 : 55,
2026,Reporter,Bakrie University,Indonesia,"4,300",43.9,0%,60 : 40,
2026,Reporter,Baku Engineering University,Azerbaijan,"5,276",10.5,5%,32 : 68,
2026,Reporter,Baku Higher Oil School,Azerbaijan,"1,719",13.0,4%,36 : 64,
2026,Reporter,Baku Slavic University,Azerbaijan,"5,249",8.4,3%,71 : 29,
2026,Reporter,"Bamidele Olumilua University of Education, Science and Technology, Ikere-Ekiti",Nigeria,"7,486",19.4,0%,51 : 49,
2026,Reporter,Bandirma Onyedi Eylül University,Turkey,"14,047",31.4,16%,47 : 53,
2026,Reporter,Bangladesh University of Professionals,Bangladesh,"9,720",18.9,1%,49 : 51,
2026,Reporter,Baqir Al Olum University,Iran,"2,600",10.9,4%,33 : 67,
2026,Reporter,Bath Spa University,United Kingdom,"13,970",31.0,44%,54 : 46,
2026,Reporter,"Bauchi State University, Gadau",Nigeria,"25,578",69.5,0%,36 : 64,
2026,Reporter,Bayburt University,Turkey,"13,379",27.1,2%,55 : 45,
2026,Reporter,Bayelsa Medical University,Nigeria,776,8.0,0%,66 : 34,
2026,Reporter,Baze University,Nigeria,"6,551",11.8,0%,51 : 49,
2026,Reporter,Beaconhouse National University,Pakistan,"2,590",20.4,1%,51 : 49,
2026,Reporter,Begum Nusrat Bhutto (BNB) Women University Sukkur,Pakistan,"1,530",45.0,0%,100 : 0,
2026,Reporter,Belarusian State Medical University,Belarus,"9,174",6.0,30%,54 : 46,
2026,Reporter,Belarusian State University of Informatics and Radioelectronics,Belarus,"11,799",12.4,7%,25 : 75,
2026,Reporter,Bells University of Technology,Nigeria,"3,736",15.5,0%,27 : 73,
2026,Reporter,Bentley University,United States,"4,833",14.2,17%,41 : 59,
2026,Reporter,Beykoz University,Turkey,"2,740",12.4,17%,49 : 51,
2026,Reporter,Bicol University,Philippines,"27,939",41.5,0%,64 : 36,
2026,Reporter,Bilad Alrafidain University,Iraq,"22,500",36.0,0%,53 : 47,
2026,Reporter,Bila Tserkva National Agrarian University,Ukraine,"7,257",13.7,%,57 : 43,
2026,Reporter,BIMM Music Institute Birmingham,United Kingdom,"6,865",40.4,13%,47 : 53,
2026,Reporter,Birmingham Newman University,United Kingdom,"2,410",19.3,12%,76 : 24,
2026,Reporter,Bishop Grosseteste University,United Kingdom,"1,865",18.7,7%,75 : 25,
2026,Reporter,Bloomsbury Institute London,United Kingdom,"1,195",29.9,87%,47 : 53,
2026,Reporter,Bohdan Khmelnytsky National University of Cherkasy,Ukraine,"5,562",13.7,0%,56 : 44,
2026,Reporter,Borys Grinchenko Kyiv Metropolitan University,Ukraine,"8,230",11.8,0%,75 : 25,
2026,Reporter,Bowen University,Nigeria,"5,379",14.7,0%,55 : 45,
2026,Reporter,Brainware University,India,"12,592",24.8,1%,32 : 68,
2026,Reporter,Buana Perjuangan University Karawang,Indonesia,"11,789",109.2,0%,0 : 100,
2026,Reporter,Buckinghamshire New University,United Kingdom,"18,940",44.0,60%,54 : 46,
2026,Reporter,Budapest Business School,Hungary,"20,280",50.8,8%,60 : 40,
2026,Reporter,Budapest Metropolitan University,Hungary,"7,309",29.5,12%,59 : 41,
2026,Reporter,Bukhara Engineering Technological Institute,Uzbekistan,"15,057",24.3,0%,22 : 78,
2026,Reporter,Bukhara State Medical Institute,Uzbekistan,"8,590",13.3,13%,53 : 47,
2026,Reporter,Bukhara State University,Uzbekistan,"22,532",19.2,0%,62 : 38,
2026,Reporter,Bulacan State University,Philippines,"42,534",43.2,0%,57 : 43,
2026,Reporter,Bundelkhand University,India,"5,744",15.4,0%,43 : 57,
2026,Reporter,Cagayan State University,Philippines,"43,045",55.9,0%,56 : 44,
2026,Reporter,Çağ University,Turkey,"3,670",24.3,0%,55 : 45,
2026,Reporter,"California State University, Chico",United States,"12,496",19.0,2%,55 : 45,
2026,Reporter,Canadian International College - Cairo Campus of Cape Breton University Canada,Egypt,"10,106",31.8,3%,33 : 67,
2026,Reporter,Capitol University,Philippines,"4,035",17.9,0%,64 : 36,
2026,Reporter,Caraga State University - Ampayon Campus,Philippines,"9,816",30.8,0%,55 : 45,
2026,Reporter,Carlemany University,Andorra,"3,903",11.7,91%,51 : 49,
2026,Reporter,Catholic University in Erbil,Iraq,594,7.6,4%,59 : 41,
2026,Reporter,Catholic University of Ávila,Spain,"7,931",11.0,3%,54 : 46,
2026,Reporter,Catholic University of Córdoba,Argentina,"11,676",13.1,4%,62 : 38,
2026,Reporter,Catholic University of Uruguay,Uruguay,"5,269",11.0,7%,61 : 39,
2026,Reporter,Cebu Technological University,Philippines,"68,022",48.7,0%,59 : 41,
2026,Reporter,CECOS University of IT and Emerging Sciences,Pakistan,"2,322",14.4,1%,17 : 83,
2026,Reporter,Central Asian University CAU,Uzbekistan,"1,505",13.1,3%,55 : 45,
2026,Reporter,Central Bicol State University of Agriculture,Philippines,"21,620",55.7,0%,65 : 35,
2026,Reporter,Central Luzon State University,Philippines,"13,261",26.2,0%,63 : 37,
2026,Reporter,Central Mindanao Colleges,Philippines,"1,949",81.2,0%,91 : 9,
2026,Reporter,Central University of Europe,Georgia,296,1.1,49%,50 : 50,
2026,Reporter,Centro de Estudios para la Calidad Educativa y la Investigación Científica (CECEIC),Mexico,125,7.4,47%,53 : 47,
2026,Reporter,Centro Universitário Cesuca,Brazil,"4,437",24.4,0%,69 : 31,
2026,Reporter,Centro Universitário de Jaguariúna,Brazil,"3,167",12.6,0%,61 : 39,
2026,Reporter,Centro Universitário Integrado,Brazil,"4,362",145.4,0%,68 : 32,
2026,Reporter,Centro Universitário Max Planck,Brazil,"3,056",12.8,0%,58 : 42,
2026,Reporter,Centro Universitário Nossa Senhora do Patrocínio (CEUNSP),Brazil,"9,138",67.7,0%,66 : 34,
2026,Reporter,CESI,France,"18,169",32.7,9%,25 : 75,
2026,Reporter,CETYS Universidad,Mexico,"5,185",9.5,19%,44 : 56,
2026,Reporter,Chadli Bendjedid El Tarf University,Algeria,"8,730",11.3,0%,100 : 0,
2026,Reporter,Charmo University,Iraq,"1,732",9.5,0%,71 : 29,
2026,Reporter,Chernihiv Polytechnic National University,Ukraine,"4,010",16.0,1%,36 : 64,
2026,Reporter,Chhatrapati Shahu Ji Maharaj University,India,"8,861",28.0,0%,46 : 54,
2026,Reporter,Chirchik State Pedagogical Institute,Uzbekistan,"15,162",26.2,0%,72 : 28,
2026,Reporter,Cholistan University of Veterinary and Animal Sciences,Pakistan,"1,491",16.9,0%,37 : 63,
2026,Reporter,Cihan University – Erbil,Iraq,"6,038",15.4,3%,44 : 56,
2026,Reporter,Cihan University Sulaimaniya,Iraq,"1,493",14.6,1%,57 : 43,
2026,Reporter,City College of San Fernando Pampanga,Philippines,"1,365",18.2,0%,66 : 34,
2026,Reporter,"City University of Science and Information Technology, Peshawar",Pakistan,"4,700",28.1,2%,19 : 81,
2026,Reporter,Civil Aviation Academy,Kazakhstan,"1,783",20.3,3%,24 : 76,
2026,Reporter,Courtauld Institute of Art,United Kingdom,560,12.4,41%,81 : 19,
2026,Reporter,Cranfield University,United Kingdom,"3,550",7.9,71%,30 : 70,
2026,Reporter,Cruzeiro do Sul University,Brazil,"45,451",79.7,0%,53 : 47,
2026,Reporter,Daaru Salaam University (DSU),Somalia,,,,,
2026,Reporter,Daneshpajoohan Pishro Higher Education Institute,Iran,"3,290",47.0,0%,66 : 34,
2026,Reporter,Dawood University of Engineering and Technology,Pakistan,"4,823",21.7,1%,19 : 81,
2026,Reporter,Deen Dayal Upadhyaya Gorakhpur University,India,"10,538",30.6,0%,65 : 35,
2026,Reporter,De La Salle – College of Saint Benilde,Philippines,"11,030",55.2,1%,47 : 53,
2026,Reporter,De La Salle Medical and Health Sciences Institute (DLSMHSI),Philippines,"5,930",14.6,0%,70 : 30,
2026,Reporter,Dhakuakhana College Autonomous,India,840,17.9,0%,52 : 48,
2026,Reporter,DHA Suffa University,Pakistan,"2,932",20.9,0%,31 : 69,
2026,Reporter,Diplomat University,Uzbekistan,"1,369",19.6,1%,1 : 99,
2026,Reporter,Doğuş University,Turkey,"6,459",24.4,3%,46 : 54,
2026,Reporter,Don Bosco University,India,"4,099",18.1,0%,48 : 52,
2026,Reporter,Don Mariano Marcos Memorial State University,Philippines,"20,520",24.2,0%,55 : 45,
2026,Reporter,Dovletmammet Azadi Turkmen National Institute of World Languages,Turkmenistan,"5,367",18.8,0%,81 : 19,
2026,Reporter,Dr. Rafael Belloso Chacín Private University,Venezuela,"10,212",23.2,1%,51 : 49,
2026,Reporter,D. Serikbayev East Kazakhstan Technical University,Kazakhstan,"5,049",10.4,3%,31 : 69,
2026,Reporter,Duhok Polytechnic University,Iraq,"2,709",5.9,1%,47 : 53,
2026,Reporter,Dulaty University,Kazakhstan,"13,108",10.8,1%,47 : 53,
2026,Reporter,EAE Business School,Spain,"2,067",8.3,50%,51 : 49,
2026,Reporter,EAN University,Colombia,"23,574",22.3,1%,54 : 46,
2026,Reporter,École Nationale Polytechnique,Algeria,"2,052",11.8,0%,47 : 53,
2026,Reporter,École Nationale Supérieure Agronomique,Algeria,"1,502",10.8,0%,72 : 28,
2026,Reporter,École Nationale Supérieure de Biotechnologie Taoufik Khaznadar (ENSB),Algeria,"1,287",13.5,0%,82 : 18,
2026,Reporter,École Nationale Supérieure des Sciences de la Mer et de l’Aménagement du Littoral (ENSSMAL),Algeria,"1,019",12.7,0%,100 : 0,
2026,Reporter,Ecole Nationale Supérieure d'Hydraulique,Algeria,"1,108",13.3,0%,44 : 56,
2026,Reporter,École Nationale Supérieure d’Informatique (ESI),Algeria,"1,211",10.4,0%,51 : 49,
2026,Reporter,École National Polytechnique de Constantine,Algeria,"1,183",11.3,0%,38 : 62,
2026,Reporter,École Normale Supérieure de Béchar,Algeria,349,7.3,0%,86 : 14,
2026,Reporter,École Normale Supérieure de Bouzaréah,Algeria,,,%,,
2026,Reporter,École Normale Supérieure de Kouba,Algeria,"4,588",17.6,0%,82 : 18,
2026,Reporter,École Normale Supérieure de Laghouat,Algeria,"3,854",22.9,0%,80 : 20,
2026,Reporter,École Normale Supérieure de Ouargla,Algeria,"1,776",23.7,0%,86 : 14,
2026,Reporter,École Normale Supérieure El Katiba Assia Djebar Constantine (ENSC),Algeria,,,%,,
2026,Reporter,École Polytechnique d’Architecture et d’Urbanisme,Algeria,"1,521",11.4,0%,74 : 26,
2026,Reporter,Ecole Superieure de Commerce (ESC Alger),Algeria,,,%,,
2026,Reporter,École Supérieure des Sciences de l'Aliment et des Industries Agroalimentaires,Algeria,"1,126",15.4,0%,95 : 5,
2026,Reporter,École Supérieure en Informatique 8 Mai 1945 de Sidi-Bel-Abbès,Algeria,909,15.9,0%,34 : 66,
2026,Reporter,École Supérieure en Sciences Appliquées de Tlemcen,Algeria,880,8.7,0%,44 : 56,
2026,Reporter,École Supérieure en Sciences Biologiques d’Oran (ESSBO),Algeria,996,9.1,0%,70 : 30,
2026,Reporter,École Supérieure en Sciences et Technologies de l’Informatique et du Numérique (ESTIN),Algeria,852,17.0,0%,45 : 55,
2026,Reporter,Ecotec University,Ecuador,"10,284",21.2,1%,58 : 42,
2026,Reporter,Effat University,Saudi Arabia,"1,172",13.2,43%,90 : 10,
2026,Reporter,Egerton University,Kenya,"20,143",42.4,0%,35 : 65,
2026,Reporter,Egyptian Chinese University,Egypt,"6,066",55.1,0%,46 : 54,
2026,Reporter,Egyptian Russian University,Egypt,"8,010",13.1,2%,46 : 54,
2026,Reporter,Egypt University of Informatics,Egypt,"1,291",14.8,1%,35 : 65,
2026,Reporter,EIA University,Colombia,"2,145",14.7,0%,44 : 56,
2026,Reporter,Elmergib University,Libya,"22,506",12.8,1%,42 : 58,
2026,Reporter,Emaan Institute of Management and Sciences,Pakistan,,,%,,
2026,Reporter,Emerson University Multan,Pakistan,"9,000",17.4,0%,34 : 66,
2026,Reporter,Emir Abdelkader University of Islamic Sciences,Algeria,"4,487",14.2,1%,78 : 22,
2026,Reporter,Escola Superior de Ciências Sociais Artes e Humanidades,Angola,755,47.2,0%,27 : 73,
2026,Reporter,Escola Superior Pedagógica do Bengo,Angola,,,,,
2026,Reporter,Escola Superior Pedagógica do Bié,Angola,"2,365",24.4,0%,37 : 63,
2026,Reporter,Escola Superior Pedagógica do Cuanza Norte,Angola,,,,,
2026,Reporter,Escuela Superior Politécnica de Chimborazo,Ecuador,"17,108",15.7,1%,49 : 51,
2026,Reporter,ESIC University,Spain,"7,228",34.3,14%,49 : 51,
2026,Reporter,ESLSCA University,Egypt,"3,412",310.2,4%,36 : 64,
2026,Reporter,Estonian Academy of Arts,Estonia,"1,153",12.3,9%,,
2026,Reporter,Eszterházy Károly Catholic University,Hungary,"5,458",15.2,2%,62 : 38,
2026,Reporter,EURECOM,France,562,20.1,69%,25 : 75,
2026,Reporter,European University,Georgia,"2,754",3.3,82%,38 : 62,
2026,Reporter,European University of Armenia,Armenia,"3,060",12.8,5%,54 : 46,
2026,Reporter,European University of Tirana,Albania,"2,307",14.1,0%,,
2026,Reporter,European University Ukraine,Ukraine,"5,322",23.9,0%,62 : 38,
2026,Reporter,"Evangel University, Akaeze",Nigeria,"1,568",4.3,0%,67 : 33,
2026,Reporter,Externado University of Colombia,Colombia,"13,221",8.9,1%,74 : 26,
2026,Reporter,Falmouth University,United Kingdom,"6,720",21.0,11%,57 : 43,
2026,Reporter,Fatima Jinnah Women University,Pakistan,"6,477",34.5,0%,100 : 0,
2026,Reporter,Federal University of Lafia,Nigeria,"15,966",29.5,0%,51 : 49,
2026,Reporter,"Federal University of Petroleum Resources, Effurun",Nigeria,"5,763",30.8,0%,20 : 80,
2026,Reporter,Fergana Polytechnic Institute,Uzbekistan,"14,690",18.2,1%,31 : 69,
2026,Reporter,Fergana State University,Uzbekistan,"20,270",20.8,1%,64 : 36,
2026,Reporter,Final International University,Northern Cyprus,"3,970",4.3,53%,42 : 58,
2026,Reporter,Finis Terrae University,Chile,"10,227",9.0,4%,60 : 40,
2026,Reporter,Fo Guang University,Taiwan,"3,068",15.2,6%,53 : 47,
2026,Reporter,Forman Christian College,Pakistan,"5,548",19.3,0%,46 : 54,
2026,Reporter,Fountain University,Nigeria,"3,851",25.7,1%,51 : 49,
2026,Reporter,Francisk Skorina Gomel State University,Belarus,"6,667",13.9,14%,72 : 28,
2026,Reporter,Frontier University Garowe,Somalia,"1,028",8.1,11%,44 : 56,
2026,Reporter,FSG University Center,Brazil,"2,130",10.4,0%,68 : 32,
2026,Reporter,Galala University,Egypt,"7,757",37.5,0%,44 : 56,
2026,Reporter,Gangadhar Meher University,India,"6,407",66.7,0%,53 : 47,
2026,Reporter,Gaziantep Islamic Science and Technology University,Turkey,"4,182",24.3,13%,61 : 39,
2026,Reporter,GD Goenka University,India,"4,930",19.3,10%,51 : 49,
2026,Reporter,General Sir John Kotelawala Defence University,Sri Lanka,"5,850",12.4,2%,50 : 50,
2026,Reporter,Ghazi University,Pakistan,"7,873",50.1,0%,33 : 67,
2026,Reporter,Glasgow School of Art,United Kingdom,"2,625",15.9,43%,68 : 32,
2026,Reporter,Global College of Engineering and Technology,Oman,"2,480",49.6,6%,26 : 74,
2026,Reporter,Global Leadership University,Mongolia,"2,649",66.2,1%,72 : 28,
2026,Reporter,Godfrey Okoye University,Nigeria,"2,760",9.3,0%,49 : 51,
2026,Reporter,Gomel State Medical University,Belarus,"3,618",8.9,21%,66 : 34,
2026,Reporter,Gonbad Kavous University,Iran,"3,284",9.7,0%,65 : 35,
2026,Reporter,Gordon College,Philippines,"6,779",67.8,0%,60 : 40,
2026,Reporter,Government College Women University Faisalabad,Pakistan,"11,839",29.5,0%,100 : 0,
2026,Reporter,"Government College Women University, Sialkot",Pakistan,"7,982",41.1,0%,100 : 0,
2026,Reporter,Graduate University of Advanced Technology,Iran,503,3.4,0%,61 : 39,
2026,Reporter,Grodno State Medical University,Belarus,"5,124",9.7,24%,67 : 33,
2026,Reporter,Guildhall School of Music and Drama,United Kingdom,"1,005",4.7,34%,46 : 54,
2026,Reporter,Guimaras State University,Philippines,"8,050",41.3,0%,54 : 46,
2026,Reporter,Gulf College,Oman,"3,413",31.3,5%,45 : 55,
2026,Reporter,Gulf Medical University,United Arab Emirates,"2,345",14.9,92%,72 : 28,
2026,Reporter,Gulf University,Bahrain,943,10.6,20%,55 : 45,
2026,Reporter,Gulf University for Science and Technology,Kuwait,"1,715",11.3,14%,52 : 48,
2026,Reporter,Gulistan State University,Uzbekistan,"9,057",15.9,0%,46 : 54,
2026,Reporter,Hadhramout University,Yemen,"11,185",11.2,12%,54 : 46,
2026,Reporter,Hagoromo University of International Studies,Japan,"1,132",22.6,17%,51 : 49,
2026,Reporter,Hakuoh University,Japan,"5,222",42.5,0%,44 : 56,
2026,Reporter,Häme University of Applied Sciences,Finland,"8,202",37.1,13%,54 : 46,
2026,Reporter,Hanseo University,South Korea,"6,001",24.3,5%,37 : 63,
2026,Reporter,Harper Adams University,United Kingdom,"3,035",17.3,6%,62 : 38,
2026,Reporter,Hartpury University,United Kingdom,"2,250",16.7,11%,70 : 30,
2026,Reporter,Hawler Medical University,Iraq,"4,278",7.0,1%,62 : 38,
2026,Reporter,Hebron University,Palestine,"10,301",12.0,22%,71 : 29,
2026,Reporter,"Higher National School of Renewable Energies, Environment & Sustainable Development",Algeria,859,16.8,0%,100 : 0,
2026,Reporter,Higher School of Agronomy – Mostaganem (ESAM),Algeria,861,13.9,0%,70 : 30,
2026,Reporter,Higher School of Management and Digital Economy (HSMDE),Algeria,,,%,,
2026,Reporter,Hilla University College,Iraq,"7,775",17.4,0%,50 : 50,
2026,Reporter,Hiroshima International University,Japan,"4,019",15.2,1%,47 : 53,
2026,Reporter,HITEC University,Pakistan,"3,022",21.3,0%,20 : 80,
2026,Reporter,Horus University,Egypt,"13,608",16.9,0%,47 : 53,
2026,Reporter,Ho Technical University,Ghana,"5,266",21.4,0%,36 : 64,
2026,Reporter,Hryhorii Skovoroda University in Pereiaslav,Ukraine,"7,110",23.5,2%,52 : 48,
2026,Reporter,Hyogo University of Teacher Education,Japan,"1,151",8.7,1%,59 : 41,
2026,Reporter,Iași University of Life Sciences,Romania,"4,125",15.8,9%,58 : 42,
2026,Reporter,"ICFAI University, Dehradun",India,"2,217",32.1,0%,45 : 55,
2026,Reporter,Igbinedion University Okada,Nigeria,"5,287",13.2,0%,58 : 42,
2026,Reporter,IIMT University,India,"7,122",15.0,0%,35 : 65,
2026,Reporter,Ilma University,Pakistan,"5,144",20.3,0%,22 : 78,
2026,Reporter,Imam Alkadhim University College,Iraq,"9,758",17.8,0%,57 : 43,
2026,Reporter,Imam Ja’afar Al-Sadiq University,Iraq,"20,100",24.5,0%,27 : 73,
2026,Reporter,Imam Reza International University,Iran,"8,276",10.1,11%,54 : 46,
2026,Reporter,IMT Mines Alès,France,"1,353",12.5,16%,30 : 70,
2026,Reporter,"Independent University, Bangladesh",Bangladesh,"11,779",29.4,0%,47 : 53,
2026,Reporter,Indian Institute of Science Education and Research Tirupati,India,"1,024",13.0,0%,40 : 60,
2026,Reporter,Information Technology University of the Punjab,Pakistan,"1,394",13.3,0%,24 : 76,
2026,Reporter,Institute of Agriculture and Agrotechnologies of Karakalpakstan,Uzbekistan,"3,553",17.4,0%,44 : 56,
2026,Reporter,Institute of Cancer Research,United Kingdom,260,3.3,40%,71 : 29,
2026,Reporter,Institute of International Relations of the Ministry of Foreign Affairs of Turkmenistan,Turkmenistan,,,,,
2026,Reporter,Institute of Telecommunications and Informatics of Turkmenistan,Turkmenistan,"3,000",10.0,0%,23 : 77,
2026,Reporter,Instituto Superior de Ciências da Educação da Huíla,Angola,"5,638",21.3,0%,40 : 60,
2026,Reporter,Instituto Superior de Ciências da Educação de Benguela,Angola,"2,299",22.3,0%,34 : 66,
2026,Reporter,Instituto Superior de Ciências da Educação de Luanda,Angola,"3,000",28.0,0%,23 : 77,
2026,Reporter,Instituto Superior de Ciências da Educação do Huambo,Angola,"2,483",27.9,0%,36 : 64,
2026,Reporter,Instituto Superior de Ciências de Educação de Cabinda,Angola,,,,,
2026,Reporter,Instituto Superior de Ciências de Educação do Sumbe,Angola,,,,,
2026,Reporter,Instituto Superior Politécnico de Ndalatando,Angola,"2,847",36.5,0%,26 : 74,
2026,Reporter,Instituto Superior Politécnico de Soyo,Angola,"2,272",22.9,0%,42 : 58,
2026,Reporter,Instituto Superior Politécnico do Bengo,Angola,,,,,
2026,Reporter,Instituto Superior Politécnico do Bié,Angola,,,,,
2026,Reporter,Instituto Superior Politécnico do Cuanza Sul,Angola,"1,284",15.1,0%,42 : 58,
2026,Reporter,Instituto Superior Politécnico do Moxico,Angola,,,,,
2026,Reporter,Instituto Superior Universitário Nimi Ya Lukeni,Angola,,,,,
2026,Reporter,Instituto Tecnológico de Buenos Aires (ITBA),Argentina,"3,901",9.5,6%,38 : 62,
2026,Reporter,Institut Teknologi Nasional Bandung (ITENAS Bandung),Indonesia,"7,035",25.6,0%,24 : 76,
2026,Reporter,Institut Teknologi PLN,Indonesia,"4,270",21.1,0%,28 : 72,
2026,Reporter,International IT University,Kazakhstan,"4,416",16.3,1%,22 : 78,
2026,Reporter,International University for the Humanities and Development,Turkmenistan,"2,150",17.9,0%,64 : 36,
2026,Reporter,International University of Erbil,Iraq,271,6.6,1%,57 : 43,
2026,Reporter,International University of Grand-Bassam (IUGB),Côte d'Ivoire,958,10.3,15%,42 : 58,
2026,Reporter,Interregional Academy of Personnel Management (IAPM),Ukraine,"7,016",6.0,11%,53 : 47,
2026,Reporter,Ion Mincu University of Architecture and Urbanism,Romania,"3,529",8.8,3%,72 : 28,
2026,Reporter,Iqra National University,Pakistan,"5,136",22.9,1%,30 : 70,
2026,Reporter,Israel Technological University,Ecuador,"3,157",29.8,1%,33 : 67,
2026,Reporter,Istanbul Gedik University,Turkey,"10,049",34.7,21%,43 : 57,
2026,Reporter,Istanbul Kültür University,Turkey,"15,070",33.6,7%,48 : 52,
2026,Reporter,İstanbul Nişantaşi University,Turkey,"19,868",27.1,29%,40 : 60,
2026,Reporter,İstanbul Topkapı University,Turkey,"5,332",34.4,9%,36 : 64,
2026,Reporter,Istanbul Yeni Yuzyil University,Turkey,"5,734",14.9,23%,59 : 41,
2026,Reporter,IUBAT – International University of Business Agriculture and Technology,Bangladesh,"7,883",23.8,1%,35 : 65,
2026,Reporter,Jabir ibn Hayyan University for Medical and Pharmaceutical Sciences,Iraq,"2,373",7.4,0%,58 : 42,
2026,Reporter,Jadara University,Jordan,"5,436",10.9,21%,54 : 46,
2026,Reporter,Japan Advanced Institute of Science and Technology (JAIST),Japan,"1,141",7.4,40%,23 : 77,
2026,Reporter,Jaramogi Oginga Odinga University of Science and Technology,Kenya,"8,514",37.3,1%,34 : 66,
2026,Reporter,"Jaypee University of Engineering and Technology, Guna",India,"1,820",23.6,0%,20 : 80,
2026,Reporter,Jesselton University College,Malaysia,170,5.2,32%,44 : 56,
2026,Reporter,Jinnah Sindh Medical University,Pakistan,"4,840",15.1,2%,70 : 30,
2026,Reporter,Jizzakh Polytechnic Institute,Uzbekistan,"9,468",18.5,0%,19 : 81,
2026,Reporter,Jizzakh State Pedagogical University,Uzbekistan,"20,750",29.9,0%,73 : 27,
2026,Reporter,João Pessoa University Center (UNIPÊ),Brazil,"10,339",31.9,0%,61 : 39,
2026,Reporter,John von Neumann University,Hungary,"3,785",18.7,2%,26 : 74,
2026,Reporter,JSSATE Bengaluru,India,"3,146",16.6,%,28 : 72,
2026,Reporter,Kabarak University,Kenya,"8,399",37.0,0%,48 : 52,
2026,Reporter,Kabardino-Balkarian State University,Russian Federation,"13,205",23.1,18%,44 : 56,
2026,Reporter,Kabul University,Afghanistan,"15,084",20.7,0%,40 : 60,
2026,Reporter,Kaduna State University,Nigeria,"27,069",23.7,0%,56 : 44,
2026,Reporter,Kamianets-Podіlskyi Ivan Ohiienko National University,Ukraine,"4,650",16.6,0%,64 : 36,
2026,Reporter,Karakalpak State University,Uzbekistan,"29,293",24.3,1%,48 : 52,
2026,Reporter,Karakoram International University,Pakistan,"2,803",18.0,%,49 : 51,
2026,Reporter,Karatina University,Kenya,"8,421",58.5,0%,41 : 59,
2026,Reporter,Karshi State University,Uzbekistan,"12,726",16.8,0%,57 : 43,
2026,Reporter,Kayseri University,Turkey,"3,692",17.3,2%,45 : 55,
2026,Reporter,Kazakh-British Technical University,Kazakhstan,"4,853",22.2,3%,42 : 58,
2026,Reporter,Kazakh National Women’s Teacher Training University,Kazakhstan,"8,615",17.7,2%,100 : 0,
2026,Reporter,Kermanshah University of Technology,Iran,"2,166",14.8,1%,22 : 78,
2026,Reporter,Kharkiv Humanitarian-Pedagogical Academy,Ukraine,"1,936",7.0,0%,66 : 34,
2026,Reporter,Kharkiv International Medical University,Ukraine,316,12.6,71%,48 : 52,
2026,Reporter,Kharkiv National University of Internal Affairs,Ukraine,"7,268",16.9,3%,47 : 53,
2026,Reporter,Kharkiv University of Humanities “People’s Ukrainian Academy”,Ukraine,296,7.2,0%,50 : 50,
2026,Reporter,Khemis Miliana University,Algeria,"17,996",21.0,0%,57 : 43,
2026,Reporter,Kherson State Agrarian and Economic University,Ukraine,"2,461",11.7,0%,30 : 70,
2026,Reporter,Kherson State Maritime Academy,Ukraine,"1,326",9.3,2%,1 : 99,
2026,Reporter,Kherson State University,Ukraine,"2,537",9.5,0%,95 : 5,
2026,Reporter,Khmelnytskyi National University,Ukraine,"6,241",11.4,1%,39 : 61,
2026,Reporter,Khyber Medical University,Pakistan,"9,091",21.5,3%,34 : 66,
2026,Reporter,Kibabii University,Kenya,"8,176",70.5,0%,41 : 59,
2026,Reporter,Kimyo International University in Tashkent,Uzbekistan,"10,228",20.3,11%,66 : 34,
2026,Reporter,King Abdullah University of Science and Technology (KAUST),Saudi Arabia,"1,620",8.5,69%,38 : 62,
2026,Reporter,King Danylo University,Ukraine,"2,930",14.2,0%,37 : 63,
2026,Reporter,Kingdom University,Bahrain,950,22.1,8%,53 : 47,
2026,Reporter,King Edward Medical University,Pakistan,"3,525",12.7,2%,66 : 34,
2026,Reporter,Kinnaird College for Women,Pakistan,"3,350",19.3,0%,100 : 0,
2026,Reporter,Klaipeda University,Lithuania,"2,213",7.7,12%,67 : 33,
2026,Reporter,Knowledge University,Iraq,"3,653",14.4,1%,45 : 55,
2026,Reporter,Kobe Gakuin University,Japan,"8,359",25.6,2%,38 : 62,
2026,Reporter,Kocaeli Health and Technology University,Turkey,"1,887",27.0,30%,57 : 43,
2026,Reporter,Ualikhanov University,Kazakhstan,"7,925",10.1,6%,63 : 37,
2026,Reporter,Komar University of Science and Technology,Iraq,"2,829",8.5,0%,49 : 51,
2026,Reporter,Konan University,Japan,"9,008",26.1,0%,41 : 59,
2026,Reporter,Korkyt Ata Kyzylorda University,Kazakhstan,"10,287",18.4,1%,54 : 46,
2026,Reporter,Koya University,Iraq,"4,688",7.7,1%,50 : 50,
2026,Reporter,Krasnoyarsk State Medical University,Russian Federation,"5,418",8.5,8%,67 : 33,
2026,Reporter,Krok University,Ukraine,"3,592",29.9,2%,47 : 53,
2026,Reporter,K.S.Rangasamy College of Technology,India,"4,196",14.2,0%,39 : 61,
2026,Reporter,Kumasi Technical University,Ghana,"13,190",46.4,1%,33 : 67,
2026,Reporter,Kurdistan Technical Institute,Iraq,"1,808",15.5,0%,56 : 44,
2026,Reporter,Kursk State Medical University,Russian Federation,"6,780",12.1,26%,64 : 36,
2026,Reporter,Kütahya Health Sciences University,Turkey,"3,944",11.9,1%,69 : 31,
2026,Reporter,Kut University College,Iraq,"12,181",11.1,0%,47 : 53,
2026,Reporter,Kuwait College of Science and Technology (KCST),Kuwait,"1,567",23.7,7%,53 : 47,
2026,Reporter,Kyiv National Economic University,Ukraine,"10,930",12.6,0%,56 : 44,
2026,Reporter,Kyiv National University of Technologies and Design,Ukraine,"7,061",31.1,19%,52 : 48,
2026,Reporter,Kyoai Gakuen University,Japan,"1,193",18.9,2%,62 : 38,
2026,Reporter,Kyoto Sangyo University,Japan,"13,343",23.4,2%,34 : 66,
2026,Reporter,Kyrgyz National University named after Jusup Balasagyn,Kyrgyzstan,"13,992",21.1,2%,58 : 42,
2026,Reporter,Kyrgyz-Turkish Manas University,Kyrgyzstan,"4,097",13.3,14%,69 : 31,
2026,Reporter,Kyungdong University,South Korea,"7,060",18.7,12%,56 : 44,
2026,Reporter,K. Zhubanov Aktobe Regional University,Kazakhstan,"13,666",22.7,1%,62 : 38,
2026,Reporter,Lagos State University of Education,Nigeria,"11,362",21.9,0%,60 : 40,
2026,Reporter,Lagos State University of Science and Technology,Nigeria,"5,754",21.4,%,43 : 57,
2026,Reporter,Lahore Garrison University,Pakistan,"6,225",21.0,0%,40 : 60,
2026,Reporter,Lankaran State University,Azerbaijan,"6,098",9.5,1%,50 : 50,
2026,Reporter,La Salle University (Colombia),Colombia,"8,891",17.7,1%,57 : 43,
2026,Reporter,Law Enforcement Academy of the Republic of Uzbekistan,Uzbekistan,"1,199",11.2,0%,14 : 86,
2026,Reporter,Lead City University,Nigeria,"9,338",23.7,0%,54 : 46,
2026,Reporter,Lebanese French University,Iraq,"2,001",22.2,0%,41 : 59,
2026,Reporter,Leeds Arts University,United Kingdom,"2,185",16.2,15%,75 : 25,
2026,Reporter,Leeds Conservatoire,United Kingdom,"1,410",23.5,10%,38 : 62,
2026,Reporter,Leeds Trinity University,United Kingdom,"11,690",53.1,48%,56 : 44,
2026,Reporter,Lesya Ukrainka Volyn National University,Ukraine,"11,305",17.8,2%,66 : 34,
2026,Reporter,Leyte Normal University,Philippines,"8,033",24.6,0%,77 : 23,
2026,Reporter,Liaquat University of Medical and Health Sciences (LUMHS),Pakistan,"15,173",9.6,1%,50 : 50,
2026,Reporter,Liverpool Institute for Performing Arts,United Kingdom,950,17.3,27%,57 : 43,
2026,Reporter,Liverpool School of Tropical Medicine,United Kingdom,155,1.7,36%,68 : 32,
2026,Reporter,London Academy of Music and Dramatic Art (LAMDA),United Kingdom,300,5.5,50%,59 : 41,
2026,Reporter,London Business School,United Kingdom,"1,785",17.9,91%,40 : 60,
2026,Reporter,London Film School,United Kingdom,250,7.1,87%,49 : 51,
2026,Reporter,London School of Hygiene and Tropical Medicine,United Kingdom,825,1.6,65%,70 : 30,
2026,Reporter,Lords University,India,866,6.9,0%,31 : 69,
2026,Reporter,LSPR Institute of Communication & Business,Indonesia,"5,605",35.5,0%,51 : 49,
2026,Reporter,Lutsk National Technical University,Ukraine,"9,794",22.6,0%,26 : 74,
2026,Reporter,Luxor University,Egypt,"3,365",9.5,2%,59 : 41,
2026,Reporter,Lyceum-Northwestern University,Philippines,"11,905",52.2,11%,58 : 42,
2026,Reporter,Machakos University,Kenya,"11,663",56.1,0%,36 : 64,
2026,Reporter,Magtymguly Turkmen State University,Turkmenistan,"8,046",12.4,0%,62 : 38,
2026,Reporter,Mahatma Jyotiba Phule Rohilkhand University,India,"3,053",9.7,2%,49 : 51,
2026,Reporter,Malatya Turgut Ozal University,Turkey,"3,858",12.3,2%,48 : 52,
2026,Reporter,Malawi University of Science and Technology (MUST),Malawi,"3,900",14.7,0%,34 : 66,
2026,Reporter,Mangalayatan University Jabalpur,India,"2,171",16.7,0%,39 : 61,
2026,Reporter,Manila Central University,Philippines,"2,400",7.1,5%,70 : 30,
2026,Reporter,Mansoura National University,Egypt,"3,988",9.8,0%,43 : 57,
2026,Reporter,Mapúa Malayan Colleges Laguna,Philippines,"4,821",37.1,0%,40 : 60,
2026,Reporter,Mardin Artuklu University,Turkey,"10,582",21.8,14%,51 : 49,
2026,Reporter,Marinduque State University,Philippines,"9,683",56.3,0%,53 : 47,
2026,Reporter,Maritime University of Szczecin,Poland,"2,681",24.6,18%,23 : 77,
2026,Reporter,Marwadi University,India,"5,256",10.2,22%,45 : 55,
2026,Reporter,Maryam Abacha American University of Niger,Niger,"9,658",11.3,62%,55 : 45,
2026,Reporter,Maryam Abacha American University of Nigeria,Nigeria,"7,066",12.4,11%,76 : 24,
2026,Reporter,Medizinische Hochschule Hannover,Germany,"4,130",10.7,13%,64 : 36,
2026,Reporter,Meikai University,Japan,"4,851",17.4,14%,44 : 56,
2026,Reporter,Menoufia National University,Egypt,152,4.2,0%,15 : 85,
2026,Reporter,Metropolitan International University,Uganda,,,,,
2026,Reporter,Middle East College,Oman,939,29.3,2%,44 : 56,
2026,Reporter,Middle East University,Jordan,"5,022",17.9,27%,51 : 49,
2026,Reporter,Middle East University – Lebanon,Lebanon,106,4.7,36%,45 : 55,
2026,Reporter,Midocean University,Comoros,"21,000",107.7,100%,50 : 50,
2026,Reporter,Mingachevir State University (MSU),Azerbaijan,"5,191",20.2,0%,55 : 45,
2026,Reporter,Minhaj University Lahore,Pakistan,"2,845",7.2,0%,55 : 45,
2026,Reporter,Misurata University,Libya,"19,154",13.2,1%,64 : 36,
2026,Reporter,"MIT Art, Design and Technology University",India,"10,241",16.7,1%,51 : 49,
2026,Reporter,Modern University for Business and Science,Lebanon,"1,693",12.9,6%,62 : 38,
2026,Reporter,Modulo University Center,Brazil,"3,669",51.7,0%,69 : 31,
2026,Reporter,Mohammad Ali Jinnah University,Pakistan,"7,251",28.8,0%,34 : 66,
2026,Reporter,Mohammed VI University of Sciences and Health,Morocco,"5,752",15.4,5%,67 : 33,
2026,Reporter,Moscow City University,Russian Federation,"10,395",10.7,5%,69 : 31,
2026,Reporter,Moscow State Linguistic University,Russian Federation,"6,262",6.4,12%,72 : 28,
2026,Reporter,Moscow State Tchaikovsky Conservatory,Russian Federation,"1,589",3.6,27%,48 : 52,
2026,Reporter,Mount Kenya University,Kenya,"101,040",158.4,4%,40 : 60,
2026,Reporter,Muban Chombueng Rajabhat University,Thailand,"4,159",14.0,0%,60 : 40,
2026,Reporter,Muhammadiyah University of Makassar,Indonesia,"16,186",22.0,1%,61 : 39,
2026,Reporter,Muhammadiyah University of North Sumatra,Indonesia,"13,794",18.8,1%,48 : 52,
2026,Reporter,Muhammadiyah University of Sidoarjo,Indonesia,"8,499",34.4,2%,54 : 46,
2026,Reporter,"Muhammad Nawaz Sharif University of Engineering & Technology, Multan",Pakistan,"1,075",21.9,0%,13 : 87,
2026,Reporter,Mukogawa Women’s University,Japan,"9,212",25.4,0%,100 : 0,
2026,Reporter,Mulungushi University,Zambia,"12,171",87.6,2%,45 : 55,
2026,Reporter,Murang'a University of Technology,Kenya,"9,666",44.5,0%,34 : 66,
2026,Reporter,Musashino University,Japan,"9,955",21.2,9%,57 : 43,
2026,Reporter,Myrat Garryyev State Medical University of Turkmenistan,Turkmenistan,"4,940",7.9,%,61 : 39,
2026,Reporter,Nahdlatul Ulama University Surabaya,Indonesia,"8,979",31.5,0%,80 : 20,
2026,Reporter,Nakhon Ratchasima Rajabhat University,Thailand,"13,440",23.8,1%,68 : 32,
2026,Reporter,Namangan State Pedagogical Institute,Uzbekistan,"7,823",55.9,0%,74 : 26,
2026,Reporter,Namangan State Technical University,Uzbekistan,"13,411",12.8,0%,13 : 87,
2026,Reporter,Narxoz University,Kazakhstan,"5,700",8.6,10%,52 : 48,
2026,Reporter,"Nasarawa State University, Keffi",Nigeria,"30,084",14.9,6%,51 : 49,
2026,Reporter,National Defence University - Pakistan,Pakistan,"2,733",13.7,2%,37 : 63,
2026,Reporter,National Film and Television School,United Kingdom,440,6.8,39%,50 : 50,
2026,Reporter,National Polytechnic University of Armenia,Armenia,"5,056",8.2,4%,36 : 64,
2026,Reporter,National School of Artificial Intelligence (ENSIA),Algeria,926,18.9,1%,54 : 46,
2026,Reporter,National Taichung University of Education,Taiwan,"5,090",25.3,4%,68 : 32,
2026,Reporter,National Transport University,Ukraine,"6,528",11.6,0%,28 : 72,
2026,Reporter,National University Odessa Law Academy,Ukraine,"11,003",18.2,1%,58 : 42,
2026,Reporter,National University of Education (UNAE),Ecuador,"6,124",25.1,1%,70 : 30,
2026,Reporter,National University of Food Technologies,Ukraine,"4,773",10.1,0%,,
2026,Reporter,Universidad Nacional de Loja,Ecuador,"15,448",19.7,1%,60 : 40,
2026,Reporter,National University of Modern Languages (NUML),Pakistan,"15,152",17.5,1%,42 : 58,
2026,Reporter,National University of Pharmacy,Ukraine,"9,086",39.0,2%,17 : 83,
2026,Reporter,National University of Science and Technology (Iraq),Iraq,"9,166",22.5,0%,53 : 47,
2026,Reporter,National University of Science and Technology (NUST),Zimbabwe,"10,509",20.8,0%,42 : 58,
2026,Reporter,"National University of Science and Technology, Oman",Oman,"5,101",17.4,8%,63 : 37,
2026,Reporter,National University of Technology,Pakistan,"1,153",8.9,0%,15 : 85,
2026,Reporter,National University Philippines,Philippines,"39,823",22.1,0%,60 : 40,
2026,Reporter,National University “Yuri Kondratyuk Poltava Polytechnic”,Ukraine,"9,137",12.2,4%,46 : 54,
2026,Reporter,Navoi State University,Uzbekistan,"11,326",21.0,0%,87 : 13,
2026,Reporter,Navoi State University of Mining and Technologies,Uzbekistan,"10,822",17.2,1%,30 : 70,
2026,Reporter,New Model Institute for Technology and Engineering (NMITE),United Kingdom,65,,14%,25 : 75,
2026,Reporter,Niigata University of Health and Welfare,Japan,"4,798",18.3,0%,50 : 50,
2026,Reporter,Ninevah University,Iraq,"4,871",10.1,0%,43 : 57,
2026,Reporter,North Borneo University College,Malaysia,417,6.0,0%,59 : 41,
2026,Reporter,Northern University,Pakistan,,,%,,
2026,Reporter,Norwich University of the Arts,United Kingdom,"2,745",14.8,12%,65 : 35,
2026,Reporter,Notre Dame of Dadiangas University,Philippines,"7,193",51.7,0%,34 : 66,
2026,Reporter,NSBM Green University,Sri Lanka,"12,432",48.0,0%,52 : 48,
2026,Reporter,Nueva Ecija University of Science and Technology (NEUST),Philippines,"28,133",56.9,1%,55 : 45,
2026,Reporter,Nueva Vizcaya State University,Philippines,"14,312",13.3,0%,61 : 39,
2026,Reporter,Nukus Innovation Institute,Uzbekistan,"2,035",14.7,0%,57 : 43,
2026,Reporter,Nusa Putra University,Indonesia,"5,998",19.7,5%,44 : 56,
2026,Reporter,Odesa National Maritime University,Ukraine,"5,304",8.7,1%,50 : 50,
2026,Reporter,Odesa Polytechnic National University,Ukraine,"8,688",14.2,1%,30 : 70,
2026,Reporter,Oguz Han Engineering and Technology University of Turkmenistan,Turkmenistan,"4,326",17.9,0%,54 : 46,
2026,Reporter,Oman Dental College,Oman,408,13.6,24%,90 : 10,
2026,Reporter,O.M. Beketov National University of Urban Economy in Kharkiv,Ukraine,"7,319",14.0,3%,37 : 63,
2026,Reporter,Omsk State Agrarian University,Russian Federation,"10,087",26.9,6%,49 : 51,
2026,Reporter,Oran Graduate School of Economics,Algeria,"1,214",12.8,0%,73 : 27,
2026,Reporter,Orel State Agrarian University named after N.V. Parahin,Russian Federation,"1,975",11.8,9%,41 : 59,
2026,Reporter,Orel State University named after I.S. Turgenev,Russian Federation,"14,409",18.8,15%,55 : 45,
2026,Reporter,ORT Uruguay University,Uruguay,"4,999",7.0,3%,46 : 54,
2026,Reporter,Ostrogradsky National University of Kremenchuk,Ukraine,"3,529",12.5,0%,46 : 54,
2026,Reporter,Otemon Gakuin University,Japan,"8,216",38.9,3%,36 : 64,
2026,Reporter,Pacific National University,Russian Federation,"11,465",19.8,9%,69 : 31,
2026,Reporter,Palestine Ahliya University,Palestine,"2,446",19.7,18%,60 : 40,
2026,Reporter,Palestine Polytechnic University,Palestine,"6,447",15.5,3%,62 : 38,
2026,Reporter,Palestine Technical University – Kadoorie,Palestine,"4,987",14.5,7%,61 : 39,
2026,Reporter,Pangasinan State University,Philippines,"21,604",30.1,0%,71 : 29,
2026,Reporter,Panteion University of Social and Political Sciences,Greece,"23,198",84.4,1%,61 : 39,
2026,Reporter,Panthéon-Assas University (Paris 2),France,"22,151",80.8,12%,62 : 38,
2026,Reporter,Parahyangan Catholic University,Indonesia,"9,343",,%,,
2026,Reporter,Parul University,India,"33,904",14.4,10%,43 : 57,
2026,Reporter,Pavlo Tychyna Uman State Pedagogical University,Ukraine,"6,456",12.4,1%,56 : 44,
2026,Reporter,Peoples University of Medical & Health Sciences for Women - Shaheed Benazirabad,Pakistan,"6,517",26.1,1%,64 : 36,
2026,Reporter,Petra Christian University,Indonesia,"6,629",15.5,0%,47 : 53,
2026,Reporter,Petroleum Higher School,Russian Federation,"1,691",13.4,9%,32 : 68,
2026,Reporter,Petroleum University of Technology,Iran,"1,741",31.1,0%,22 : 78,
2026,Reporter,Pharos University,Egypt,"11,526",17.0,1%,49 : 51,
2026,Reporter,Philadelphia University (Jordan),Jordan,"5,202",22.0,43%,49 : 51,
2026,Reporter,Piri Reis University,Turkey,"4,689",22.0,0%,26 : 74,
2026,Reporter,Platov South-Russian State Polytechnic University (NPI),Russian Federation,"6,121",7.9,11%,23 : 77,
2026,Reporter,Plymouth Marjon University,United Kingdom,"2,305",21.0,3%,58 : 42,
2026,Reporter,Polissia National University,Ukraine,"4,338",16.0,0%,32 : 68,
2026,Reporter,Polis University,Albania,"1,617",10.2,2%,56 : 44,
2026,Reporter,Poltava State Medical University,Ukraine,"3,803",6.5,17%,61 : 39,
2026,Reporter,Poltava V.G. Korolenko National Pedagogical University (PNPU),Ukraine,"7,426",26.6,1%,63 : 37,
2026,Reporter,Polytechnic of Guarda,Portugal,"2,768",12.2,8%,55 : 45,
2026,Reporter,Polytechnic University of the Philippines,Philippines,"52,205",33.4,0%,65 : 35,
2026,Reporter,Pontificia Universidad Católica Madre y Maestra (PUCMM),Dominican Republic,"11,054",13.4,9%,61 : 39,
2026,Reporter,Positivo University,Brazil,"3,666",1.3,5%,63 : 37,
2026,Reporter,PSB University Cambodia,Cambodia,,,,,
2026,Reporter,PUC-Campinas,Brazil,"7,270",16.5,1%,60 : 40,
2026,Reporter,Qaiwan International University,Iraq,757,3.0,1%,50 : 50,
2026,Reporter,"Quaid-e-Awam University of Engineering, Science and Technology (QUEST)",Pakistan,"4,919",23.3,0%,15 : 85,
2026,Reporter,Queen Margaret University,United Kingdom,"5,310",21.7,27%,78 : 22,
2026,Reporter,Queensland University,Haiti,32,3.2,0%,22 : 78,
2026,Reporter,Quezon City University,Philippines,"10,599",41.1,0%,,
2026,Reporter,Q University,Kazakhstan,"1,277",10.0,0%,45 : 55,
2026,Reporter,Raden Mas Said State Islamic University Surakarta,Indonesia,"19,765",52.0,0%,61 : 39,
2026,Reporter,Rajamangala University of Technology Krungthep,Thailand,"9,573",20.4,1%,53 : 47,
2026,Reporter,Rajamangala University of Technology Phra Nakhon,Thailand,"10,414",20.7,1%,52 : 48,
2026,Reporter,Rajamangala University of Technology Suvarnabhumi,Thailand,"10,078",21.7,0%,28 : 72,
2026,Reporter,Rajarata University of Sri Lanka,Sri Lanka,"9,607",31.1,0%,68 : 32,
2026,Reporter,RAK Medical and Health Sciences University,United Arab Emirates,"1,200",11.8,84%,66 : 34,
2026,Reporter,Rawalpindi Medical University,Pakistan,"4,115",11.2,1%,76 : 24,
2026,Reporter,Redeemer’s University,Nigeria,"6,159",19.9,0%,50 : 50,
2026,Reporter,Riara University,Kenya,"2,437",22.0,4%,45 : 55,
2026,Reporter,Ritsumeikan Asia Pacific University (APU),Japan,"5,553",21.7,45%,52 : 48,
2026,Reporter,Rivers State University,Nigeria,"23,975",2.0,1%,48 : 52,
2026,Reporter,Roi Et Rajabhat University,Thailand,"5,199",13.6,0%,64 : 36,
2026,Reporter,Rome Business School,Italy,"2,036",10.9,71%,58 : 42,
2026,Reporter,Rose Bruford College,United Kingdom,920,26.3,18%,57 : 43,
2026,Reporter,Rostov State University of Economics,Russian Federation,"17,912",21.7,4%,64 : 36,
2026,Reporter,Royal Academy of Dramatic Art (RADA),United Kingdom,180,4.5,19%,61 : 39,
2026,Reporter,Royal Academy of Music,United Kingdom,785,9.2,53%,48 : 52,
2026,Reporter,Royal Agricultural University,United Kingdom,"1,030",25.8,16%,53 : 47,
2026,Reporter,"Royal Central School of Speech and Drama, University of London",United Kingdom,955,15.9,31%,71 : 29,
2026,Reporter,Royal College of Art,United Kingdom,"2,670",14.8,78%,71 : 29,
2026,Reporter,Royal College of Music,United Kingdom,905,10.1,57%,53 : 47,
2026,Reporter,Royal Conservatoire of Scotland,United Kingdom,990,8.6,33%,61 : 39,
2026,Reporter,Royal Northern College of Music,United Kingdom,855,10.7,36%,46 : 54,
2026,Reporter,Royal University for Women (RUW),Bahrain,467,15.6,37%,100 : 0,
2026,Reporter,Rudny Industrial University,Kazakhstan,"1,436",16.9,6%,23 : 77,
2026,Reporter,Russian Biotechnological University (BIOTECH),Russian Federation,"7,545",13.8,5%,51 : 49,
2026,Reporter,Sabratha University,Libya,"15,884",11.7,1%,60 : 40,
2026,Reporter,SAGE University Indore,India,"12,109",19.2,0%,37 : 63,
2026,Reporter,Saint Louis University (Philippines),Philippines,"233,312",836.2,0%,5 : 95,
2026,Reporter,Sakon Nakhon Rajabhat University,Thailand,"7,534",15.7,1%,67 : 33,
2026,Reporter,Samarkand Institute of Economics and Service (SamISI),Uzbekistan,"9,131",39.9,0%,14 : 86,
2026,Reporter,Samarkand State Institute of Architecture and Construction,Uzbekistan,"7,244",18.1,0%,16 : 84,
2026,Reporter,Samarkand State Institute of Foreign Languages,Uzbekistan,"12,818",22.1,0%,82 : 18,
2026,Reporter,Samarkand State Medical University,Uzbekistan,"10,025",8.8,32%,55 : 45,
2026,Reporter,Samarkand State University,Uzbekistan,"11,776",12.8,1%,52 : 48,
2026,Reporter,Samsun University,Turkey,"7,361",25.9,4%,41 : 59,
2026,Reporter,Sanko University,Turkey,"1,289",10.0,4%,62 : 38,
2026,Reporter,Santosh Deemed to be University,India,"1,808",7.5,1%,52 : 48,
2026,Reporter,Saratov State Vavilov Agrarian University,Russian Federation,"11,899",29.7,10%,54 : 46,
2026,Reporter,Sarsen Amanzholov East Kazakhstan University,Kazakhstan,"6,280",14.5,3%,66 : 34,
2026,Reporter,Satya Wacana Christian University,Indonesia,"15,311",29.6,0%,56 : 44,
2026,Reporter,Sawa University,Iraq,"3,014",14.2,0%,34 : 66,
2026,Reporter,SBS Swiss Business School,Switzerland,"2,526",12.4,77%,67 : 33,
2026,Reporter,School of Higher Commercial Studies (EHEC Algiers),Algeria,"1,531",11.3,0%,69 : 31,
2026,Reporter,SDU University,Kazakhstan,"8,826",19.9,2%,54 : 46,
2026,Reporter,SEGi University,Malaysia,"5,908",8.7,66%,56 : 44,
2026,Reporter,Senshu University,Japan,"17,175",20.9,2%,37 : 63,
2026,Reporter,Shaheed Benazir Bhutto University,Pakistan,"4,806",32.5,0%,37 : 63,
2026,Reporter,Shaheed Benazir Bhutto Women University Peshawar,Pakistan,"5,001",26.9,0%,100 : 0,
2026,Reporter,Shaheed Mohtarma Benazir Bhutto Medical University,Pakistan,"3,156",8.4,1%,49 : 51,
2026,Reporter,Shahrisabz State Pedagogical Institute,Uzbekistan,"3,961",16.6,0%,80 : 20,
2026,Reporter,Shakarim University,Kazakhstan,"6,315",17.3,1%,67 : 33,
2026,Reporter,Sher-e-Bangla Agricultural University (SAU),Bangladesh,"5,358",14.9,0%,43 : 57,
2026,Reporter,Shirak State University,Armenia,"1,993",8.7,0%,67 : 33,
2026,Reporter,Simón Bolívar University (Colombia),Colombia,"19,555",18.1,1%,58 : 42,
2026,Reporter,Simon Kuznets Kharkiv National University of Economics,Ukraine,"6,573",16.3,12%,51 : 49,
2026,Reporter,Sisaket Rajabhat University,Thailand,"8,397",29.7,0%,65 : 35,
2026,Reporter,Social Sciences University of Ankara,Turkey,"6,024",23.8,8%,58 : 42,
2026,Reporter,Sohar University,Oman,"4,892",27.5,3%,76 : 24,
2026,Reporter,Sorsogon State University,Philippines,"14,454",31.0,0%,57 : 43,
2026,Reporter,South East European University,North Macedonia,"2,784",18.6,19%,52 : 48,
2026,Reporter,Southern Luzon State University,Philippines,"9,543",29.0,0%,64 : 36,
2026,Reporter,Southern Technical University,Iraq,"15,147",24.4,0%,46 : 54,
2026,Reporter,South Mediterranean University (SMU),Tunisia,"1,578",20.8,4%,47 : 53,
2026,Reporter,Sphinx University,Egypt,"10,340",22.4,0%,45 : 55,
2026,Reporter,Sri Balaji Vidyapeeth,India,"5,525",10.4,2%,57 : 43,
2026,Reporter,Sri Padmavati Mahila Visvavidyalayam (Women's University),India,"5,204",13.9,0%,100 : 0,
2026,Reporter,State Energy Institute of Turkmenistan,Turkmenistan,"2,977",13.9,1%,30 : 70,
2026,Reporter,State Polytechnic of Malang,Indonesia,"14,666",23.4,0%,40 : 60,
2026,Reporter,Stavropol State Agrarian University,Russian Federation,"4,039",6.8,11%,54 : 46,
2026,Reporter,St Luke’s International University,Japan,730,9.4,3%,92 : 8,
2026,Reporter,"St Mary’s University College, Belfast",United Kingdom,890,25.4,45%,72 : 28,
2026,Reporter,"St Mary’s University, Twickenham",United Kingdom,"5,120",17.4,35%,53 : 47,
2026,Reporter,Stranmillis University College,United Kingdom,"1,095",24.3,15%,80 : 20,
2026,Reporter,Sugiyama Jogakuen University,Japan,"5,583",28.2,1%,100 : 0,
2026,Reporter,Sulaimani Polytechnic University,Iraq,"13,932",20.8,0%,57 : 43,
2026,Reporter,Sumgayit State University,Azerbaijan,"5,811",15.7,0%,54 : 46,
2026,Reporter,Sumy State Pedagogical University named after A.S. Makarenko,Ukraine,"3,259",11.9,10%,57 : 43,
2026,Reporter,Swiss German University,Indonesia,798,11.9,2%,24 : 76,
2026,Reporter,Tafila Technical University,Jordan,"5,951",19.1,3%,47 : 53,
2026,Reporter,Tajik National University,Tajikistan,"19,288",14.2,2%,36 : 64,
2026,Reporter,Tarlac Agricultural University,Philippines,"6,223",29.2,5%,59 : 41,
2026,Reporter,Tarsus University,Turkey,"3,163",12.1,2%,43 : 57,
2026,Reporter,Tashkent Institute of Chemical Technology,Uzbekistan,"5,298",23.0,0%,41 : 59,
2026,Reporter,Tashkent Institute of Management and Economics,Uzbekistan,500,3.1,0%,44 : 56,
2026,Reporter,Tashkent Institute of Textile and Light Industry,Uzbekistan,"4,198",11.3,0%,44 : 56,
2026,Reporter,Tashkent International University of Financial Management and Technology (TIFT),Uzbekistan,"15,950",88.1,0%,36 : 64,
2026,Reporter,Tashkent Metropolitan University,Uzbekistan,127,12.7,0%,47 : 53,
2026,Reporter,Tashkent Pediatric Medical Institute,Uzbekistan,"6,825",9.6,2%,55 : 45,
2026,Reporter,Tashkent Pharmaceutical Institute,Uzbekistan,"4,730",16.8,10%,63 : 37,
2026,Reporter,Tashkent State Agrarian University,Uzbekistan,"9,641",18.8,1%,29 : 71,
2026,Reporter,Tashkent State Dental Institute,Uzbekistan,"5,633",9.8,8%,51 : 49,
2026,Reporter,Tashkent State Medical University,Uzbekistan,"10,140",11.7,13%,46 : 54,
2026,Reporter,National Pedagogical University of Uzbekistan named after Nizami,Uzbekistan,"16,814",17.9,3%,66 : 34,
2026,Reporter,Tashkent State Transport University,Uzbekistan,"16,369",17.0,1%,11 : 89,
2026,Reporter,Tashkent State University of Economics,Uzbekistan,"18,745",15.2,7%,46 : 54,
2026,Reporter,Tashkent State University of Law,Uzbekistan,"5,904",11.7,1%,26 : 74,
2026,Reporter,Tashkent State University of Oriental Studies,Uzbekistan,"4,804",15.3,1%,54 : 46,
2026,Reporter,Tata Institute of Fundamental Research,India,984,3.6,0%,30 : 70,
2026,Reporter,Tbilisi State Medical University,Georgia,"8,360",7.2,29%,,
2026,Reporter,T. C. Demiroğlu Bilim University,Turkey,"1,861",11.5,1%,72 : 28,
2026,Reporter,Teacher Education College of Setif,Algeria,"1,590",12.5,0%,94 : 6,
2026,Reporter,Technical University of Cotopaxi (UTC),Ecuador,"10,809",29.5,0%,56 : 44,
2026,Reporter,Technical University of the North,Ecuador,"13,916",21.1,1%,58 : 42,
2026,Reporter,Technische Hochschule Ingolstadt,Germany,"7,395",29.5,32%,31 : 69,
2026,Reporter,Teerthanker Mahaveer University,India,"13,191",15.0,0%,38 : 62,
2026,Reporter,Teikyo Heisei University,Japan,"10,571",20.8,1%,47 : 53,
2026,Reporter,Termez State Pedagogical Institute,Uzbekistan,"9,518",18.4,1%,74 : 26,
2026,Reporter,Termez State University,Uzbekistan,"25,269",36.5,0%,38 : 62,
2026,Reporter,Termez University of Economics and Services,Uzbekistan,"10,518",25.5,0%,50 : 50,
2026,Reporter,Thaksin University,Thailand,"16,390",32.6,0%,67 : 33,
2026,Reporter,The British University in Dubai,United Arab Emirates,641,13.9,64%,48 : 52,
2026,Reporter,The Chartered Institute of Digital Economy,Singapore,,,,,
2026,Reporter,The Future University,Sudan,"1,566",26.1,1%,20 : 80,
2026,Reporter,The Government Sadiq College Women University Bahawalpur,Pakistan,"5,746",53.7,0%,100 : 0,
2026,Reporter,"The Graduate University for Advanced Studies, SOKENDAI",Japan,523,0.5,31%,27 : 73,
2026,Reporter,The Islamic University,Iraq,"5,128",7.8,1%,49 : 51,
2026,Reporter,The National University of Ostroh Academy,Ukraine,"3,016",8.2,0%,61 : 39,
2026,Reporter,The Nelson Mandela African Institution of Science and Technology (NM-AIST),Tanzania,986,7.0,9%,48 : 52,
2026,Reporter,The Public Authority for Applied Education and Training (PAAET),Kuwait,"44,353",17.4,15%,54 : 46,
2026,Reporter,The University of Shiga Prefecture,Japan,"2,875",14.0,1%,49 : 51,
2026,Reporter,The University of World Economy and Diplomacy (UWED),Uzbekistan,"1,996",14.3,2%,32 : 68,
2026,Reporter,The Women University Multan,Pakistan,"8,046",41.3,0%,100 : 0,
2026,Reporter,The World Islamic Sciences and Education University (WISE),Jordan,"8,567",26.6,9%,52 : 48,
2026,Reporter,Thomas Adewumi University,Nigeria,"1,476",15.4,0%,58 : 42,
2026,Reporter,T.H. Shevchenko National University Chernihiv Colehium,Ukraine,"3,750",11.7,0%,54 : 46,
2026,Reporter,Tiradentes University,Brazil,"19,174",18.7,0%,64 : 36,
2026,Reporter,Tissemsilt University,Algeria,"6,046",15.5,0%,61 : 39,
2026,Reporter,Togliatti State University,Russian Federation,"21,562",37.3,8%,49 : 51,
2026,Reporter,Tohoku Gakuin University,Japan,"11,190",38.2,0%,32 : 68,
2026,Reporter,Tokyo University of Foreign Studies,Japan,"4,177",15.6,17%,64 : 36,
2026,Reporter,Tomsk State Pedagogical University,Russian Federation,"4,797",19.2,7%,82 : 18,
2026,Reporter,Toyota Technological Institute,Japan,507,9.6,1%,9 : 91,
2026,Reporter,Transport and Telecommunication Institute,Latvia,"1,664",19.8,18%,24 : 76,
2026,Reporter,Trinity Laban Conservatoire of Music and Dance,United Kingdom,"1,145",11.5,34%,63 : 37,
2026,Reporter,Turan International University,Uzbekistan,,,,,
2026,Reporter,Turan University,Kazakhstan,"5,062",15.4,2%,53 : 47,
2026,Reporter,Turin Polytechnic University in Tashkent,Uzbekistan,"2,076",30.1,2%,16 : 84,
2026,Reporter,Turkmen Agricultural Institute,Turkmenistan,"1,945",10.7,0%,44 : 56,
2026,Reporter,Turkmen Agricultural University named after S.A. Niyazov,Turkmenistan,"2,769",8.0,0%,39 : 61,
2026,Reporter,Turkmen State Architecture and Construction Institute,Turkmenistan,"4,276",12.0,0%,13 : 87,
2026,Reporter,Turkmen State Institute of Economics and Management,Turkmenistan,,,,,
2026,Reporter,Turkmen State Institute of Finance,Turkmenistan,"2,177",14.8,0%,43 : 57,
2026,Reporter,Tver State Technical University,Russian Federation,"3,210",9.5,10%,26 : 74,
2026,Reporter,Tver State University,Russian Federation,"8,249",13.8,2%,61 : 39,
2026,Reporter,UIT University,Pakistan,"1,155",16.7,0%,31 : 69,
2026,Reporter,Ulyanovsk State Technical University,Russian Federation,"7,555",17.2,7%,33 : 67,
2026,Reporter,Ulyanovsk State University,Russian Federation,"7,780",15.1,28%,47 : 53,
2026,Reporter,UNESC,Brazil,"11,462",13.9,0%,64 : 36,
2026,Reporter,Unichristus,Brazil,"6,472",11.0,0%,65 : 35,
2026,Reporter,United International University,Bangladesh,"7,075",25.4,0%,27 : 73,
2026,Reporter,Universiapolis – Université Internationale d’Agadir,Morocco,"3,349",24.8,11%,48 : 52,
2026,Reporter,Universidad Camilo José Cela,Spain,"8,405",44.5,8%,76 : 24,
2026,Reporter,Universidad Católica de Colombia,Colombia,"8,479",15.0,0%,49 : 51,
2026,Reporter,Universidad Católica de Cuenca,Ecuador,"15,373",12.5,3%,57 : 43,
2026,Reporter,Universidad Católica San Pablo,Peru,"10,296",22.8,0%,52 : 48,
2026,Reporter,Universidad César Vallejo,Peru,"172,103",86.7,1%,55 : 45,
2026,Reporter,Universidad del Istmo Panamá,Panama,,,,,
2026,Reporter,Universidad del Magdalena,Colombia,"17,627",34.7,1%,50 : 50,
2026,Reporter,Universidad del Pacífico,Peru,"5,165",15.4,3%,,
2026,Reporter,Universidad de Pamplona,Colombia,"21,920",12.9,0%,51 : 49,
2026,Reporter,Universidade 11 de Novembro,Angola,"5,277",23.9,0%,44 : 56,
2026,Reporter,Universidade Agostinho Neto,Angola,"18,864",24.4,0%,34 : 66,
2026,Reporter,Universidade Cidade de São Paulo,Brazil,"27,614",61.8,0%,55 : 45,
2026,Reporter,Universidade Cuíto Cuanavale,Angola,"1,213",12.3,0%,36 : 64,
2026,Reporter,Universidade de Luanda,Angola,"4,288",21.8,0%,35 : 65,
2026,Reporter,Universidade do Namibe,Angola,"5,631",23.8,0%,47 : 53,
2026,Reporter,Universidade Federal do Ceará (UFC),Brazil,"39,811",19.0,1%,45 : 55,
2026,Reporter,Universidade José Eduardo dos Santos,Angola,"7,903",24.4,0%,34 : 66,
2026,Reporter,Universidade Katyavala Bwila,Angola,"2,428",12.7,0%,26 : 74,
2026,Reporter,Universidade Kimpa Vita,Angola,"3,777",31.5,0%,29 : 71,
2026,Reporter,Universidade Lueji A'Nkonde,Angola,"5,033",13.5,0%,33 : 67,
2026,Reporter,Universidade Mandume ya Ndemufayo,Angola,"5,846",22.9,0%,41 : 59,
2026,Reporter,Universidade Rainha Njinga a Mbande (URNM),Angola,"2,990",16.8,0%,35 : 65,
2026,Reporter,Universidad Estatal a Distancia,Costa Rica,"43,100",17.7,2%,62 : 38,
2026,Reporter,Universidad Internacional del Ecuador,Ecuador,"6,953",18.9,2%,46 : 54,
2026,Reporter,Universidad Libre de Colombia,Colombia,"30,147",27.5,0%,55 : 45,
2026,Reporter,Universidad Manuela Beltrán,Colombia,"8,640",25.0,0%,58 : 42,
2026,Reporter,Universidad Mayor de San Andrés (UMSA),Bolivia,,,%,,
2026,Reporter,Universidad Nacional Abierta y a Distancia (UNAD),Colombia,"352,251",60.7,0%,62 : 38,
2026,Reporter,Universidad Nacional de Chimborazo,Ecuador,"8,943",15.9,1%,60 : 40,
2026,Reporter,Universidad Nacional de Itapúa,Paraguay,"6,485",6.0,0%,46 : 54,
2026,Reporter,Universidad Nacional de Rafaela (UNRaf),Argentina,"2,402",5.4,1%,59 : 41,
2026,Reporter,Universidad Nur,Bolivia,"4,265",9.9,1%,62 : 38,
2026,Reporter,Universidad Popular Autónoma del Estado de Puebla,Mexico,"11,207",15.8,2%,61 : 39,
2026,Reporter,Universidad Regional Amazónica Ikiam,Ecuador,923,7.9,1%,52 : 48,
2026,Reporter,Universidad Tecnológica Centroamericana (UNITEC),Honduras,"8,071",12.3,2%,53 : 47,
2026,Reporter,Universidad Tecnológica de Bolívar,Colombia,"5,762",19.6,1%,39 : 61,
2026,Reporter,Universidad UTE,Ecuador,"9,805",12.8,2%,52 : 48,
2026,Reporter,Università Iuav di Venezia,Italy,"4,484",25.1,9%,59 : 41,
2026,Reporter,Universita IULM,Italy,"9,025",19.7,9%,77 : 23,
2026,Reporter,Universitas Atma Jaya Yogyakarta,Indonesia,"10,059",29.5,0%,45 : 55,
2026,Reporter,Universitas Islam Bandung (UNISBA),Indonesia,"13,597",28.0,0%,56 : 44,
2026,Reporter,Universitas Islam Negeri Maulana Malik Ibrahim Malang,Indonesia,"19,773",19.5,3%,60 : 40,
2026,Reporter,Universitas Islam Sultan Agung,Indonesia,"18,250",14.3,0%,33 : 67,
2026,Reporter,Universitas Mercu Buana,Indonesia,"14,345",18.5,1%,47 : 53,
2026,Reporter,Universitas Pembangunan Nasional Veteran Jawa Timur (UPNVJT),Indonesia,"21,509",38.3,0%,58 : 42,
2026,Reporter,Universitas Pendidikan Ganesha (Undiksha),Indonesia,"14,305",26.6,1%,60 : 40,
2026,Reporter,Universitas Pendidikan Nasional (Undiknas),Indonesia,"5,210",33.6,1%,73 : 27,
2026,Reporter,Universitas Tanjungpura,Indonesia,"37,158",39.3,0%,57 : 43,
2026,Reporter,Universitas Tarumanagara,Indonesia,"14,003",27.3,1%,52 : 48,
2026,Reporter,Universitas Teknokrat Indonesia,Indonesia,"6,470",25.5,5%,53 : 47,
2026,Reporter,Université d’Ain Témouchent,Algeria,"12,061",19.7,1%,63 : 37,
2026,Reporter,Université d’Oran 2 Mohamed Ben Ahmed,Algeria,"23,249",22.0,1%,60 : 40,
2026,Reporter,Université Mohamed El Bachir El Ibrahimi de Bordj Bou Arréridj,Algeria,"24,777",19.2,0%,54 : 46,
2026,Reporter,Universiti Geomatika Malaysia,Malaysia,"2,267",25.8,35%,44 : 56,
2026,Reporter,University Braz Cubas,Brazil,"25,037",136.1,0%,36 : 64,
2026,Reporter,University Center of Aflou,Algeria,"4,282",18.1,0%,51 : 49,
2026,Reporter,University Center of Illizi,Algeria,"1,725",30.3,0%,43 : 57,
2026,Reporter,University Center of the Federal District,Brazil,"18,419",78.7,0%,51 : 49,
2026,Reporter,University Centre of Maghnia,Algeria,"3,533",18.2,0%,59 : 41,
2026,Reporter,University of Naama,Algeria,"7,182",23.8,0%,54 : 46,
2026,Reporter,University College TATI,Malaysia,"1,404",8.7,0%,39 : 61,
2026,Reporter,University for the Creative Arts,United Kingdom,"8,875",24.3,62%,58 : 42,
2026,Reporter,University North,Croatia,"4,519",20.4,0%,53 : 47,
2026,Reporter,University of Agronomic Sciences and Veterinary Medicine of Bucharest,Romania,"11,252",21.0,4%,51 : 49,
2026,Reporter,University of Aleppo,Syria,"112,649",33.8,1%,54 : 46,
2026,Reporter,University of Algiers 1,Algeria,"44,512",17.8,0%,67 : 33,
2026,Reporter,University of Algiers 3,Algeria,"45,097",29.3,0%,49 : 51,
2026,Reporter,University of Al-Hamdaniya,Iraq,"2,365",11.2,0%,33 : 67,
2026,Reporter,University of Alkafeel,Iraq,"5,549",21.3,0%,58 : 42,
2026,Reporter,University of Al-Maarif,Iraq,"5,955",21.2,13%,57 : 43,
2026,Reporter,"University of Baltistan, Skardu",Pakistan,"2,623",25.0,0%,48 : 52,
2026,Reporter,University of Batna 1,Algeria,"28,243",21.6,0%,69 : 31,
2026,Reporter,University of Benghazi,Libya,"77,281",17.0,2%,60 : 40,
2026,Reporter,University of Blumenau (FURB),Brazil,"7,133",11.7,1%,55 : 45,
2026,Reporter,University of Bogotá Jorge Tadeo Lozano,Colombia,"7,122",20.9,2%,57 : 43,
2026,Reporter,University of Chichester,United Kingdom,"5,050",15.3,8%,64 : 36,
2026,Reporter,University of Civil Protection,Belarus,753,4.0,9%,8 : 92,
2026,Reporter,University of Constantine 3,Algeria,"18,347",19.9,2%,71 : 29,
2026,Reporter,University of Cross River State,Nigeria,"41,328",43.5,0%,35 : 65,
2026,Reporter,University of Cumbria,United Kingdom,"6,760",16.5,10%,64 : 36,
2026,Reporter,University of Cyberjaya,Malaysia,"3,045",17.6,28%,61 : 39,
2026,Reporter,University of Delta,Nigeria,"12,955",20.9,0%,58 : 42,
2026,Reporter,University of Doha for Science and Technology (UDST),Qatar,"4,753",17.7,85%,52 : 48,
2026,Reporter,University of Dubai,United Arab Emirates,"1,065",15.3,27%,29 : 71,
2026,Reporter,University of Dubrovnik,Croatia,993,4.8,12%,49 : 51,
2026,Reporter,University of Eastern Pangasinan,Philippines,,,,,
2026,Reporter,University of Eastern Philippines,Philippines,"22,123",49.7,0%,58 : 42,
2026,Reporter,University of Economics in Bratislava,Slovakia,"6,888",16.8,8%,56 : 44,
2026,Reporter,University of Economics – Varna,Bulgaria,"5,162",25.7,5%,64 : 36,
2026,Reporter,University of Educational Management,Ukraine,"1,285",4.8,3%,42 : 58,
2026,Reporter,"University of Engineering & Management, Jaipur",India,"1,806",14.8,0%,17 : 83,
2026,Reporter,University of Eswatini,Eswatini,"8,048",25.7,1%,54 : 46,
2026,Reporter,University of Fallujah,Iraq,"7,536",13.7,0%,52 : 48,
2026,Reporter,University of Franca,Brazil,"56,271",81.8,0%,37 : 63,
2026,Reporter,University of Gafsa,Tunisia,"8,321",10.9,0%,69 : 31,
2026,Reporter,University of Garmian,Iraq,"5,187",11.7,0%,70 : 30,
2026,Reporter,University of Ghardaia,Algeria,,,%,,
2026,Reporter,University of Greater Manchester,United Kingdom,"8,815",18.2,47%,62 : 38,
2026,Reporter,University of Halabja,Iraq,"1,337",6.6,0%,55 : 45,
2026,Reporter,University of Hazrate Masoumeh,Iran,"1,748",34.3,4%,100 : 0,
2026,Reporter,University of Health Sciences Lahore,Pakistan,"1,550",9.9,1%,63 : 37,
2026,Reporter,University of Home Economics Lahore,Pakistan,"2,187",36.5,0%,97 : 3,
2026,Reporter,University of Human Development,Iraq,"2,299",17.0,2%,52 : 48,
2026,Reporter,University of Information Technology and Communications,Iraq,873,3.7,0%,48 : 52,
2026,Reporter,University of Islam Malang,Indonesia,"12,635",33.8,1%,53 : 47,
2026,Reporter,University of Kairouan,Tunisia,"10,694",10.1,0%,66 : 34,
2026,Reporter,University of Liberal Arts Bangladesh,Bangladesh,"5,511",24.4,0%,50 : 50,
2026,Reporter,University of Manara,Iraq,"5,490",24.2,0%,53 : 47,
2026,Reporter,University of Medea,Algeria,"20,675",19.7,0%,59 : 41,
2026,Reporter,University of Misan,Iraq,"17,233",17.9,0%,57 : 43,
2026,Reporter,University of Mohamed Lamine Debaghin Setif 2,Algeria,"24,021",17.7,0%,65 : 35,
2026,Reporter,University of Monterrey,Mexico,"13,133",15.5,4%,60 : 40,
2026,Reporter,University of National and World Economy,Bulgaria,"18,518",43.0,2%,54 : 46,
2026,Reporter,University of Niigata Prefecture,Japan,"1,412",16.8,1%,71 : 29,
2026,Reporter,University of Oil and Gas of Ploiești,Romania,"4,880",22.5,2%,48 : 52,
2026,Reporter,University of Panama,Panama,"76,548",27.9,3%,61 : 39,
2026,Reporter,University of Perpetual Help System DALTA,Philippines,"12,249",33.8,36%,44 : 56,
2026,Reporter,University of Poonch Rawalakot,Pakistan,"5,914",28.8,0%,51 : 49,
2026,Reporter,"University of Professional Studies, Accra",Ghana,"21,668",52.2,0%,47 : 53,
2026,Reporter,University of Raparin,Iraq,"5,375",10.1,0%,63 : 37,
2026,Reporter,University of Saint Joseph,Macao,"1,398",11.7,34%,58 : 42,
2026,Reporter,University of Saint Louis Tuguegarao,Philippines,"5,220",19.4,0%,56 : 44,
2026,Reporter,University of San Agustin,Philippines,"10,832",18.6,0%,67 : 33,
2026,Reporter,University of San Buenaventura Cali,Colombia,"29,377",32.4,1%,53 : 47,
2026,Reporter,University of San Carlos,Philippines,"13,578",35.5,2%,57 : 43,
2026,Reporter,University of Santander,Colombia,"14,757",13.3,2%,62 : 38,
2026,Reporter,University of Science and Culture,Iran,"8,499",66.9,0%,61 : 39,
2026,Reporter,University of Science and Technology,Yemen,"5,869",21.5,1%,40 : 60,
2026,Reporter,University of Science and Technology of Southern Philippines (USTP),Philippines,"22,568",31.8,0%,50 : 50,
2026,Reporter,University of Sopron,Hungary,"2,710",13.9,5%,62 : 38,
2026,Reporter,University of Souk Ahras,Algeria,"12,215",15.2,0%,60 : 40,
2026,Reporter,University of Southeastern Philippines (USeP),Philippines,"10,183",40.2,0%,63 : 37,
2026,Reporter,University of Southern Punjab,Pakistan,"6,014",15.6,0%,59 : 41,
2026,Reporter,University of Suffolk,United Kingdom,"12,060",54.8,60%,54 : 46,
2026,Reporter,University of Sumer,Iraq,"3,018",11.5,0%,52 : 48,
2026,Reporter,University of Swat,Pakistan,"8,184",50.2,1%,23 : 77,
2026,Reporter,"University of Technology, Mauritius",Mauritius,"2,828",13.2,2%,50 : 50,
2026,Reporter,University of Technology Nowshera,Pakistan,399,26.6,0%,0 : 100,
2026,Reporter,University of Telafer,Iraq,"2,008",14.4,0%,49 : 51,
2026,Reporter,University of the Azores,Portugal,"2,905",15.2,8%,79 : 21,
2026,Reporter,University of the Built Environment,United Kingdom,"1,730",34.6,5%,35 : 65,
2026,Reporter,University of the Highlands and Islands,United Kingdom,"6,760",135.2,12%,62 : 38,
2026,Reporter,University of the Humanities,Mongolia,"3,668",39.0,0%,68 : 32,
2026,Reporter,University of the Immaculate Conception,Philippines,"5,081",28.2,0%,51 : 49,
2026,Reporter,University of the Thai Chamber of Commerce,Thailand,"18,329",32.6,5%,55 : 45,
2026,Reporter,University of Tirana,Albania,"19,974",24.8,1%,78 : 22,
2026,Reporter,University of Turkish Aeronautical Association,Turkey,"3,709",22.1,4%,37 : 63,
2026,Reporter,University of Vale do Itajaí,Brazil,"15,740",30.5,1%,61 : 39,
2026,Reporter,University of Wales Trinity Saint David,United Kingdom,"12,645",22.4,41%,57 : 43,
2026,Reporter,University of Warith Al-Anbiyaa,Iraq,"6,441",27.4,0%,38 : 62,
2026,Reporter,University of Zakho,Iraq,"6,295",8.9,1%,54 : 46,
2026,Reporter,University of Zawia,Libya,"28,187",11.0,1%,55 : 45,
2026,Reporter,University of Zintan,Libya,"5,530",6.6,0%,24 : 76,
2026,Reporter,University San Marcos,Costa Rica,,,,,
2026,Reporter,University St. Kliment Ohridski - Bitola,North Macedonia,"4,630",12.7,3%,58 : 42,
2026,Reporter,UNNOBA,Argentina,"9,185",12.1,1%,59 : 41,
2026,Reporter,Urgench State University,Uzbekistan,"28,823",22.7,0%,61 : 39,
2026,Reporter,Uruk University,Iraq,"11,072",23.3,0%,51 : 49,
2026,Reporter,Uttaranchal University,India,"10,707",22.8,1%,37 : 63,
2026,Reporter,Uttara University,Bangladesh,"10,440",20.8,0%,24 : 76,
2026,Reporter,"Uzbekistan State Institute of Arts and Culture, Fergana",Uzbekistan,491,8.0,0%,63 : 37,
2026,Reporter,Uzbekistan State University of World Languages,Uzbekistan,"17,641",17.3,1%,82 : 18,
2026,Reporter,Uzbek State University of Physical Culture and Sport,Uzbekistan,"4,261",10.3,0%,22 : 78,
2026,Reporter,Valahia University of Targoviste,Romania,"5,203",21.7,1%,49 : 51,
2026,Reporter,Valle del Momboy University,Venezuela,"1,338",21.6,0%,60 : 40,
2026,Reporter,Varendra University,Bangladesh,"5,864",29.9,0%,39 : 61,
2026,Reporter,Vasile Alecsandri University of Bacău,Romania,"5,150",34.1,5%,,
2026,Reporter,Vila Velha University,Brazil,"5,775",29.5,1%,58 : 42,
2026,Reporter,Vinnytsia National Technical University,Ukraine,"7,245",16.5,3%,17 : 83,
2026,Reporter,Visayas State University,Philippines,"11,658",12.6,0%,52 : 48,
2026,Reporter,Vitebsk State Technological University,Belarus,"3,862",19.6,15%,39 : 61,
2026,Reporter,VIZJA University,Poland,"8,115",62.4,74%,42 : 58,
2026,Reporter,Warmadewa University,Indonesia,"11,990",26.9,1%,45 : 55,
2026,Reporter,Westcliff University,United States,"5,315",14.2,88%,43 : 57,
2026,Reporter,Western Balkans University,Albania,266,2.2,10%,73 : 27,
2026,Reporter,Western Caspian University,Azerbaijan,"3,703",12.1,4%,53 : 47,
2026,Reporter,"Western University ""Vasile Goldiş"" of Arad",Romania,"4,592",15.4,25%,59 : 41,
2026,Reporter,West Ukrainian National University,Ukraine,"15,710",25.2,2%,39 : 61,
2026,Reporter,WHU: Beisheim,Germany,"1,656",22.4,32%,32 : 68,
2026,Reporter,Widyatama University,Indonesia,"4,104",47.2,0%,18 : 82,
2026,Reporter,World University of Bangladesh (WUB),Bangladesh,"9,138",28.9,1%,42 : 58,
2026,Reporter,World University of Science and Technology,Georgia,,,,,
2026,Reporter,Woxsen University,India,"3,440",18.5,1%,47 : 53,
2026,Reporter,Wrexham University,United Kingdom,"4,955",25.4,39%,59 : 41,
2026,Reporter,WSB Academy,Poland,"5,637",7.0,38%,50 : 50,
2026,Reporter,Yachay University for Experimental Technology and Research (Yachay Tech),Ecuador,"1,459",8.9,1%,45 : 55,
2026,Reporter,Yamaguchi Prefectural University,Japan,"1,360",17.0,2%,85 : 15,
2026,Reporter,Yanka Kupala State University of Grodno,Belarus,"8,398",10.5,9%,56 : 44,
2026,Reporter,Yaroslav Mudryi National Law University,Ukraine,"10,050",19.5,1%,,
2026,Reporter,Yasuj University of Medical Sciences,Iran,"2,687",11.7,2%,57 : 43,
2026,Reporter,Yessenov University,Kazakhstan,"7,781",26.9,5%,54 : 46,
2026,Reporter,Zarqa University,Jordan,"8,459",23.0,21%,49 : 51,
2026,Reporter,Zaytoonah International University,Syria,,,,,
2026,Reporter,Zhetysu University,Kazakhstan,"4,845",10.3,9%,60 : 40,
2026,Reporter,Zhytomyr Ivan Franko State University,Ukraine,"5,659",16.1,0%,66 : 34,
2026,Reporter,Zhytomyr Polytechnic State University,Ukraine,"7,992",23.2,0%,31 : 69,
2026,Reporter,Ziauddin University,Pakistan,"6,862",11.4,0%,64 : 36,
