year,rank_prefix,Rank,Name,Country,Overall,Teaching,Research Environment,Research Quality,Industry,International Outlook
2027,,1,University of Oxford,United Kingdom,97.9,97.1,100.0,96.8,99.9,95.8
2027,,2,Massachusetts Institute of Technology,United States,97.8,99.1,96.5,99.4,100.0,90.9
2027,=,3,Princeton University,United States,97.0,97.4,98.1,98.4,97.2,85.3
2027,=,3,Stanford University,United States,97.0,96.4,98.3,99.3,100.0,83.4
2027,,5,University of Cambridge,United Kingdom,96.9,96.5,99.9,96.0,87.1,95.8
2027,,6,Harvard University,United States,96.7,95.3,100.0,98.5,84.0,88.5
2027,,7,California Institute of Technology,United States,96.5,96.9,98.2,95.9,100.0,88.8
2027,,8,Imperial College London,United Kingdom,95.2,92.0,96.1,97.1,92.0,97.7
2027,=,9,"University of California, Berkeley",United States,94.3,87.4,99.4,98.3,99.2,83.2
2027,=,9,Yale University,United States,94.3,93.5,96.3,96.7,90.0,81.9
2027,,11,Tsinghua University,China,93.9,96.0,99.3,94.1,100.0,60.6
2027,,12,ETH Zurich,Switzerland,93.6,89.3,98.3,94.4,85.0,94.2
2027,,13,Peking University,China,92.8,95.3,98.8,89.7,100.0,67.8
2027,,14,University of Pennsylvania,United States,91.5,89.7,92.2,95.5,94.6,78.1
2027,,15,National University of Singapore,Singapore,91.1,80.9,95.3,95.4,100.0,93.3
2027,,16,The University of Chicago,United States,90.7,88.3,92.4,95.9,75.9,79.9
2027,=,17,Johns Hopkins University,United States,90.3,84.7,92.0,95.1,100.0,81.4
2027,=,17,UCL,United Kingdom,90.3,83.6,89.9,97.7,75.2,96.8
2027,,19,Columbia University,United States,90.0,88.2,90.5,94.9,76.5,83.4
2027,,20,"University of California, Los Angeles",United States,89.9,86.1,93.7,95.0,91.6,68.1
2027,,21,Cornell University,United States,89.5,86.1,91.7,94.7,70.6,83.7
2027,,22,University of Toronto,Canada,89.1,79.6,94.8,91.3,97.5,91.3
2027,,23,University of Michigan-Ann Arbor,United States,87.1,85.8,89.0,92.9,79.2,66.2
2027,,24,Carnegie Mellon University,United States,85.9,73.9,84.1,99.1,90.4,84.7
2027,,25,Technical University of Munich,Germany,85.1,73.3,86.7,92.6,100.0,86.4
2027,,26,University of Washington,United States,84.6,79.0,83.0,96.1,78.0,69.8
2027,,27,The University of Tokyo,Japan,84.3,94.5,96.1,68.8,100.0,51.6
2027,,28,"Nanyang Technological University, Singapore",Singapore,84.0,69.4,82.2,95.6,100.0,93.9
2027,=,29,New York University (NYU),United States,83.5,76.6,82.7,92.4,75.7,81.3
2027,=,29,Northwestern University,United States,83.5,74.3,79.5,96.5,98.8,74.5
2027,=,29,University of Edinburgh,United Kingdom,83.5,75.6,78.4,94.8,72.2,95.2
2027,,32,Duke University,United States,83.4,77.6,77.5,94.9,100.0,74.8
2027,,33,University of Hong Kong,Hong Kong,82.6,72.4,75.4,94.2,97.8,95.6
2027,=,34,University of Melbourne,Australia,80.9,70.9,78.9,87.9,99.5,90.6
2027,=,34,Zhejiang University,China,80.9,78.7,82.7,85.7,100.0,53.6
2027,,36,École Polytechnique Fédérale de Lausanne,Switzerland,80.5,73.6,75.0,86.3,99.9,94.7
2027,,37,"University of California, San Diego",United States,80.3,67.5,76.7,96.3,100.0,70.3
2027,,38,Fudan University,China,80.2,78.7,78.5,86.7,99.9,56.6
2027,,39,Shanghai Jiao Tong University,China,80.0,77.6,82.0,83.2,100.0,58.4
2027,,40,King’s College London,United Kingdom,79.3,65.4,73.4,95.3,74.3,95.7
2027,,41,LMU Munich,Germany,78.7,65.4,76.3,92.2,100.0,75.0
2027,,42,The Chinese University of Hong Kong,Hong Kong,77.8,64.8,64.7,97.8,91.6,92.2
2027,,43,McGill University,Canada,77.7,71.0,73.5,86.1,78.1,87.3
2027,,44,University of British Columbia,Canada,77.6,64.4,76.9,87.5,78.0,92.2
2027,=,45,KU Leuven,Belgium,77.5,62.2,75.0,91.3,100.0,79.8
2027,=,45,Universität Heidelberg,Germany,77.5,66.0,68.2,95.2,99.9,76.1
2027,,47,London School of Economics and Political Science,United Kingdom,77.3,61.5,74.7,95.3,48.2,92.8
2027,,48,University of Illinois at Urbana-Champaign,United States,77.1,67.9,81.0,85.0,83.8,63.2
2027,,49,Georgia Institute of Technology,United States,77.0,62.6,77.5,87.6,93.9,80.2
2027,,50,Delft University of Technology,Netherlands,76.5,66.3,78.8,77.7,100.0,91.0
2027,=,51,The University of Sydney,Australia,76.3,60.1,71.0,91.2,99.2,88.0
2027,=,51,University of Science and Technology of China,China,76.3,73.3,72.0,88.6,99.4,42.8
2027,=,53,University of Texas at Austin,United States,76.1,68.2,78.6,87.8,85.0,46.5
2027,=,53,University of Wisconsin-Madison,United States,76.1,72.8,72.3,85.4,81.6,63.2
2027,,55,Karolinska Institute,Sweden,75.9,60.4,68.5,95.6,94.5,77.5
2027,,56,Seoul National University,South Korea,75.6,75.2,77.8,78.2,100.0,45.0
2027,,57,Paris Sciences et Lettres – PSL Research University Paris,France,75.5,73.5,73.2,75.8,99.6,77.7
2027,,58,The Hong Kong University of Science and Technology,Hong Kong,75.4,56.6,63.8,96.7,100.0,96.3
2027,,59,Nanjing University,China,75.2,71.7,69.2,85.2,99.6,58.9
2027,,60,University of Manchester,United Kingdom,74.8,61.3,67.9,89.9,75.0,93.7
2027,,61,Monash University,Australia,74.7,54.9,67.1,94.3,99.6,90.6
2027,=,62,Kyoto University,Japan,74.6,85.0,84.5,58.5,100.0,45.6
2027,=,62,University of Amsterdam,Netherlands,74.6,57.0,65.8,96.0,75.2,91.4
2027,,64,Korea Advanced Institute of Science and Technology (KAIST),South Korea,73.6,67.1,70.2,86.4,100.0,47.4
2027,,65,"University of California, Davis",United States,73.4,64.9,69.1,83.3,85.8,77.0
2027,=,66,Wageningen University & Research,Netherlands,72.9,59.5,60.4,90.0,99.2,91.6
2027,=,66,Washington University in St Louis,United States,72.9,63.1,58.1,96.8,71.9,74.3
2027,,68,Sungkyunkwan University (SKKU),South Korea,72.7,65.0,63.3,86.6,99.8,68.7
2027,,69,Leiden University,Netherlands,72.6,52.1,66.7,91.9,98.5,84.8
2027,,70,City University of Hong Kong,Hong Kong,72.3,57.2,55.1,93.8,100.0,97.5
2027,=,71,"University of California, Santa Barbara",United States,71.3,51.3,64.9,92.6,92.2,77.7
2027,=,71,University of Southern California,United States,71.3,59.3,61.5,91.2,79.8,72.4
2027,=,73,Brown University,United States,71.2,68.1,61.3,84.4,69.0,69.8
2027,=,73,The University of Queensland,Australia,71.2,53.6,63.6,87.4,99.6,90.5
2027,=,75,Institut Polytechnique de Paris,France,71.1,74.3,63.9,65.4,98.9,93.8
2027,=,75,UNSW Sydney,Australia,71.1,51.5,60.7,91.5,97.6,92.4
2027,,77,Australian National University,Australia,71.0,57.4,63.5,84.3,83.5,92.7
2027,,78,Université Paris-Saclay,France,70.9,67.2,63.1,78.3,91.2,75.1
2027,,79,The Hong Kong Polytechnic University,Hong Kong,70.7,53.2,57.5,92.1,87.5,96.5
2027,,80,Yonsei University (Seoul campus),South Korea,70.6,61.2,60.4,89.1,100.0,57.6
2027,,81,University of Copenhagen,Denmark,70.2,55.6,57.6,90.8,98.7,78.6
2027,,82,University of Bristol,United Kingdom,70.1,51.3,60.1,92.7,72.4,91.3
2027,,83,University of Glasgow,United Kingdom,69.9,52.3,54.7,95.1,73.5,94.9
2027,,84,Purdue University West Lafayette,United States,69.8,62.0,70.1,73.9,86.3,74.5
2027,,85,University of North Carolina at Chapel Hill,United States,69.7,62.5,61.5,88.9,75.8,49.5
2027,,86,Boston University,United States,69.5,60.1,56.6,89.9,71.2,73.9
2027,,87,University of Groningen,Netherlands,69.1,47.6,56.1,93.3,98.9,90.9
2027,,88,University of Minnesota,United States,68.0,61.3,61.4,82.8,99.9,44.1
2027,,89,University of Bonn,Germany,67.8,52.4,59.2,88.4,81.7,72.5
2027,,90,RWTH Aachen University,Germany,67.7,56.2,64.5,77.0,100.0,71.2
2027,,91,Humboldt University of Berlin,Germany,67.6,53.2,63.1,83.9,66.1,77.4
2027,,92,Vanderbilt University,United States,67.3,54.2,50.9,94.4,88.2,62.8
2027,,93,Michigan State University,United States,67.2,59.9,60.0,80.7,71.3,67.3
2027,,94,Charité – Universitätsmedizin Berlin,Germany,67.0,46.9,49.2,97.8,100.0,73.7
2027,,95,University of Vienna,Austria,66.9,51.6,63.4,77.1,80.4,93.4
2027,,96,Harbin Institute of Technology,China,66.8,61.8,61.6,79.6,100.0,37.9
2027,=,97,Aarhus University,Denmark,66.6,48.5,59.6,83.9,99.9,78.2
2027,=,97,Ohio State University (Main campus),United States,66.6,60.1,54.5,84.4,81.6,59.0
2027,=,97,University of Birmingham,United Kingdom,66.6,48.8,49.5,92.6,75.5,93.6
2027,=,97,"University of California, Irvine",United States,66.6,46.9,55.5,89.7,99.6,76.7
2027,=,101,Penn State (Main campus),United States,66.5,55.9,64.8,79.8,73.1,57.9
2027,=,101,Rice University,United States,66.5,56.6,46.8,89.7,78.8,82.5
2027,=,101,University of Tübingen,Germany,66.5,49.6,54.4,89.1,98.3,72.4
2027,=,104,Lund University,Sweden,66.4,49.4,57.2,84.2,99.8,79.6
2027,=,104,University of Sheffield,United Kingdom,66.4,52.5,51.7,86.8,76.6,90.2
2027,=,106,KTH Royal Institute of Technology,Sweden,66.3,49.6,58.6,79.8,98.6,90.3
2027,=,106,Tohoku University,Japan,66.3,69.3,70.5,55.9,100.0,61.6
2027,,108,Emory University,United States,66.2,52.9,49.2,92.9,84.0,67.9
2027,,109,Erasmus University Rotterdam,Netherlands,66.0,38.8,54.1,96.3,86.6,87.1
2027,,110,Technical University of Denmark,Denmark,65.9,55.9,49.4,80.6,99.9,92.1
2027,=,111,University of Basel,Switzerland,65.6,51.1,44.5,88.9,99.8,93.0
2027,=,111,University of Bologna,Italy,65.6,56.8,56.6,81.9,81.2,61.5
2027,=,113,Free University of Berlin,Germany,65.5,51.3,58.6,81.4,71.3,81.0
2027,=,113,University of Leeds,United Kingdom,65.5,49.4,52.3,86.6,70.8,93.2
2027,=,113,University of Warwick,United Kingdom,65.5,50.6,50.6,86.5,70.7,94.6
2027,=,116,Ghent University,Belgium,65.4,49.5,59.7,82.0,99.9,65.2
2027,=,116,McMaster University,Canada,65.4,42.9,49.8,93.5,100.0,83.8
2027,=,118,University of Alberta,Canada,65.3,50.2,56.1,78.7,100.0,87.7
2027,=,118,University of Helsinki,Finland,65.3,48.4,58.0,89.3,77.5,58.0
2027,=,118,University of Oslo,Norway,65.3,49.0,53.4,89.8,72.3,74.2
2027,=,121,University of Bern,Switzerland,65.2,46.0,47.3,91.8,99.5,85.6
2027,=,121,Wuhan University,China,65.2,55.1,52.5,87.8,99.9,44.8
2027,,123,"University of Maryland, College Park",United States,65.1,49.2,60.8,86.6,83.7,48.0
2027,,124,Tongji University,China,64.9,56.3,56.5,77.1,100.0,64.2
2027,,125,Beijing Normal University,China,64.8,62.4,52.0,82.1,93.3,39.9
2027,=,126,Hamad Bin Khalifa University,Qatar,64.5,49.4,39.4,92.1,99.8,91.7
2027,=,126,National Taiwan University (NTU),Taiwan,64.5,61.4,57.8,70.3,100.0,60.3
2027,,128,Korea University,South Korea,64.4,53.5,52.6,79.0,100.0,75.9
2027,=,129,Queen Mary University of London,United Kingdom,64.2,41.8,45.2,95.2,74.6,96.6
2027,=,129,University of Hamburg,Germany,64.2,46.1,53.3,87.8,99.8,63.7
2027,=,129,University of Lausanne,Switzerland,64.2,44.8,47.5,89.1,99.4,87.3
2027,,132,Université de Montréal,Canada,63.9,44.6,53.8,82.9,98.1,84.1
2027,=,133,Maastricht University,Netherlands,63.8,41.8,48.1,88.3,97.0,95.4
2027,=,133,University of Göttingen,Germany,63.8,49.8,53.0,85.0,71.5,71.8
2027,=,133,Uppsala University,Sweden,63.8,47.0,56.4,81.9,93.9,69.6
2027,=,136,University of Rochester,United States,63.2,50.7,46.6,84.9,85.9,78.1
2027,=,136,University of Southampton,United Kingdom,63.2,45.6,45.8,88.1,72.6,95.5
2027,,138,University of Florida,United States,63.1,54.5,58.3,76.3,88.2,48.9
2027,=,139,University of Arizona,United States,63.0,49.5,54.8,84.4,80.8,53.5
2027,=,139,University of Freiburg,Germany,63.0,45.3,49.6,86.3,100.0,71.0
2027,=,141,Adelaide University,Australia,62.9,36.4,49.9,90.0,99.6,89.4
2027,=,141,University of São Paulo,Brazil,62.9,68.6,64.8,55.7,97.0,43.0
2027,=,143,Karlsruhe Institute of Technology,Germany,62.7,51.2,58.0,69.7,100.0,77.5
2027,=,143,Pohang University of Science and Technology (POSTECH),South Korea,62.7,58.5,50.7,79.2,100.0,39.1
2027,=,143,University of Barcelona,Spain,62.7,44.8,50.8,88.2,85.7,65.1
2027,=,143,University of Massachusetts,United States,62.7,50.9,44.4,85.0,89.2,76.3
2027,=,147,Case Western Reserve University,United States,62.4,51.6,44.6,88.1,73.9,64.1
2027,=,147,Sapienza University of Rome,Italy,62.4,57.7,59.2,71.7,89.0,42.1
2027,=,147,Scuola Normale Superiore di Pisa,Italy,62.4,58.8,44.3,87.0,33.9,63.7
2027,=,147,The University of Osaka,Japan,62.4,64.6,66.5,54.5,100.0,48.5
2027,=,147,University of Cape Town,South Africa,62.4,42.2,49.9,88.4,79.4,77.7
2027,,152,University of Technology Sydney,Australia,62.3,37.2,43.9,93.5,90.6,92.3
2027,,153,Texas A&M University,United States,62.2,52.3,59.3,73.6,71.4,62.3
2027,=,154,Newcastle University,United Kingdom,62.0,39.0,43.6,93.1,80.0,89.3
2027,=,154,University of Liverpool,United Kingdom,62.0,42.1,44.1,90.1,67.0,94.9
2027,=,154,University of Macau,Macao,62.0,39.9,41.4,92.7,88.9,91.5
2027,=,157,Durham University,United Kingdom,61.9,48.2,47.9,81.3,59.6,93.9
2027,=,157,Politecnico di Milano,Italy,61.9,50.6,59.5,68.4,97.7,70.2
2027,=,157,University of Exeter,United Kingdom,61.9,39.1,44.6,93.6,60.2,92.6
2027,=,157,University of Nottingham,United Kingdom,61.9,46.6,44.1,85.3,72.6,91.2
2027,=,161,Macquarie University,Australia,61.8,36.9,43.8,92.5,99.0,87.3
2027,=,161,Radboud University Nijmegen,Netherlands,61.8,41.2,50.1,87.8,77.8,74.9
2027,=,163,Southern University of Science and Technology (SUSTech),China,61.7,42.9,44.1,92.9,93.9,61.9
2027,=,163,University of Cologne,Germany,61.7,45.4,48.1,84.5,94.9,69.8
2027,=,163,University of Geneva,Switzerland,61.7,44.8,43.9,84.1,84.7,95.0
2027,,166,University of Pittsburgh-Pittsburgh campus,United States,61.6,48.5,45.0,91.7,76.7,49.1
2027,,167,Dartmouth College,United States,61.5,59.1,41.7,80.4,73.6,66.0
2027,=,168,TU Dresden,Germany,61.4,47.7,51.0,77.5,100.0,71.1
2027,=,168,University of Auckland,New Zealand,61.4,39.2,47.5,86.3,92.1,86.7
2027,=,168,University of York,United Kingdom,61.4,44.0,44.0,87.6,67.2,88.7
2027,=,171,Technical University of Berlin,Germany,61.3,45.8,52.7,78.6,92.1,69.3
2027,=,171,Trinity College Dublin,Ireland,61.3,44.9,47.8,81.4,74.9,90.6
2027,=,173,Nankai University,China,61.2,55.5,38.7,87.0,91.2,51.4
2027,=,173,The University of Western Australia,Australia,61.2,36.4,45.5,87.6,98.8,93.7
2027,,175,Universitat Autònoma de Barcelona (UAB),Spain,61.1,45.8,47.3,85.5,75.4,68.8
2027,=,176,KFUPM,Saudi Arabia,60.8,40.3,44.4,84.2,95.8,92.8
2027,=,176,Vrije Universiteit Amsterdam,Netherlands,60.8,37.3,45.0,91.2,77.5,83.1
2027,,178,University of Waterloo,Canada,60.5,42.1,48.3,83.3,71.4,83.5
2027,,179,University of Virginia (Main campus),United States,60.4,49.2,43.8,85.2,81.0,58.0
2027,=,180,Eindhoven University of Technology,Netherlands,60.2,49.1,50.7,67.9,100.0,88.8
2027,=,180,Medical University of Vienna,Austria,60.2,35.8,38.3,94.3,99.9,83.5
2027,,182,University of Würzburg,Germany,60.1,39.3,42.6,92.1,99.9,61.0
2027,=,183,Aalto University,Finland,60.0,46.2,45.7,78.2,90.4,80.0
2027,=,183,Lancaster University,United Kingdom,60.0,42.5,42.8,84.3,66.4,94.3
2027,=,185,Beihang University,China,59.9,51.2,51.5,76.6,100.0,38.7
2027,=,185,Institute of Science Tokyo,Japan,59.9,64.7,60.0,54.0,90.7,47.4
2027,=,185,University of Antwerp,Belgium,59.9,39.0,45.0,86.9,98.7,71.5
2027,=,185,University of Calgary,Canada,59.9,39.9,44.7,84.7,88.7,82.0
2027,=,185,University of Ottawa,Canada,59.9,39.7,45.3,84.8,81.5,85.1
2027,=,185,University of St Andrews,United Kingdom,59.9,51.0,44.5,74.4,66.4,93.5
2027,=,191,Huazhong University of Science and Technology,China,59.8,47.3,50.5,82.9,99.9,31.5
2027,=,191,University of Notre Dame,United States,59.8,52.6,46.8,75.2,72.1,70.6
2027,,193,Goethe University Frankfurt,Germany,59.7,44.2,46.7,83.7,76.1,65.6
2027,=,194,University of Malaya,Malaysia,59.5,52.7,44.8,71.6,66.0,90.4
2027,=,194,University of Münster,Germany,59.5,44.2,48.2,83.6,84.9,54.0
2027,=,196,Georgetown University,United States,59.4,53.4,39.4,81.7,93.8,53.1
2027,=,196,Queen’s University Belfast,United Kingdom,59.4,37.5,39.6,89.4,68.6,97.5
2027,=,196,Tianjin University,China,59.4,52.6,48.3,72.5,99.9,54.7
2027,=,196,Xi’an Jiaotong University,China,59.4,48.0,50.7,77.4,100.0,43.9
2027,,200,Arizona State University (Tempe),United States,59.3,41.0,48.3,83.4,70.0,71.5
2027,=,201,Université Paris Cité,France,59.2,43.9,38.8,89.5,67.6,73.2
2027,=,201,"University of California, Santa Cruz",United States,59.2,36.9,43.1,92.2,69.8,71.6
2027,=,201,University of Erlangen-Nuremberg,Germany,59.2,43.6,46.2,79.3,99.8,69.5
2027,=,201,University of Twente,Netherlands,59.2,46.2,45.2,72.3,98.6,91.2
2027,=,205,Hong Kong Baptist University,Hong Kong,59.1,36.2,41.7,86.7,75.9,96.3
2027,=,205,Pompeu Fabra University,Spain,59.1,38.0,46.2,85.1,77.3,77.7
2027,=,205,Sun Yat-sen University,China,59.1,49.1,45.9,83.2,97.8,33.0
2027,=,205,Université Catholique de Louvain,Belgium,59.1,40.2,48.2,78.7,92.5,80.1
2027,=,209,Tel Aviv University,Israel,59.0,44.4,51.4,79.7,76.0,53.6
2027,=,209,Tufts University,United States,59.0,51.2,35.9,85.9,72.3,64.7
2027,=,209,University of Leicester,United Kingdom,59.0,35.5,35.9,94.4,67.7,94.2
2027,=,212,Indiana University,United States,58.9,46.2,39.5,86.0,82.6,63.1
2027,=,212,The Education University of Hong Kong,Hong Kong,58.9,34.0,40.2,93.6,57.9,91.3
2027,=,212,University College Dublin,Ireland,58.9,38.0,44.2,84.6,72.9,88.1
2027,=,212,Western University,Canada,58.9,40.4,43.4,80.3,99.9,83.9
2027,,216,King Saud University,Saudi Arabia,58.7,43.4,36.8,83.5,92.2,85.6
2027,,217,Friedrich Schiller University Jena,Germany,58.6,42.0,44.1,82.8,97.2,62.0
2027,,218,Deakin University,Australia,58.5,32.7,38.4,92.2,86.4,87.7
2027,=,219,University of Gothenburg,Sweden,58.4,34.6,44.3,92.2,77.6,61.0
2027,=,219,University of Reading,United Kingdom,58.4,41.7,40.2,82.8,65.1,92.9
2027,,221,Medical University of Graz,Austria,58.3,32.1,37.8,92.1,98.5,83.6
2027,=,222,Qatar University,Qatar,58.2,32.9,39.4,89.5,82.0,93.4
2027,=,222,Queensland University of Technology,Australia,58.2,34.2,42.2,90.4,88.6,69.3
2027,=,224,Aalborg University,Denmark,58.1,36.2,47.0,82.6,92.3,70.6
2027,=,224,Northwestern Polytechnical University,China,58.1,43.6,44.4,82.3,99.9,49.5
2027,=,224,Sichuan University,China,58.1,46.3,47.8,77.7,99.8,43.7
2027,=,224,University of Mannheim,Germany,58.1,37.4,45.6,84.6,82.6,69.1
2027,=,224,University of Miami,United States,58.1,49.1,37.0,83.7,78.2,61.4
2027,=,224,University of Padua,Italy,58.1,47.6,46.8,77.8,79.3,52.7
2027,=,224,Xiamen University,China,58.1,48.4,41.3,83.6,94.4,39.9
2027,=,231,EURECOM,France,58.0,39.2,29.5,89.1,99.9,95.3
2027,=,231,Stockholm University,Sweden,58.0,32.6,51.0,84.1,66.8,75.2
2027,,233,University of Aberdeen,United Kingdom,57.9,38.7,35.4,86.3,78.2,95.3
2027,,234,Beijing Institute of Technology,China,57.8,47.4,46.2,77.6,99.9,42.4
2027,=,235,Khalifa University,United Arab Emirates,57.7,36.5,32.0,89.8,93.3,93.4
2027,=,235,United Arab Emirates University,United Arab Emirates,57.7,29.6,39.1,92.6,87.4,84.5
2027,=,237,Kyung Hee University,South Korea,57.6,41.0,40.6,80.3,99.8,75.4
2027,=,237,University of Surrey,United Kingdom,57.6,36.6,35.0,88.9,71.3,95.1
2027,=,239,Medical University of Innsbruck,Austria,57.4,33.4,32.7,91.6,99.4,88.9
2027,=,239,RMIT University,Australia,57.4,36.2,38.7,84.7,79.4,92.5
2027,=,239,Ulm University,Germany,57.4,40.7,39.4,84.5,98.6,62.7
2027,=,242,East China Normal University,China,57.3,45.3,39.2,81.4,92.4,59.8
2027,=,242,Linköping University,Sweden,57.3,30.3,42.1,89.7,98.5,70.5
2027,=,242,Nagoya University,Japan,57.3,56.3,57.3,56.1,99.8,43.8
2027,=,242,Universiti Teknologi Petronas,Malaysia,57.3,40.4,41.6,79.0,95.8,77.6
2027,=,242,University of Utah,United States,57.3,42.7,41.2,85.8,94.6,42.4
2027,=,247,Semmelweis University,Hungary,57.2,44.7,31.3,86.7,80.3,76.2
2027,=,247,Southeast University,China,57.2,43.1,48.7,75.2,99.9,50.3
2027,=,247,University of Potsdam,Germany,57.2,38.2,44.6,82.0,89.8,65.0
2027,=,247,University of Wollongong,Australia,57.2,33.4,37.6,86.3,91.1,92.2
2027,=,247,Vita-Salute San Raffaele University,Italy,57.2,35.0,37.9,98.5,67.3,49.2
2027,=,252,Université Libre de Bruxelles,Belgium,57.1,35.7,44.7,80.9,71.6,86.3
2027,=,252,University of Luxembourg,Luxembourg,57.1,40.1,40.8,77.9,82.6,90.4
2027,=,254,George Washington University,United States,57.0,47.4,35.5,82.9,68.0,68.1
2027,=,254,Indian Institute of Science,India,57.0,62.1,58.6,51.5,98.0,31.1
2027,=,254,"Northeastern University, US",United States,57.0,38.8,34.0,89.7,70.1,79.2
2027,=,257,Cardiff University,United Kingdom,56.9,37.4,40.2,82.8,69.9,88.1
2027,=,257,Chalmers University of Technology,Sweden,56.9,41.4,48.2,71.1,98.3,72.5
2027,=,257,Lingnan University Hong Kong,Hong Kong,56.9,35.3,39.2,87.8,43.5,93.9
2027,=,257,Sant’Anna School of Advanced Studies – Pisa,Italy,56.9,49.5,38.9,78.7,83.8,54.0
2027,=,261,Ruhr University Bochum,Germany,56.8,41.2,46.8,74.5,97.8,64.3
2027,=,261,Vrije Universiteit Brussel,Belgium,56.8,37.6,43.0,79.6,91.3,75.6
2027,=,263,Hunan University,China,56.7,42.1,39.1,88.7,97.7,31.9
2027,=,263,Shandong University,China,56.7,47.2,44.6,74.4,99.6,46.8
2027,,265,South China University of Technology,China,56.6,40.7,42.3,83.3,99.8,45.1
2027,,266,Griffith University,Australia,56.5,30.2,41.9,85.5,83.2,86.2
2027,=,267,Humanitas University,Italy,56.4,38.1,29.3,97.8,64.0,63.3
2027,=,267,RCSI University of Medicine and Health Sciences,Ireland,56.4,34.4,37.8,84.0,81.8,90.7
2027,=,269,Central European University,Austria,56.3,50.1,33.7,78.5,34.5,90.7
2027,=,269,Macau University of Science and Technology,Macao,56.3,35.3,39.3,80.0,90.2,91.9
2027,=,269,Queen’s University,Canada,56.3,39.3,38.9,82.3,83.0,71.5
2027,,272,University of Illinois Chicago,United States,56.2,50.4,36.6,78.7,74.6,55.6
2027,=,273,University of Bergen,Norway,56.1,36.1,39.2,84.4,76.7,75.6
2027,=,273,University of Sussex,United Kingdom,56.1,34.0,36.3,86.5,64.3,93.7
2027,=,275,University of Konstanz,Germany,56.0,39.5,43.9,74.3,90.8,76.7
2027,=,275,University of Navarra,Spain,56.0,36.8,37.6,83.2,92.0,74.7
2027,=,277,Central South University,China,55.9,41.3,43.6,82.1,99.8,32.2
2027,=,277,University of Southern Denmark,Denmark,55.9,29.6,39.0,86.3,98.7,80.7
2027,=,277,University of Tasmania,Australia,55.9,33.7,38.1,82.5,87.9,88.4
2027,=,277,Virginia Polytechnic Institute and State University,United States,55.9,42.9,44.9,74.7,75.8,64.4
2027,=,281,Sejong University,South Korea,55.8,33.8,33.9,90.5,91.9,68.6
2027,=,281,Ulsan National Institute of Science and Technology (UNIST),South Korea,55.8,47.5,40.8,76.6,98.1,41.1
2027,,283,Sunway University,Malaysia,55.7,28.4,36.8,90.3,57.4,97.1
2027,=,284,Boston College,United States,55.6,49.5,37.1,78.4,59.7,58.5
2027,=,284,Dublin City University,Ireland,55.6,31.1,37.1,91.7,68.4,71.3
2027,=,284,Heinrich Heine University Düsseldorf,Germany,55.6,37.3,36.1,84.8,89.6,67.5
2027,=,284,Southern Medical University,China,55.6,46.0,38.3,84.9,76.4,31.2
2027,=,284,Technical University of Darmstadt,Germany,55.6,42.3,46.9,68.1,99.8,68.2
2027,=,284,University of Bath,United Kingdom,55.6,38.6,36.0,80.6,67.6,92.3
2027,=,284,University of Oulu,Finland,55.6,34.1,39.9,87.7,68.7,65.9
2027,,291,La Trobe University,Australia,55.5,27.5,37.5,88.9,79.8,87.9
2027,=,292,Curtin University,Australia,55.4,28.6,36.3,87.1,79.9,94.6
2027,=,292,University of Duisburg-Essen,Germany,55.4,38.0,35.1,85.4,88.2,64.8
2027,,294,Swinburne University of Technology,Australia,55.3,28.3,33.8,92.8,79.6,81.7
2027,,295,University of Newcastle,Australia,55.2,29.3,37.9,86.0,88.3,82.7
2027,=,296,Hanyang University,South Korea,55.1,46.3,41.8,66.8,99.5,71.1
2027,=,296,Hebrew University of Jerusalem,Israel,55.1,45.3,49.1,72.4,73.1,37.5
2027,=,296,Johannes Gutenberg University of Mainz,Germany,55.1,38.9,33.9,84.4,83.8,68.0
2027,=,299,Ahlia University,Bahrain,55.0,41.5,33.8,84.9,17.2,90.6
2027,=,299,Norwegian University of Science and Technology,Norway,55.0,38.2,43.0,78.8,72.2,63.3
2027,=,299,Rutgers University–New Brunswick,United States,55.0,46.2,35.5,79.8,69.6,57.8
2027,=,299,University of Hawai’i at Mānoa,United States,55.0,42.5,43.8,72.5,65.4,71.9
2027,,301–325,Abu Dhabi University,United Arab Emirates,53.4–54.8,33.6,28.8,92.6,31.1,96.7
2027,,301–325,Flinders University,Australia,53.4–54.8,28.9,38.8,83.8,67.6,87.6
2027,,301–325,Illinois Institute of Technology,United States,53.4–54.8,38.7,31.7,80.1,89.5,71.4
2027,,301–325,King Khalid University,Saudi Arabia,53.4–54.8,37.9,32.4,78.8,63.5,92.4
2027,,301–325,Kyushu University,Japan,53.4–54.8,52.9,48.8,55.2,99.1,49.9
2027,,301–325,North Carolina State University,United States,53.4–54.8,45.6,44.2,67.7,84.5,61.7
2027,,301–325,Singapore University of Technology and Design,Singapore,53.4–54.8,41.0,26.8,85.8,56.2,92.0
2027,,301–325,TU Wien,Austria,53.4–54.8,46.6,47.9,55.3,99.6,86.9
2027,,301–325,Università Cattolica del Sacro Cuore,Italy,53.4–54.8,38.9,34.4,88.3,82.4,47.3
2027,,301–325,Università della Svizzera italiana,Switzerland,53.4–54.8,36.9,31.3,77.3,92.5,97.2
2027,,301–325,Université Laval,Canada,53.4–54.8,41.5,40.5,68.2,97.6,75.0
2027,,301–325,Universiti Brunei Darussalam,Brunei Darussalam,53.4–54.8,31.3,38.2,88.7,39.7,68.7
2027,,301–325,Universiti Kebangsaan Malaysia,Malaysia,53.4–54.8,48.1,38.3,64.4,63.5,82.9
2027,,301–325,University College Cork,Ireland,53.4–54.8,31.5,35.9,84.8,74.9,81.3
2027,,301–325,University of Bayreuth,Germany,53.4–54.8,39.1,41.1,72.4,81.3,69.4
2027,,301–325,University of Connecticut,United States,53.4–54.8,40.0,38.3,75.2,70.8,68.2
2027,,301–325,University of East Anglia,United Kingdom,53.4–54.8,34.5,32.2,87.3,63.0,87.0
2027,,301–325,University of Innsbruck,Austria,53.4–54.8,37.0,39.5,71.0,83.8,93.2
2027,,301–325,University of Sharjah,United Arab Emirates,53.4–54.8,26.4,28.6,93.5,51.6,98.1
2027,,301–325,University of Stuttgart,Germany,53.4–54.8,45.2,47.8,61.2,99.7,67.4
2027,,301–325,University of the Witwatersrand,South Africa,53.4–54.8,37.3,44.7,71.3,92.8,72.6
2027,,301–325,University of Victoria,Canada,53.4–54.8,33.5,40.4,78.9,66.6,81.6
2027,,301–325,Western Sydney University,Australia,53.4–54.8,29.4,32.9,87.2,67.8,88.2
2027,,326–350,"Birkbeck, University of London",United Kingdom,52.3–53.3,38.1,32.7,75.8,65.4,89.5
2027,,326–350,"City St George’s, University of London",United Kingdom,52.3–53.3,26.3,28.3,91.4,64.4,94.9
2027,,326–350,Dalian University of Technology,China,52.3–53.3,39.1,42.8,73.2,99.5,36.3
2027,,326–350,École Normale Supérieure de Lyon,France,52.3–53.3,55.3,43.5,50.4,89.2,63.0
2027,,326–350,Florida State University,United States,52.3–53.3,40.1,41.2,71.5,66.4,59.3
2027,,326–350,James Cook University,Australia,52.3–53.3,27.6,33.9,85.3,72.3,82.3
2027,,326–350,Koç University,Turkey,52.3–53.3,36.3,43.3,71.6,91.0,59.1
2027,,326–350,Loughborough University,United Kingdom,52.3–53.3,35.2,34.8,78.1,69.0,87.0
2027,,326–350,LUT University,Finland,52.3–53.3,30.5,35.4,82.5,78.6,72.5
2027,,326–350,Middle East Technical University,Turkey,52.3–53.3,47.8,47.4,55.4,89.8,58.8
2027,,326–350,Saveetha Institute of Medical and Technical Sciences,India,52.3–53.3,37.6,24.4,95.1,26.1,71.0
2027,,326–350,Stellenbosch University,South Africa,52.3–53.3,34.0,42.4,75.3,90.9,58.6
2027,,326–350,Stony Brook University,United States,52.3–53.3,42.5,32.2,75.6,68.6,70.2
2027,,326–350,Taipei Medical University,Taiwan,52.3–53.3,47.0,32.6,73.7,90.4,50.3
2027,,326–350,Tampere University,Finland,52.3–53.3,33.1,40.1,80.7,86.7,54.4
2027,,326–350,Technion Israel Institute of Technology,Israel,52.3–53.3,44.3,43.4,64.5,74.0,69.6
2027,,326–350,Tilburg University,Netherlands,52.3–53.3,28.5,44.1,72.6,75.0,84.2
2027,,326–350,Universiti Sains Malaysia,Malaysia,52.3–53.3,46.6,35.8,66.2,75.1,80.4
2027,,326–350,University at Buffalo,United States,52.3–53.3,41.1,36.6,73.6,75.2,71.0
2027,,326–350,"University of California, Riverside",United States,52.3–53.3,37.6,35.0,77.9,65.7,74.8
2027,,326–350,University of Campinas,Brazil,52.3–53.3,56.0,53.3,49.7,82.7,41.6
2027,,326–350,University of Dundee,United Kingdom,52.3–53.3,29.0,32.1,83.9,78.7,91.4
2027,,326–350,University of Galway,Ireland,52.3–53.3,31.1,37.1,78.7,84.7,78.3
2027,,326–350,University of Iowa,United States,52.3–53.3,46.5,34.7,72.2,92.4,52.9
2027,,326–350,University of Liège,Belgium,52.3–53.3,34.6,41.3,70.7,97.5,71.7
2027,,326–350,University of Rome II – Tor Vergata,Italy,52.3–53.3,41.1,38.7,70.1,90.9,66.3
2027,,351–375,Autonomous University of Madrid,Spain,51.6–52.2,43.8,35.4,73.0,65.3,55.4
2027,,351–375,"China Medical University, Taiwan",Taiwan,51.6–52.2,27.3,35.5,87.5,95.4,49.4
2027,,351–375,Daegu Gyeongbuk Institute of Science and Technology (DGIST),South Korea,51.6–52.2,50.0,39.0,67.5,88.6,31.8
2027,,351–375,Dalhousie University,Canada,51.6–52.2,33.8,37.1,73.8,76.6,83.3
2027,,351–375,Edith Cowan University,Australia,51.6–52.2,24.0,26.9,91.2,68.8,90.2
2027,,351–375,Hasselt University,Belgium,51.6–52.2,35.6,38.5,71.2,86.5,71.7
2027,,351–375,Lebanese American University,Lebanon,51.6–52.2,29.9,27.1,93.9,33.9,79.9
2027,,351–375,Leibniz University Hannover,Germany,51.6–52.2,38.2,43.1,68.4,80.9,57.5
2027,,351–375,National Tsing Hua University,Taiwan,51.6–52.2,40.1,44.2,63.4,99.9,54.9
2027,,351–375,Shenzhen University,China,51.6–52.2,27.0,39.8,86.6,86.3,36.7
2027,,351–375,Simon Fraser University,Canada,51.6–52.2,28.9,36.9,75.9,82.0,89.4
2027,,351–375,Swansea University,United Kingdom,51.6–52.2,28.8,31.4,85.0,57.6,89.7
2027,,351–375,Umeå University,Sweden,51.6–52.2,31.7,36.1,82.2,63.1,65.3
2027,,351–375,University of Bremen,Germany,51.6–52.2,40.6,41.0,67.2,74.4,67.2
2027,,351–375,University of Electronic Science and Technology of China,China,51.6–52.2,36.4,39.2,78.2,99.5,34.5
2027,,351–375,University of Essex,United Kingdom,51.6–52.2,33.2,30.7,78.9,60.0,96.5
2027,,351–375,University of Florence,Italy,51.6–52.2,37.5,41.1,75.0,73.7,46.6
2027,,351–375,University of Johannesburg,South Africa,51.6–52.2,32.0,40.4,72.4,82.7,80.2
2027,,351–375,University of Milan,Italy,51.6–52.2,36.9,35.1,83.1,71.1,44.8
2027,,351–375,University of Otago,New Zealand,51.6–52.2,35.1,36.9,73.5,66.2,80.3
2027,,351–375,University of Saskatchewan,Canada,51.6–52.2,39.5,38.3,65.8,97.8,75.5
2027,,351–375,University of Strathclyde,United Kingdom,51.6–52.2,35.7,37.2,68.3,80.1,90.6
2027,,351–375,University of Trento,Italy,51.6–52.2,34.0,37.9,78.8,70.4,58.1
2027,,351–375,University of Turku,Finland,51.6–52.2,31.9,36.9,83.4,65.8,50.2
2027,,376–400,Ajman University,United Arab Emirates,50.5–51.5,25.7,28.4,89.0,26.6,99.3
2027,,376–400,Al-Ahliyya Amman University,Jordan,50.5–51.5,19.4,28.7,93.0,58.3,96.0
2027,,376–400,Chongqing University,China,50.5–51.5,33.2,36.3,77.8,98.8,47.2
2027,,376–400,Constructor University,Germany,50.5–51.5,39.0,35.8,60.9,84.8,92.6
2027,,376–400,Drexel University,United States,50.5–51.5,42.5,28.9,73.3,76.4,62.5
2027,,376–400,Gwangju Institute of Science and Technology (GIST),South Korea,50.5–51.5,50.6,40.0,58.0,95.8,45.4
2027,,376–400,Hokkaido University,Japan,50.5–51.5,52.6,47.0,46.7,97.7,47.2
2027,,376–400,Jilin University,China,50.5–51.5,41.2,36.3,73.3,85.4,44.8
2027,,376–400,Nazarbayev University,Kazakhstan,50.5–51.5,29.0,34.3,84.1,47.2,71.0
2027,,376–400,Prince Sultan University (PSU),Saudi Arabia,50.5–51.5,20.2,30.0,91.8,56.2,83.6
2027,,376–400,Sabancı University,Turkey,50.5–51.5,35.1,40.8,68.3,98.1,64.4
2027,,376–400,Swedish University of Agricultural Sciences,Sweden,50.5–51.5,35.4,38.0,74.8,87.8,52.4
2027,,376–400,University Mohammed VI Polytechnic,Morocco,50.5–51.5,36.7,35.2,72.7,59.5,75.9
2027,,376–400,University of Colorado Denver/Anschutz Medical Campus,United States,50.5–51.5,33.5,27.0,92.2,79.1,36.6
2027,,376–400,University of Georgia (USA),United States,50.5–51.5,41.3,41.0,67.7,67.7,52.2
2027,,376–400,University of Hohenheim,Germany,50.5–51.5,34.1,36.9,73.7,76.9,61.7
2027,,376–400,University of Kansas,United States,50.5–51.5,44.9,32.0,70.2,81.9,55.5
2027,,376–400,University of Lisbon,Portugal,50.5–51.5,33.5,44.5,67.5,76.5,58.2
2027,,376–400,University of Marburg,Germany,50.5–51.5,37.5,34.1,72.6,73.1,72.0
2027,,376–400,University of Naples Federico II,Italy,50.5–51.5,39.6,34.1,80.0,71.9,35.0
2027,,376–400,University of Oregon,United States,50.5–51.5,36.6,41.2,73.2,75.2,51.4
2027,,376–400,University of Siena,Italy,50.5–51.5,39.6,34.3,74.8,72.9,45.9
2027,,376–400,University of Southern Queensland,Australia,50.5–51.5,28.2,28.2,85.0,62.8,81.3
2027,,376–400,University of Tartu,Estonia,50.5–51.5,33.0,33.9,81.5,66.6,55.9
2027,,376–400,University of Tsukuba,Japan,50.5–51.5,51.5,45.8,50.5,86.5,50.6
2027,,376–400,University of Turin,Italy,50.5–51.5,33.2,36.6,80.5,78.1,45.2
2027,,401–450,Al Ain University,United Arab Emirates,48.9–50.4,26.3,28.8,85.8,21.5,98.5
2027,,401–450,Amirkabir University of Technology,Iran,48.9–50.4,37.8,33.9,71.9,93.2,45.4
2027,,401–450,Applied Science Private University,Jordan,48.9–50.4,24.5,29.0,89.8,23.8,86.9
2027,,401–450,Arabian Gulf University,Bahrain,48.9–50.4,45.2,16.0,75.7,29.4,94.0
2027,,401–450,Aston University,United Kingdom,48.9–50.4,21.3,27.0,85.1,64.3,95.3
2027,,401–450,Australian Catholic University,Australia,48.9–50.4,16.8,26.6,96.1,40.1,85.2
2027,,401–450,Boğaziçi University,Turkey,48.9–50.4,36.6,40.6,60.7,94.1,64.9
2027,,401–450,Bond University,Australia,48.9–50.4,28.8,24.0,88.2,28.2,80.4
2027,,401–450,Brunel University of London,United Kingdom,48.9–50.4,25.1,26.9,80.0,65.6,97.5
2027,,401–450,Chung-Ang University,South Korea,48.9–50.4,39.9,39.3,58.7,93.6,66.8
2027,,401–450,Complutense University of Madrid,Spain,48.9–50.4,46.7,39.6,59.3,54.9,49.3
2027,,401–450,Free University of Bozen-Bolzano,Italy,48.9–50.4,30.8,24.3,82.4,52.6,79.9
2027,,401–450,George Mason University,United States,48.9–50.4,32.5,32.6,77.7,63.9,62.4
2027,,401–450,Graz University of Technology,Austria,48.9–50.4,42.4,40.5,53.8,99.8,79.3
2027,,401–450,Institut Agro,France,48.9–50.4,48.3,34.6,56.0,83.2,63.0
2027,,401–450,Iowa State University,United States,48.9–50.4,40.7,39.4,64.6,89.1,44.6
2027,,401–450,Iran University of Science and Technology,Iran,48.9–50.4,32.4,36.5,77.7,88.6,33.1
2027,,401–450,Johannes Kepler University of Linz,Austria,48.9–50.4,37.7,36.9,62.1,99.2,77.4
2027,,401–450,Justus Liebig University Giessen,Germany,48.9–50.4,29.5,38.6,72.9,70.5,65.4
2027,,401–450,Kermanshah University of Medical Sciences,Iran,48.9–50.4,48.8,23.9,70.6,56.7,68.5
2027,,401–450,King Abdulaziz University,Saudi Arabia,48.9–50.4,31.1,24.2,84.8,71.0,75.4
2027,,401–450,Marche Polytechnic University,Italy,48.9–50.4,37.8,33.0,75.9,79.3,37.8
2027,,401–450,Montpellier University,France,48.9–50.4,39.5,33.9,67.3,68.6,65.9
2027,,401–450,Moscow Institute of Physics and Technology (MIPT),Russian Federation,48.9–50.4,55.4,43.3,39.3,82.6,65.0
2027,,401–450,Murdoch University,Australia,48.9–50.4,26.9,29.2,77.0,74.7,94.1
2027,,401–450,National Yang Ming Chiao Tung University (NYCU Taiwan),Taiwan,48.9–50.4,43.5,43.4,58.7,100.0,41.0
2027,,401–450,Polytechnic University of Turin,Italy,48.9–50.4,35.5,34.2,70.1,85.4,56.9
2027,,401–450,Prince Mohammad Bin Fahd University,Saudi Arabia,48.9–50.4,30.5,29.1,74.4,58.3,93.8
2027,,401–450,Prince Sattam Bin Abdulaziz University,Saudi Arabia,48.9–50.4,27.5,32.3,80.0,59.3,80.2
2027,,401–450,"Royal Holloway, University of London",United Kingdom,48.9–50.4,32.6,30.7,70.9,64.4,92.0
2027,,401–450,Saarland University,Germany,48.9–50.4,34.5,28.0,75.9,76.7,79.6
2027,,401–450,SOAS University of London,United Kingdom,48.9–50.4,37.6,37.7,63.5,45.3,80.0
2027,,401–450,Temple University,United States,48.9–50.4,44.4,25.1,78.4,67.1,40.3
2027,,401–450,Tulane University,United States,48.9–50.4,43.9,25.4,77.4,62.0,50.8
2027,,401–450,Université Grenoble Alpes,France,48.9–50.4,43.1,38.7,61.8,69.7,68.4
2027,,401–450,Universiti Teknologi Malaysia,Malaysia,48.9–50.4,46.3,33.2,61.4,72.2,74.9
2027,,401–450,University of Brescia,Italy,48.9–50.4,32.6,27.0,84.6,72.1,42.1
2027,,401–450,"University of California, Merced",United States,48.9–50.4,32.5,27.6,84.2,67.0,50.7
2027,,401–450,University of Canberra,Australia,48.9–50.4,23.3,32.9,78.8,60.9,85.7
2027,,401–450,University of Coimbra,Portugal,48.9–50.4,33.2,43.4,64.8,83.1,53.9
2027,,401–450,University of Fribourg,Switzerland,48.9–50.4,38.0,34.9,63.0,73.4,81.1
2027,,401–450,University of Genoa,Italy,48.9–50.4,39.1,31.4,74.3,74.6,45.7
2027,,401–450,University of Houston,United States,48.9–50.4,33.0,30.5,73.8,69.2,75.3
2027,,401–450,University of Kiel,Germany,48.9–50.4,32.2,35.3,77.7,64.2,62.2
2027,,401–450,University of Pavia,Italy,48.9–50.4,38.9,33.3,73.1,80.1,50.5
2027,,401–450,University of Pisa,Italy,48.9–50.4,34.5,35.6,76.8,67.3,43.9
2027,,401–450,University of Porto,Portugal,48.9–50.4,34.2,40.8,69.7,67.6,54.7
2027,,401–450,University of Portsmouth,United Kingdom,48.9–50.4,22.4,21.9,90.9,48.7,94.2
2027,,401–450,University of South Florida,United States,48.9–50.4,32.9,37.8,68.7,99.3,64.9
2027,,401–450,Victoria University of Wellington,New Zealand,48.9–50.4,30.5,34.8,72.7,59.6,75.1
2027,,451–500,Ajou University,South Korea,47.4–48.7,36.1,38.8,61.6,95.0,56.9
2027,,451–500,Ca’ Foscari University of Venice,Italy,47.4–48.7,41.7,40.4,53.8,63.1,67.9
2027,,451–500,Campus Bio-Medico University of Rome,Italy,47.4–48.7,36.6,35.9,69.9,65.1,34.4
2027,,451–500,Central Queensland University,Australia,47.4–48.7,19.4,29.2,86.1,51.8,83.9
2027,,451–500,Charles Darwin University,Australia,47.4–48.7,24.3,30.2,79.1,53.8,82.9
2027,,451–500,Charles University,Czechia,47.4–48.7,38.4,34.9,65.7,62.4,64.2
2027,,451–500,City University of Macau,Macao,47.4–48.7,34.4,29.0,71.9,22.7,92.4
2027,,451–500,Colorado School of Mines,United States,47.4–48.7,37.4,36.1,64.6,87.2,40.2
2027,,451–500,Donghua University,China,47.4–48.7,31.4,32.0,77.1,95.2,35.2
2027,,451–500,Gachon University,South Korea,47.4–48.7,32.6,29.5,73.4,78.7,66.4
2027,,451–500,Gulf University for Science and Technology,Kuwait,47.4–48.7,25.7,25.5,85.9,18.4,85.8
2027,,451–500,Heriot-Watt University,United Kingdom,47.4–48.7,35.6,33.0,59.8,69.7,94.9
2027,,451–500,IMT Atlantique,France,47.4–48.7,46.4,36.8,47.1,96.9,80.3
2027,,451–500,National and Kapodistrian University of Athens,Greece,47.4–48.7,26.7,29.3,77.7,91.4,54.8
2027,,451–500,National Cheng Kung University (NCKU),Taiwan,47.4–48.7,40.4,43.5,55.4,99.6,43.5
2027,,451–500,National Taiwan University of Science and Technology (Taiwan Tech),Taiwan,47.4–48.7,35.4,39.5,63.4,98.9,49.6
2027,,451–500,National Yunlin University of Science and Technology,Taiwan,47.4–48.7,24.0,31.6,83.1,80.0,47.5
2027,,451–500,"Northeastern University, China",China,47.4–48.7,33.7,36.0,68.1,97.2,38.3
2027,,451–500,Northumbria University,United Kingdom,47.4–48.7,23.7,26.6,80.9,50.7,91.8
2027,,451–500,Pontificia Universidad Católica de Chile,Chile,47.4–48.7,36.7,42.4,58.1,77.0,58.0
2027,,451–500,Princess Nourah bint Abdulrahman University,Saudi Arabia,47.4–48.7,30.4,26.8,77.3,41.0,86.4
2027,,451–500,Rush University,United States,47.4–48.7,45.8,19.4,80.0,65.2,29.3
2027,,451–500,Sharif University of Technology,Iran,47.4–48.7,35.0,37.1,69.9,96.0,32.4
2027,,451–500,Shoolini University of Biotechnology and Management Sciences,India,47.4–48.7,27.4,25.4,86.0,24.8,69.5
2027,,451–500,Syracuse University,United States,47.4–48.7,34.7,29.6,72.5,61.8,68.4
2027,,451–500,The University of Texas at San Antonio,United States,47.4–48.7,21.7,32.1,89.4,70.1,39.8
2027,,451–500,TU Dortmund University,Germany,47.4–48.7,35.7,41.4,60.4,73.6,59.5
2027,,451–500,Umm Al-Qura University,Saudi Arabia,47.4–48.7,37.4,29.7,73.2,38.5,58.0
2027,,451–500,Universiti Putra Malaysia,Malaysia,47.4–48.7,44.8,34.5,51.8,60.3,84.2
2027,,451–500,Universiti Utara Malaysia,Malaysia,47.4–48.7,41.5,34.5,60.1,33.4,81.3
2027,,451–500,University of Delaware,United States,47.4–48.7,36.0,35.0,66.6,83.7,59.7
2027,,451–500,University of Eastern Finland,Finland,47.4–48.7,28.6,32.9,78.1,66.8,48.0
2027,,451–500,University of Guelph,Canada,47.4–48.7,35.6,38.2,63.3,77.8,63.5
2027,,451–500,University of Huddersfield,United Kingdom,47.4–48.7,28.8,26.3,78.4,54.5,89.5
2027,,451–500,University of Kent,United Kingdom,47.4–48.7,28.3,29.0,74.3,64.8,91.1
2027,,451–500,University of Kentucky,United States,47.4–48.7,42.8,31.6,66.0,70.0,43.8
2027,,451–500,University of Milan-Bicocca,Italy,47.4–48.7,31.1,29.2,83.6,64.5,43.7
2027,,451–500,University of Pretoria,South Africa,47.4–48.7,35.0,40.5,60.8,68.5,72.0
2027,,451–500,University of Regensburg,Germany,47.4–48.7,36.7,32.2,69.5,65.9,57.2
2027,,451–500,University of South Carolina-Columbia,United States,47.4–48.7,36.3,27.8,73.3,64.1,54.7
2027,,451–500,University of Tehran,Iran,47.4–48.7,41.5,31.7,69.6,65.0,36.8
2027,,451–500,University of Texas at Dallas,United States,47.4–48.7,29.9,28.9,79.3,73.0,62.0
2027,,451–500,University of Vaasa,Finland,47.4–48.7,19.5,26.5,90.1,37.7,77.3
2027,,451–500,Verona University,Italy,47.4–48.7,33.1,30.5,79.2,69.7,43.2
2027,,451–500,Virginia Commonwealth University,United States,47.4–48.7,38.9,24.9,80.8,76.0,34.3
2027,,451–500,Wake Forest University,United States,47.4–48.7,38.0,23.0,79.1,87.3,36.8
2027,,451–500,Washington State University,United States,47.4–48.7,37.4,34.8,67.0,84.1,54.9
2027,,451–500,Wroclaw Medical University,Poland,47.4–48.7,43.7,20.7,79.0,51.0,37.9
2027,,451–500,York University,Canada,47.4–48.7,29.2,35.3,67.7,72.7,84.3
2027,,501–550,Alfaisal University,Saudi Arabia,46.0–47.3,24.2,24.8,75.5,51.4,95.9
2027,,501–550,American University of Sharjah,United Arab Emirates,46.0–47.3,23.4,29.3,75.3,43.9,86.7
2027,,501–550,Bangor University,United Kingdom,46.0–47.3,28.0,25.3,71.8,60.0,87.2
2027,,501–550,Bournemouth University,United Kingdom,46.0–47.3,18.6,23.3,87.9,48.5,88.4
2027,,501–550,Brandeis University,United States,46.0–47.3,36.8,27.4,65.4,63.4,79.7
2027,,501–550,"China University of Petroleum, Beijing",China,46.0–47.3,38.5,39.1,57.3,97.9,35.2
2027,,501–550,Chulalongkorn University,Thailand,46.0–47.3,38.0,34.8,60.3,82.1,50.1
2027,,501–550,"Colorado State University, Fort Collins",United States,46.0–47.3,36.7,33.3,67.2,68.9,45.8
2027,,501–550,Cyprus University of Technology,Cyprus,46.0–47.3,26.3,28.0,78.2,38.5,69.2
2027,,501–550,Ewha Womans University,South Korea,46.0–47.3,37.4,38.7,55.4,91.0,55.1
2027,,501–550,Federation University Australia,Australia,46.0–47.3,20.5,21.7,83.7,61.8,85.4
2027,,501–550,Florida International University,United States,46.0–47.3,32.6,33.2,69.8,65.8,48.3
2027,,501–550,Jamia Millia Islamia,India,46.0–47.3,42.7,21.4,77.3,51.3,43.6
2027,,501–550,Jiangsu University,China,46.0–47.3,25.9,19.0,85.6,80.4,54.8
2027,,501–550,Jinan University (China),China,46.0–47.3,26.1,29.6,78.7,69.5,55.7
2027,,501–550,KIIT University,India,46.0–47.3,44.5,26.5,63.9,62.0,49.3
2027,,501–550,Kyungpook National University (KNU),South Korea,46.0–47.3,38.4,38.4,53.6,96.5,49.7
2027,,501–550,Leuphana University of Lüneburg,Germany,46.0–47.3,27.3,29.8,79.4,32.6,69.3
2027,,501–550,Lovely Professional University,India,46.0–47.3,25.1,26.7,87.0,43.4,54.1
2027,,501–550,Management and Science University,Malaysia,46.0–47.3,39.5,17.8,70.2,33.0,94.3
2027,,501–550,Massey University,New Zealand,46.0–47.3,29.4,32.7,64.6,77.6,86.3
2027,,501–550,Maynooth University,Ireland,46.0–47.3,26.5,36.8,66.8,46.5,74.6
2027,,501–550,National Taiwan Normal University,Taiwan,46.0–47.3,36.6,35.6,61.2,82.6,53.8
2027,,501–550,Near East University,Northern Cyprus,46.0–47.3,26.0,24.1,76.1,53.1,89.4
2027,,501–550,NOVA University of Lisbon,Portugal,46.0–47.3,29.8,39.9,61.9,65.8,62.3
2027,,501–550,Roskilde University,Denmark,46.0–47.3,24.5,36.8,74.4,57.7,58.3
2027,,501–550,Shanghai University,China,46.0–47.3,30.6,38.9,68.5,96.2,31.6
2027,,501–550,Stevens Institute of Technology,United States,46.0–47.3,28.4,28.1,74.2,62.7,78.9
2027,,501–550,Sultan Qaboos University,Oman,46.0–47.3,31.2,27.7,72.1,44.2,72.9
2027,,501–550,Tecnológico de Monterrey,Mexico,46.0–47.3,30.0,35.8,62.8,75.6,65.2
2027,,501–550,Tehran University of Medical Sciences,Iran,46.0–47.3,49.2,29.2,56.9,85.4,42.8
2027,,501–550,The Catholic University of Korea (CUK),South Korea,46.0–47.3,38.2,38.8,57.3,93.6,46.6
2027,,501–550,The University of Tennessee-Knoxville,United States,46.0–47.3,33.4,32.3,68.3,70.5,51.8
2027,,501–550,Université du Québec,Canada,46.0–47.3,33.3,35.6,58.0,73.7,78.5
2027,,501–550,University of Cyprus,Cyprus,46.0–47.3,28.4,31.6,67.3,80.6,71.6
2027,,501–550,University of Graz,Austria,46.0–47.3,34.7,29.0,66.9,53.0,81.3
2027,,501–550,University of Greifswald,Germany,46.0–47.3,34.2,31.3,71.4,57.5,49.6
2027,,501–550,University of Iceland,Iceland,46.0–47.3,24.6,37.0,69.4,85.3,56.1
2027,,501–550,University of Jyväskylä,Finland,46.0–47.3,29.8,36.7,72.7,46.0,47.2
2027,,501–550,University of KwaZulu-Natal,South Africa,46.0–47.3,33.2,38.8,62.9,49.4,54.2
2027,,501–550,University of Limerick,Ireland,46.0–47.3,28.6,35.8,63.9,68.8,76.3
2027,,501–550,University of Nebraska Medical Center,United States,46.0–47.3,38.2,19.3,78.2,67.2,41.4
2027,,501–550,University of Nicosia,Cyprus,46.0–47.3,19.6,24.9,85.0,49.6,88.6
2027,,501–550,University of Siegen,Germany,46.0–47.3,32.4,39.1,64.8,64.5,57.2
2027,,501–550,University of Stirling,United Kingdom,46.0–47.3,24.6,28.7,73.4,41.6,89.7
2027,,501–550,University of Toulouse,France,46.0–47.3,32.5,34.3,62.7,72.6,67.2
2027,,501–550,University of Ulsan,South Korea,46.0–47.3,29.7,28.8,78.2,94.1,24.0
2027,,501–550,University of Valencia,Spain,46.0–47.3,33.2,31.8,68.4,68.3,52.8
2027,,501–550,Zayed University,United Arab Emirates,46.0–47.3,21.0,22.3,85.1,61.9,74.0
2027,,501–550,Zhejiang University of Technology,China,46.0–47.3,30.8,33.9,71.8,95.3,40.5
2027,,551–600,"Amity University, Noida",India,44.5–45.9,31.8,20.4,76.9,44.2,58.0
2027,,551–600,"Asia University, Taiwan",Taiwan,44.5–45.9,16.4,32.5,78.4,77.0,50.0
2027,,551–600,Auckland University of Technology,New Zealand,44.5–45.9,23.9,26.3,71.9,49.4,90.0
2027,,551–600,Banaras Hindu University,India,44.5–45.9,50.1,21.6,68.1,33.1,28.5
2027,,551–600,Bauman Moscow State Technical University,Russian Federation,44.5–45.9,58.0,34.4,35.2,55.0,61.7
2027,,551–600,Beijing University of Chemical Technology,China,44.5–45.9,25.7,27.1,81.4,95.3,22.1
2027,,551–600,Ben-Gurion University of the Negev,Israel,44.5–45.9,38.8,36.3,61.2,72.1,34.5
2027,,551–600,Carleton University,Canada,44.5–45.9,24.2,35.1,64.8,74.0,75.1
2027,,551–600,East China University of Science and Technology,China,44.5–45.9,31.2,35.4,65.9,97.4,22.3
2027,,551–600,"Goldsmiths, University of London",United Kingdom,44.5–45.9,32.7,25.6,68.5,47.9,80.7
2027,,551–600,Graphic Era University,India,44.5–45.9,20.5,25.5,93.6,20.9,39.6
2027,,551–600,Hamburg University of Technology,Germany,44.5–45.9,38.0,29.2,58.6,87.0,61.1
2027,,551–600,Jagiellonian University,Poland,44.5–45.9,40.7,37.7,53.0,56.5,46.3
2027,,551–600,King Faisal University,Saudi Arabia,44.5–45.9,26.9,23.6,73.6,56.2,78.6
2027,,551–600,Liverpool John Moores University,United Kingdom,44.5–45.9,20.6,21.6,83.3,50.4,78.7
2027,,551–600,Mahidol University,Thailand,44.5–45.9,39.0,31.1,57.7,89.0,48.5
2027,,551–600,Manchester Metropolitan University,United Kingdom,44.5–45.9,20.7,22.8,79.7,41.6,85.3
2027,,551–600,Manipal Academy of Higher Education,India,44.5–45.9,45.1,22.8,62.0,55.0,51.4
2027,,551–600,Memorial University of Newfoundland,Canada,44.5–45.9,29.9,27.2,65.3,80.7,84.1
2027,,551–600,Mizzou – University of Missouri,United States,44.5–45.9,39.4,28.6,63.8,71.3,52.3
2027,,551–600,Nanjing University of Science and Technology (NJUST),China,44.5–45.9,33.1,33.4,68.6,87.8,21.2
2027,,551–600,Polytechnic University of Bari,Italy,44.5–45.9,29.4,34.3,71.6,67.6,35.4
2027,,551–600,Pusan National University,South Korea,44.5–45.9,45.0,36.4,48.8,87.0,44.4
2027,,551–600,Quaid-i-Azam University,Pakistan,44.5–45.9,25.3,25.4,80.6,43.3,56.7
2027,,551–600,Royal Veterinary College,United Kingdom,44.5–45.9,33.0,22.8,64.0,62.7,92.6
2027,,551–600,Sciences Po,France,44.5–45.9,31.5,27.2,70.9,18.1,83.1
2027,,551–600,Shiraz University of Technology,Iran,44.5–45.9,36.0,22.7,76.7,46.1,37.6
2027,,551–600,"Soochow University, China",China,44.5–45.9,28.4,28.7,75.9,94.5,25.9
2027,,551–600,Southern Cross University,Australia,44.5–45.9,22.5,30.2,71.3,67.4,78.4
2027,,551–600,Tashkent Institute of Irrigation and Agricultural Mechanisation,Uzbekistan,44.5–45.9,38.8,17.9,70.9,50.1,76.2
2027,,551–600,Universiti Tenaga Nasional (UNITEN),Malaysia,44.5–45.9,30.8,20.6,73.3,81.9,68.2
2027,,551–600,University of Bordeaux,France,44.5–45.9,35.2,29.5,64.7,67.3,63.2
2027,,551–600,University of Canterbury,New Zealand,44.5–45.9,29.3,31.9,60.7,63.5,81.2
2027,,551–600,University of Catania,Italy,44.5–45.9,32.9,23.2,78.1,57.0,37.5
2027,,551–600,University of Central Florida,United States,44.5–45.9,26.9,32.0,74.9,73.7,36.1
2027,,551–600,University of Hull,United Kingdom,44.5–45.9,25.3,24.7,70.1,57.9,88.0
2027,,551–600,University of International Business and Economics,China,44.5–45.9,30.6,21.3,82.3,30.2,47.1
2027,,551–600,University of Klagenfurt,Austria,44.5–45.9,31.3,25.2,63.8,53.9,89.8
2027,,551–600,University of Manitoba,Canada,44.5–45.9,31.3,24.7,69.3,59.0,80.4
2027,,551–600,University of Messina,Italy,44.5–45.9,36.6,28.7,68.6,58.4,37.1
2027,,551–600,University of Modena and Reggio Emilia,Italy,44.5–45.9,34.0,25.7,72.4,69.5,38.2
2027,,551–600,University of Palermo,Italy,44.5–45.9,32.4,35.2,65.1,79.2,36.4
2027,,551–600,University of Plymouth,United Kingdom,44.5–45.9,24.5,24.4,73.9,65.3,83.0
2027,,551–600,University of the Sunshine Coast,Australia,44.5–45.9,20.7,31.9,72.4,71.0,67.5
2027,,551–600,University of Trieste,Italy,44.5–45.9,33.2,27.2,73.1,59.8,51.8
2027,,551–600,University of Waikato,New Zealand,44.5–45.9,24.4,32.6,66.8,64.6,86.0
2027,,551–600,University of Windsor,Canada,44.5–45.9,32.6,32.1,59.0,69.1,84.4
2027,,551–600,Victoria University,Australia,44.5–45.9,24.0,27.6,76.2,56.7,73.0
2027,,551–600,Yangzhou University,China,44.5–45.9,32.2,27.6,71.5,83.9,46.3
2027,,551–600,Zarqa University,Jordan,44.5–45.9,14.3,24.3,92.3,17.9,75.5
2027,,601–650,Anglia Ruskin University (ARU),United Kingdom,43.4–44.4,18.4,16.6,83.6,33.4,90.1
2027,,601–650,Auburn University,United States,43.4–44.4,36.0,30.4,58.9,70.0,54.3
2027,,601–650,Chonnam National University,South Korea,43.4–44.4,37.3,36.6,50.4,92.0,49.5
2027,,601–650,Coventry University,United Kingdom,43.4–44.4,21.9,17.9,78.5,48.6,94.3
2027,,601–650,Dhofar University,Oman,43.4–44.4,17.4,23.1,84.3,26.6,79.2
2027,,601–650,Edinburgh Napier University,United Kingdom,43.4–44.4,18.9,22.6,77.2,43.7,95.5
2027,,601–650,Effat University,Saudi Arabia,43.4–44.4,20.5,20.6,75.6,44.6,96.4
2027,,601–650,European University of Lefke,Northern Cyprus,43.4–44.4,25.5,14.5,80.9,20.7,87.3
2027,,601–650,Federal University of Rio de Janeiro,Brazil,43.4–44.4,45.3,42.3,39.5,86.2,36.8
2027,,601–650,Gabriele d‘Annunzio University,Italy,43.4–44.4,31.3,32.9,63.3,69.8,38.5
2027,,601–650,Georgia State University,United States,43.4–44.4,31.4,31.2,62.1,60.4,55.4
2027,,601–650,Hiroshima University,Japan,43.4–44.4,40.1,34.4,49.6,73.3,50.6
2027,,601–650,HSE University,Russian Federation,43.4–44.4,30.2,43.0,50.3,85.9,50.7
2027,,601–650,Imam Mohammad Ibn Saud Islamic University,Saudi Arabia,43.4–44.4,33.5,22.0,65.0,38.5,86.2
2027,,601–650,Jiangnan University,China,43.4–44.4,29.5,29.9,69.5,94.5,22.4
2027,,601–650,Juntendo University,Japan,43.4–44.4,36.8,19.1,74.9,80.4,27.5
2027,,601–650,Keele University,United Kingdom,43.4–44.4,21.8,23.5,75.5,62.0,79.9
2027,,601–650,Konkuk University,South Korea,43.4–44.4,34.6,37.7,49.1,96.0,60.3
2027,,601–650,Lehigh University,United States,43.4–44.4,33.8,24.6,64.0,65.9,70.8
2027,,601–650,Masaryk University,Czechia,43.4–44.4,28.3,35.1,61.0,51.4,66.2
2027,,601–650,Middlesex University,United Kingdom,43.4–44.4,21.2,20.4,78.3,46.1,90.9
2027,,601–650,Missouri University of Science and Technology,United States,43.4–44.4,25.6,30.6,62.6,89.9,75.6
2027,,601–650,National University of Sciences and Technology,Pakistan,43.4–44.4,24.1,24.8,76.4,62.8,54.0
2027,,601–650,New Jersey Institute of Technology,United States,43.4–44.4,25.4,27.2,62.4,66.6,89.1
2027,,601–650,Nottingham Trent University,United Kingdom,43.4–44.4,22.3,16.4,81.0,38.2,89.7
2027,,601–650,Ocean University of China,China,43.4–44.4,31.8,32.8,65.6,76.8,28.3
2027,,601–650,Paderborn University,Germany,43.4–44.4,31.8,38.6,54.3,72.3,48.9
2027,,601–650,Rensselaer Polytechnic Institute,United States,43.4–44.4,35.3,28.9,56.3,80.3,70.5
2027,,601–650,RPTU University Kaiserslautern-Landau,Germany,43.4–44.4,36.7,33.3,56.2,75.9,50.8
2027,,601–650,Saint Louis University,United States,43.4–44.4,39.8,18.4,66.7,65.6,58.0
2027,,601–650,Symbiosis International University,India,43.4–44.4,27.7,22.2,80.9,32.3,45.7
2027,,601–650,The University of Tulsa,United States,43.4–44.4,35.9,20.9,66.4,60.8,60.4
2027,,601–650,Universitat Politècnica de Catalunya,Spain,43.4–44.4,36.0,25.7,61.2,75.6,61.0
2027,,601–650,Universiti Malaysia Pahang Al-Sultan Abdullah (UMPSA),Malaysia,43.4–44.4,38.6,27.6,57.6,55.8,64.5
2027,,601–650,Universiti Pendidikan Sultan Idris,Malaysia,43.4–44.4,41.6,31.4,46.5,58.8,84.5
2027,,601–650,University of Bradford,United Kingdom,43.4–44.4,22.4,23.2,70.5,55.5,93.5
2027,,601–650,University of Cassino and Southern Lazio (Unicas),Italy,43.4–44.4,34.5,30.3,63.3,62.4,48.4
2027,,601–650,University of Greenwich,United Kingdom,43.4–44.4,18.0,18.6,81.5,38.5,96.3
2027,,601–650,University of Minho,Portugal,43.4–44.4,30.7,36.2,59.4,87.2,47.7
2027,,601–650,University of Missouri-Kansas City,United States,43.4–44.4,30.3,26.9,70.1,62.3,43.3
2027,,601–650,University of Nebraska-Lincoln,United States,43.4–44.4,31.1,33.7,60.6,68.1,59.5
2027,,601–650,University of Neuchâtel,Switzerland,43.4–44.4,33.4,28.7,58.0,45.4,85.1
2027,,601–650,"University of Nevada, Las Vegas",United States,43.4–44.4,31.2,25.6,72.5,52.2,39.6
2027,,601–650,University of Passau,Germany,43.4–44.4,31.3,38.4,54.8,65.5,57.3
2027,,601–650,University of Wuppertal,Germany,43.4–44.4,33.0,33.7,59.0,66.0,57.6
2027,,601–650,UPES,India,43.4–44.4,27.7,22.0,80.7,26.2,53.0
2027,,601–650,Wayne State University,United States,43.4–44.4,37.7,24.1,66.5,79.2,41.0
2027,,601–650,Xidian University,China,43.4–44.4,29.9,28.5,68.9,96.4,26.1
2027,,601–650,Yarmouk University,Jordan,43.4–44.4,29.3,22.0,77.7,31.5,64.5
2027,,601–650,Yeungnam University,South Korea,43.4–44.4,23.5,24.8,76.0,61.0,66.5
2027,,601–650,Yuan Ze University,Taiwan,43.4–44.4,19.2,29.3,72.7,75.4,65.5
2027,,601–650,Zhejiang Normal University,China,43.4–44.4,19.2,25.6,81.9,66.6,42.3
2027,,651–700,Aligarh Muslim University,India,42.4–43.3,39.8,18.7,70.6,37.6,39.5
2027,,651–700,American University of the Middle East,Kuwait,42.4–43.3,26.5,20.9,71.0,33.4,85.2
2027,,651–700,Amman Arab University,Jordan,42.4–43.3,12.9,21.7,87.6,19.4,70.7
2027,,651–700,Amrita Vishwa Vidyapeetham,India,42.4–43.3,24.9,25.9,76.5,44.7,41.0
2027,,651–700,Bar-Ilan University,Israel,42.4–43.3,33.0,36.7,53.3,89.9,39.6
2027,,651–700,Bilkent University,Turkey,42.4–43.3,27.9,38.3,50.6,99.2,64.1
2027,,651–700,BOKU University,Austria,42.4–43.3,33.4,20.7,58.1,59.7,89.4
2027,,651–700,Centrale Nantes,France,42.4–43.3,37.1,30.1,45.6,83.7,85.1
2027,,651–700,Charles Sturt University,Australia,42.4–43.3,18.7,22.5,81.4,52.0,58.9
2027,,651–700,COMSATS University Islamabad,Pakistan,42.4–43.3,23.5,17.9,84.1,44.3,50.1
2027,,651–700,Concordia University,Canada,42.4–43.3,24.7,27.8,66.0,66.1,73.2
2027,,651–700,Cyprus International University,Northern Cyprus,42.4–43.3,20.9,15.1,82.8,19.4,83.5
2027,,651–700,École des Mines de Saint-Étienne,France,42.4–43.3,46.8,34.8,33.9,80.0,71.6
2027,,651–700,École Nationale des Travaux Publics de l’État (ENTPE),France,42.4–43.3,39.2,37.5,40.5,77.9,72.2
2027,,651–700,Harbin Engineering University,China,42.4–43.3,33.3,36.7,54.8,95.1,25.3
2027,,651–700,Harokopio University of Athens,Greece,42.4–43.3,22.7,25.6,79.9,54.8,37.2
2027,,651–700,Imam Abdulrahman Bin Faisal University,Saudi Arabia,42.4–43.3,29.2,17.3,73.1,29.0,75.5
2027,,651–700,Indian Institute of Technology Indore,India,42.4–43.3,41.8,29.0,60.8,48.7,32.1
2027,,651–700,ISCTE-University Institute of Lisbon,Portugal,42.4–43.3,30.0,36.4,57.1,58.9,52.0
2027,,651–700,Istanbul Technical University,Turkey,42.4–43.3,40.1,32.3,51.3,80.5,43.1
2027,,651–700,Jeonbuk National University,South Korea,42.4–43.3,37.6,34.4,48.3,90.3,47.3
2027,,651–700,Jouf University,Saudi Arabia,42.4–43.3,20.6,22.2,77.9,32.0,75.4
2027,,651–700,Nanjing Forestry University,China,42.4–43.3,21.1,27.2,81.5,67.7,26.5
2027,,651–700,Nanjing University of Aeronautics and Astronautics,China,42.4–43.3,30.5,37.5,58.1,99.1,26.2
2027,,651–700,Oklahoma State University,United States,42.4–43.3,36.9,25.9,59.4,61.6,53.9
2027,,651–700,Örebro University,Sweden,42.4–43.3,18.7,27.6,78.7,51.0,52.9
2027,,651–700,Otto von Guericke University of Magdeburg,Germany,42.4–43.3,35.3,19.6,61.9,59.8,73.8
2027,,651–700,Sharda University,India,42.4–43.3,33.1,17.7,80.3,24.7,42.7
2027,,651–700,Shiraz University of Medical Sciences,Iran,42.4–43.3,45.3,24.2,61.1,64.1,26.9
2027,,651–700,Tashkent State University of Economics,Uzbekistan,42.4–43.3,27.5,13.6,79.8,28.1,70.3
2027,,651–700,The University of Aizu,Japan,42.4–43.3,30.5,17.1,67.0,55.1,81.5
2027,,651–700,TU Braunschweig,Germany,42.4–43.3,37.5,25.5,56.2,74.6,59.4
2027,,651–700,UiT The Arctic University of Norway,Norway,42.4–43.3,28.6,25.8,66.5,47.3,65.5
2027,,651–700,Ulster University,United Kingdom,42.4–43.3,20.9,25.5,67.5,54.5,94.4
2027,,651–700,Universidade Estadual Paulista (Unesp),Brazil,42.4–43.3,48.6,40.0,37.7,69.7,41.2
2027,,651–700,University of Arkansas,United States,42.4–43.3,26.6,33.3,67.5,66.8,35.4
2027,,651–700,University of Bari Aldo Moro,Italy,42.4–43.3,26.6,27.9,70.8,71.9,37.7
2027,,651–700,University of Calabria,Italy,42.4–43.3,37.9,26.4,60.2,61.3,39.9
2027,,651–700,University of Denver,United States,42.4–43.3,42.4,28.4,56.5,56.7,35.2
2027,,651–700,University of Ferrara,Italy,42.4–43.3,33.0,27.0,66.2,63.7,42.8
2027,,651–700,University of Granada,Spain,42.4–43.3,32.7,31.6,59.7,60.6,52.7
2027,,651–700,University of Indonesia,Indonesia,42.4–43.3,45.3,27.2,44.7,63.7,69.2
2027,,651–700,University of Lille,France,42.4–43.3,33.2,25.7,60.7,65.0,64.1
2027,,651–700,University of Nizwa,Oman,42.4–43.3,22.7,15.8,79.1,29.5,82.7
2027,,651–700,University of North Carolina at Charlotte,United States,42.4–43.3,24.4,26.5,75.3,60.7,41.5
2027,,651–700,University of Salerno,Italy,42.4–43.3,30.5,27.6,70.6,61.8,35.3
2027,,651–700,University of Tabuk,Saudi Arabia,42.4–43.3,26.7,19.5,72.7,34.8,76.8
2027,,651–700,UWE Bristol (University of the West of England),United Kingdom,42.4–43.3,19.2,16.5,77.7,61.5,82.0
2027,,651–700,Xi’an Jiaotong-Liverpool University,China,42.4–43.3,22.5,20.7,77.8,42.8,74.8
2027,,651–700,Zhengzhou University,China,42.4–43.3,21.1,28.2,78.8,81.9,23.9
2027,,701–800,Aberystwyth University,United Kingdom,40.2–42.3,24.9,23.5,59.9,61.1,81.9
2027,,701–800,AlMaarefa University,Saudi Arabia,40.2–42.3,22.6,20.9,67.3,20.1,92.0
2027,,701–800,American University,United States,40.2–42.3,37.5,20.7,62.4,52.1,42.5
2027,,701–800,American University in Cairo,Egypt,40.2–42.3,29.9,33.2,51.7,32.2,70.1
2027,,701–800,An-Najah National University,Palestine,40.2–42.3,28.8,18.7,72.5,27.1,70.4
2027,,701–800,Azerbaijan State University of Economics,Azerbaijan,40.2–42.3,25.1,12.3,80.4,20.4,74.7
2027,,701–800,Babol Noshirvani University of Technology,Iran,40.2–42.3,24.8,22.0,76.8,38.3,28.4
2027,,701–800,Bahauddin Zakariya University,Pakistan,40.2–42.3,27.4,20.6,75.6,26.4,48.9
2027,,701–800,Bushehr University of Medical Sciences (BPUMS),Iran,40.2–42.3,46.7,24.2,51.1,56.8,29.1
2027,,701–800,Central University of Himachal Pradesh,India,40.2–42.3,35.4,17.4,76.2,16.5,22.1
2027,,701–800,Central University of Punjab,India,40.2–42.3,29.5,24.6,77.4,26.3,28.1
2027,,701–800,Chitkara University,India,40.2–42.3,21.4,19.1,87.1,23.5,40.5
2027,,701–800,Claude Bernard University Lyon 1,France,40.2–42.3,26.7,27.1,64.1,68.9,59.6
2027,,701–800,Clemson University,United States,40.2–42.3,31.2,28.2,61.1,67.0,52.4
2027,,701–800,De Montfort University,United Kingdom,40.2–42.3,18.9,18.1,68.4,52.0,93.2
2027,,701–800,Duy Tan University,Vietnam,40.2–42.3,11.4,17.6,88.9,33.4,56.2
2027,,701–800,Eastern Mediterranean University,Northern Cyprus,40.2–42.3,24.0,15.4,75.4,33.6,76.9
2027,,701–800,European University Cyprus,Cyprus,40.2–42.3,20.8,19.7,68.8,20.3,91.9
2027,,701–800,Fuzhou University,China,40.2–42.3,20.2,24.4,71.9,85.4,34.2
2027,,701–800,Guangdong University of Technology,China,40.2–42.3,17.6,24.7,78.2,91.1,23.4
2027,,701–800,Indian Institute of Technology Patna,India,40.2–42.3,32.9,24.1,67.7,44.0,23.8
2027,,701–800,Inha University,South Korea,40.2–42.3,32.4,33.6,49.7,90.2,44.1
2027,,701–800,"International Institute of Information Technology, Hyderabad",India,40.2–42.3,32.8,22.8,66.8,61.1,40.5
2027,,701–800,Iran University of Medical Sciences,Iran,40.2–42.3,47.0,18.2,55.6,43.0,42.3
2027,,701–800,Isfahan University of Medical Sciences,Iran,40.2–42.3,46.8,26.7,53.2,68.0,27.8
2027,,701–800,Isfahan University of Technology,Iran,40.2–42.3,28.6,28.7,59.8,84.2,35.2
2027,,701–800,Islamic University of Madinah,Saudi Arabia,40.2–42.3,31.5,20.5,58.0,35.3,90.2
2027,,701–800,Jawaharlal Nehru University,India,40.2–42.3,47.1,28.3,49.2,37.7,23.9
2027,,701–800,Jazan University,Saudi Arabia,40.2–42.3,23.7,15.6,75.4,24.2,75.7
2027,,701–800,Jönköping University,Sweden,40.2–42.3,21.3,26.0,66.6,38.5,68.9
2027,,701–800,JSS Academy of Higher Education and Research,India,40.2–42.3,41.8,14.5,63.4,32.9,53.4
2027,,701–800,Kansas State University,United States,40.2–42.3,34.1,23.3,55.8,67.8,53.7
2027,,701–800,King Saud bin Abdulaziz University for Health Sciences,Saudi Arabia,40.2–42.3,46.8,22.2,51.7,44.1,53.4
2027,,701–800,Kobe University,Japan,40.2–42.3,41.7,31.6,45.0,88.7,38.7
2027,,701–800,Kurdistan University of Medical Sciences,Iran,40.2–42.3,43.4,12.4,67.0,26.8,38.9
2027,,701–800,Lincoln University (New Zealand),New Zealand,40.2–42.3,27.4,26.0,55.3,46.8,90.1
2027,,701–800,London South Bank University,United Kingdom,40.2–42.3,19.0,15.6,73.4,48.4,94.3
2027,,701–800,Louisiana State University,United States,40.2–42.3,33.8,23.5,58.4,64.0,46.6
2027,,701–800,Mahatma Jyotiba Phule Rohilkhand University,India,40.2–42.3,41.0,11.9,65.6,26.0,69.5
2027,,701–800,Majmaah University,Saudi Arabia,40.2–42.3,30.7,24.9,60.8,37.5,75.2
2027,,701–800,Mississippi State University,United States,40.2–42.3,29.4,22.3,64.3,61.0,52.5
2027,,701–800,Nanjing Tech University,China,40.2–42.3,23.2,27.0,69.0,93.6,39.3
2027,,701–800,Nantes Université,France,40.2–42.3,27.0,22.2,68.0,67.2,59.2
2027,,701–800,National Autonomous University of Mexico,Mexico,40.2–42.3,37.8,41.6,38.3,67.7,60.5
2027,,701–800,National Sun Yat-Sen University,Taiwan,40.2–42.3,30.1,37.6,46.9,90.4,51.3
2027,,701–800,New Mexico State University (Main campus),United States,40.2–42.3,26.7,26.6,69.5,54.1,43.7
2027,,701–800,Northeast Normal University,China,40.2–42.3,32.9,20.5,69.6,50.8,34.0
2027,,701–800,Obuda University,Hungary,40.2–42.3,17.9,33.8,67.4,40.0,48.0
2027,,701–800,Oxford Brookes University,United Kingdom,40.2–42.3,27.5,29.2,53.6,31.0,88.5
2027,,701–800,Panjab University,India,40.2–42.3,39.2,19.4,68.5,45.8,25.6
2027,,701–800,Paris Lodron Universität Salzburg,Austria,40.2–42.3,35.3,23.6,51.7,49.2,91.1
2027,,701–800,Polytechnic University of Valencia,Spain,40.2–42.3,31.4,29.1,51.8,86.0,57.3
2027,,701–800,Pontifical Catholic University of Rio de Janeiro (PUC-Rio),Brazil,40.2–42.3,38.1,36.5,39.9,76.0,45.3
2027,,701–800,Qingdao University,China,40.2–42.3,18.7,22.9,81.5,61.2,22.2
2027,,701–800,Rochester Institute of Technology,United States,40.2–42.3,23.9,25.6,69.7,63.0,49.0
2027,,701–800,Rovira i Virgili University,Spain,40.2–42.3,29.0,26.1,61.4,53.7,56.8
2027,,701–800,Semnan University of Medical Sciences and Health Services,Iran,40.2–42.3,40.8,14.7,72.2,23.5,31.0
2027,,701–800,Shahid Beheshti University of Medical Sciences,Iran,40.2–42.3,44.9,21.6,55.0,73.9,36.3
2027,,701–800,South China Normal University,China,40.2–42.3,24.0,27.5,68.1,75.5,35.3
2027,,701–800,Southwest Jiaotong University,China,40.2–42.3,26.5,29.1,63.4,92.4,23.6
2027,,701–800,SRUC (Scotland’s Rural College),United Kingdom,40.2–42.3,24.7,16.4,74.7,30.2,65.6
2027,,701–800,SUNY University at Albany,United States,40.2–42.3,29.0,22.1,61.9,62.5,56.6
2027,,701–800,Tabriz University of Medical Sciences,Iran,40.2–42.3,39.8,18.1,69.3,45.1,32.6
2027,,701–800,Taif University,Saudi Arabia,40.2–42.3,20.0,19.2,77.3,24.4,77.9
2027,,701–800,Teesside University,United Kingdom,40.2–42.3,20.0,16.5,75.6,30.1,89.2
2027,,701–800,Texas Tech University,United States,40.2–42.3,31.6,24.0,58.0,62.7,60.8
2027,,701–800,Thapar Institute of Engineering and Technology,India,40.2–42.3,37.0,21.1,61.7,45.5,54.2
2027,,701–800,Tomsk State University,Russian Federation,40.2–42.3,47.7,37.4,24.6,57.8,74.4
2027,,701–800,Toronto Metropolitan University,Canada,40.2–42.3,23.1,33.3,61.5,69.4,60.7
2027,,701–800,"UEES, Espiritu Santo University",Ecuador,40.2–42.3,37.0,17.0,54.9,38.2,89.2
2027,,701–800,UEH University,Vietnam,40.2–42.3,14.0,21.4,85.6,46.8,55.9
2027,,701–800,Universidade Federal do Rio Grande do Sul,Brazil,40.2–42.3,40.6,29.5,54.0,63.8,35.5
2027,,701–800,Université Côte d’Azur,France,40.2–42.3,30.3,21.3,60.5,64.2,73.5
2027,,701–800,"University of Agriculture, Faisalabad",Pakistan,40.2–42.3,17.9,25.4,75.2,35.9,49.4
2027,,701–800,University of Alaska Fairbanks,United States,40.2–42.3,33.0,33.3,50.2,61.7,65.3
2027,,701–800,University of Aveiro,Portugal,40.2–42.3,32.7,34.5,53.0,57.8,45.4
2027,,701–800,University of Beira Interior,Portugal,40.2–42.3,20.4,25.1,76.3,39.1,51.0
2027,,701–800,University of Brighton,United Kingdom,40.2–42.3,19.1,22.2,65.9,65.4,83.7
2027,,701–800,University of Cagliari,Italy,40.2–42.3,31.4,24.6,62.6,58.8,39.1
2027,,701–800,University of Crete,Greece,40.2–42.3,27.1,27.7,68.5,57.4,44.7
2027,,701–800,University of Delhi,India,40.2–42.3,43.2,31.0,50.0,50.6,27.0
2027,,701–800,University of Haifa,Israel,40.2–42.3,29.8,27.5,63.3,61.7,33.5
2027,,701–800,University of Ha’il,Saudi Arabia,40.2–42.3,23.0,15.5,79.2,34.4,78.6
2027,,701–800,University of Hertfordshire,United Kingdom,40.2–42.3,19.2,15.7,75.0,47.0,92.8
2027,,701–800,University of Insubria,Italy,40.2–42.3,19.9,23.9,75.1,50.3,41.0
2027,,701–800,University of Lahore,Pakistan,40.2–42.3,20.6,15.3,82.6,23.8,58.2
2027,,701–800,University of L’Aquila,Italy,40.2–42.3,33.2,23.5,64.9,73.7,40.0
2027,,701–800,University of Lincoln,United Kingdom,40.2–42.3,21.4,20.0,71.7,36.4,87.5
2027,,701–800,"University of Maryland, Baltimore County",United States,40.2–42.3,28.5,30.4,60.2,69.1,54.1
2027,,701–800,University of Mons,Belgium,40.2–42.3,25.9,34.8,50.6,66.0,70.3
2027,,701–800,University of New Brunswick UNB,Canada,40.2–42.3,23.8,22.4,65.0,62.0,84.0
2027,,701–800,University of Perugia,Italy,40.2–42.3,28.4,28.3,65.4,67.8,44.1
2027,,701–800,University of Tabriz,Iran,40.2–42.3,30.8,23.9,66.9,43.9,48.5
2027,,701–800,University of the Western Cape,South Africa,40.2–42.3,25.9,28.0,69.6,26.0,61.2
2027,,701–800,University of Toledo,United States,40.2–42.3,38.1,21.7,53.3,71.1,58.6
2027,,701–800,University of Tuscia,Italy,40.2–42.3,22.9,35.4,58.2,58.4,50.2
2027,,701–800,University of Wyoming,United States,40.2–42.3,34.9,25.6,60.0,57.5,40.5
2027,,701–800,Urmia University of Medical Sciences,Iran,40.2–42.3,42.5,12.9,73.8,23.8,30.5
2027,,701–800,Worcester Polytechnic Institute,United States,40.2–42.3,29.5,24.2,60.0,66.3,58.4
2027,,701–800,Wuhan University of Technology,China,40.2–42.3,22.4,29.4,66.8,97.7,22.1
2027,,801–1000,Abdullah Gül University,Turkey,36.4–40.1,25.8,29.4,56.0,57.5,49.2
2027,,801–1000,Abdul Wali Khan University Mardan,Pakistan,36.4–40.1,17.4,14.8,81.6,24.0,49.7
2027,,801–1000,Ahvaz Jundishapur University of Medical Sciences (AJUMS),Iran,36.4–40.1,40.1,18.8,55.9,58.0,26.7
2027,,801–1000,Air University,Pakistan,36.4–40.1,22.7,13.4,80.8,32.7,50.0
2027,,801–1000,Al-Azhar University,Egypt,36.4–40.1,27.0,16.3,62.6,23.0,61.0
2027,,801–1000,Alexandria University,Egypt,36.4–40.1,20.4,19.2,66.3,31.6,53.6
2027,,801–1000,Al-Zaytoonah University of Jordan,Jordan,36.4–40.1,12.8,19.5,83.1,21.7,61.3
2027,,801–1000,Amedeo Avogadro University of Eastern Piedmont,Italy,36.4–40.1,19.4,25.0,66.5,53.2,50.1
2027,,801–1000,American International University – Bangladesh,Bangladesh,36.4–40.1,14.8,13.9,78.6,26.3,52.0
2027,,801–1000,"Arab Academy for Science, Technology and Maritime Transport",Egypt,36.4–40.1,36.5,23.3,45.0,28.0,75.8
2027,,801–1000,Arak University of Medical Sciences,Iran,36.4–40.1,32.4,13.5,68.5,30.8,34.4
2027,,801–1000,Aristotle University of Thessaloniki,Greece,36.4–40.1,25.1,23.1,62.3,64.0,36.4
2027,,801–1000,Arts et Métiers,France,36.4–40.1,31.4,23.3,40.7,82.1,66.3
2027,,801–1000,Atatürk University,Turkey,36.4–40.1,30.2,31.9,54.8,41.8,39.7
2027,,801–1000,Babol University of Medical Sciences,Iran,36.4–40.1,39.4,13.8,70.2,23.4,25.4
2027,,801–1000,Baylor University,United States,36.4–40.1,42.5,23.0,54.2,42.5,36.0
2027,,801–1000,Beirut Arab University,Lebanon,36.4–40.1,42.7,16.7,42.7,21.6,87.2
2027,,801–1000,Bharathiar University,India,36.4–40.1,40.8,27.9,49.1,39.7,35.3
2027,,801–1000,Birmingham City University,United Kingdom,36.4–40.1,18.6,16.3,66.2,24.6,87.4
2027,,801–1000,Brandenburg University of Technology Cottbus-Senftenberg (BTU),Germany,36.4–40.1,32.3,30.3,44.8,43.0,68.4
2027,,801–1000,Bucharest University of Economic Studies,Romania,36.4–40.1,19.1,14.2,83.3,32.8,33.1
2027,,801–1000,Cairo University,Egypt,36.4–40.1,29.6,23.0,61.2,42.3,48.2
2027,,801–1000,Carlos III University of Madrid,Spain,36.4–40.1,33.6,24.8,47.5,77.1,62.1
2027,,801–1000,Catholic University of Portugal,Portugal,36.4–40.1,22.6,28.3,62.0,42.3,59.3
2027,,801–1000,Chang Gung University,Taiwan,36.4–40.1,25.3,34.0,54.2,96.2,30.8
2027,,801–1000,Chungbuk National University,South Korea,36.4–40.1,34.6,34.5,43.0,72.9,39.9
2027,,801–1000,Covenant University,Nigeria,36.4–40.1,21.4,32.5,49.8,61.0,48.6
2027,,801–1000,Czech University of Life Sciences Prague (CZU),Czechia,36.4–40.1,23.6,19.4,66.0,46.7,77.1
2027,,801–1000,Daffodil International University (DIU),Bangladesh,36.4–40.1,12.0,16.4,81.8,20.8,63.3
2027,,801–1000,École Centrale de Lyon,France,36.4–40.1,38.8,24.6,28.7,87.8,76.1
2027,,801–1000,Egypt-Japan University of Science and Technology (E-JUST),Egypt,36.4–40.1,19.8,26.9,61.8,41.5,52.1
2027,,801–1000,Empress Catherine II Saint Petersburg Mining University,Russian Federation,36.4–40.1,29.5,24.6,56.2,52.1,42.5
2027,,801–1000,Eötvös Loránd University,Hungary,36.4–40.1,29.7,25.6,56.4,45.0,47.9
2027,,801–1000,Federal University of Minas Gerais,Brazil,36.4–40.1,43.9,31.5,43.3,54.1,37.7
2027,,801–1000,Florida Atlantic University,United States,36.4–40.1,20.6,26.2,55.3,61.9,55.3
2027,,801–1000,Future University in Egypt,Egypt,36.4–40.1,22.6,12.7,74.1,19.6,63.5
2027,,801–1000,Ghulam Ishaq Khan Institute of Engineering Sciences and Technology,Pakistan,36.4–40.1,20.4,20.0,73.5,32.1,49.7
2027,,801–1000,Glasgow Caledonian University,United Kingdom,36.4–40.1,20.7,15.4,62.8,46.6,83.6
2027,,801–1000,Golestan University of Medical Sciences,Iran,36.4–40.1,44.5,14.0,56.1,31.2,30.3
2027,,801–1000,Gomal University,Pakistan,36.4–40.1,19.6,12.6,75.0,19.9,49.3
2027,,801–1000,Government College University Faisalabad,Pakistan,36.4–40.1,20.5,18.7,74.9,23.0,49.3
2027,,801–1000,Government College University Lahore,Pakistan,36.4–40.1,23.3,21.1,66.8,29.3,48.0
2027,,801–1000,Hacettepe University,Turkey,36.4–40.1,36.3,29.6,48.1,57.2,26.9
2027,,801–1000,Hainan University,China,36.4–40.1,20.5,20.8,76.0,45.9,27.1
2027,,801–1000,Halmstad University,Sweden,36.4–40.1,22.3,18.6,68.3,27.2,66.9
2027,,801–1000,Hanoi Medical University,Vietnam,36.4–40.1,32.9,12.9,62.6,48.9,42.7
2027,,801–1000,Holy Spirit University of Kaslik,Lebanon,36.4–40.1,27.4,13.5,61.8,23.1,83.1
2027,,801–1000,IMT Nord Europe,France,36.4–40.1,32.8,32.7,32.5,70.5,74.5
2027,,801–1000,Indian Institute of Technology Gandhinagar,India,36.4–40.1,42.2,34.0,37.6,45.2,30.9
2027,,801–1000,Indian Institute of Technology Mandi,India,36.4–40.1,36.8,19.0,58.9,31.0,29.6
2027,,801–1000,"International Islamic University, Islamabad",Pakistan,36.4–40.1,22.6,12.5,78.5,21.3,57.7
2027,,801–1000,International University of Rabat,Morocco,36.4–40.1,20.5,14.0,71.9,33.6,76.1
2027,,801–1000,Iqra University,Pakistan,36.4–40.1,18.4,11.5,77.5,23.5,53.2
2027,,801–1000,Isra University (Jordan),Jordan,36.4–40.1,13.0,18.6,78.6,16.9,74.6
2027,,801–1000,İstanbul Nişantaşi University,Turkey,36.4–40.1,15.4,16.9,76.9,21.1,72.2
2027,,801–1000,İstinye University,Turkey,36.4–40.1,14.4,31.1,62.8,20.7,73.7
2027,,801–1000,Jahangirnagar University,Bangladesh,36.4–40.1,21.8,12.7,75.5,19.8,50.2
2027,,801–1000,Kaohsiung Medical University,Taiwan,36.4–40.1,25.6,35.8,49.8,88.8,31.4
2027,,801–1000,Keio University,Japan,36.4–40.1,37.3,28.8,48.5,72.0,42.4
2027,,801–1000,Kerman University of Medical Sciences,Iran,36.4–40.1,44.6,16.4,63.2,24.8,26.8
2027,,801–1000,KLEF Deemed to be University,India,36.4–40.1,27.5,20.6,73.0,20.9,27.8
2027,,801–1000,Leeds Beckett University,United Kingdom,36.4–40.1,18.9,18.4,65.3,46.5,75.5
2027,,801–1000,London Metropolitan University,United Kingdom,36.4–40.1,15.9,17.2,74.2,29.5,91.7
2027,,801–1000,Mahsa University,Malaysia,36.4–40.1,25.2,11.9,71.0,17.8,90.4
2027,,801–1000,Makerere University,Uganda,36.4–40.1,24.0,29.1,53.9,24.6,66.4
2027,,801–1000,Malaviya National Institute of Technology,India,36.4–40.1,31.7,18.7,67.0,35.5,24.1
2027,,801–1000,Mansoura University,Egypt,36.4–40.1,20.6,13.8,72.2,33.3,76.4
2027,,801–1000,Marie and Louis Pasteur University,France,36.4–40.1,22.8,22.7,52.8,62.4,65.2
2027,,801–1000,Mashhad University of Medical Sciences,Iran,36.4–40.1,34.0,17.0,67.1,39.2,33.6
2027,,801–1000,Medical University of Lodz,Poland,36.4–40.1,32.2,12.9,65.3,47.4,30.2
2027,,801–1000,Mizoram University,India,36.4–40.1,41.6,17.9,55.1,17.3,22.7
2027,,801–1000,Montanuniversität Leoben,Austria,36.4–40.1,41.1,24.2,37.2,78.3,78.9
2027,,801–1000,Multimedia University,Malaysia,36.4–40.1,27.6,24.9,47.1,75.2,74.0
2027,,801–1000,Najran University,Saudi Arabia,36.4–40.1,16.1,13.9,71.6,19.5,77.0
2027,,801–1000,Nanjing Medical University,China,36.4–40.1,36.3,18.0,64.7,54.1,22.0
2027,,801–1000,Nanjing Normal University,China,36.4–40.1,25.1,19.5,68.0,67.7,26.5
2027,,801–1000,Nanjing University of Information Science and Technology,China,36.4–40.1,19.6,23.2,63.3,64.7,36.3
2027,,801–1000,National Central University,Taiwan,36.4–40.1,29.3,33.3,37.6,99.2,38.5
2027,,801–1000,National Institute of Applied Sciences of Lyon (INSA Lyon),France,36.4–40.1,38.7,23.1,37.4,91.6,70.2
2027,,801–1000,National Institute of Technology Rourkela,India,36.4–40.1,25.7,23.6,66.1,66.7,23.8
2027,,801–1000,National Institute of Technology Silchar,India,36.4–40.1,40.0,20.9,59.2,25.3,23.0
2027,,801–1000,National Research Nuclear University MEPhI,Russian Federation,36.4–40.1,47.0,34.2,22.9,63.2,70.7
2027,,801–1000,National Technical University of Athens,Greece,36.4–40.1,34.0,26.9,55.0,64.1,35.3
2027,,801–1000,North China Electric Power University,China,36.4–40.1,23.8,33.2,53.0,97.1,22.1
2027,,801–1000,Northern Border University,Saudi Arabia,36.4–40.1,24.8,17.5,65.1,27.8,75.1
2027,,801–1000,North South University,Bangladesh,36.4–40.1,13.4,15.0,76.8,33.9,50.2
2027,,801–1000,North-West University,South Africa,36.4–40.1,22.0,21.1,62.8,46.9,55.4
2027,,801–1000,Norwegian University of Life Sciences,Norway,36.4–40.1,29.2,17.9,57.7,37.1,62.4
2027,,801–1000,Ohio University (Main campus),United States,36.4–40.1,31.5,20.9,62.8,58.6,39.4
2027,,801–1000,Old Dominion University,United States,36.4–40.1,28.2,22.4,58.4,55.1,36.0
2027,,801–1000,Ontario Tech University,Canada,36.4–40.1,21.2,28.7,57.0,65.8,61.5
2027,,801–1000,Open University of Catalonia,Spain,36.4–40.1,18.3,24.2,66.8,35.0,48.3
2027,,801–1000,O.P. Jindal Global University,India,36.4–40.1,27.5,21.4,65.1,16.8,64.3
2027,,801–1000,Ozyegin University,Turkey,36.4–40.1,19.5,31.6,53.8,77.8,66.9
2027,,801–1000,Panthéon-Sorbonne University – Paris 1,France,36.4–40.1,35.9,37.0,39.2,36.0,64.7
2027,,801–1000,Parthenope University of Naples,Italy,36.4–40.1,20.9,23.8,73.2,35.1,35.0
2027,,801–1000,Portland State University,United States,36.4–40.1,23.8,30.0,55.4,54.4,38.1
2027,,801–1000,Qassim University,Saudi Arabia,36.4–40.1,27.5,18.0,59.2,30.7,84.1
2027,,801–1000,Rafsanjan University of Medical Sciences,Iran,36.4–40.1,40.9,13.8,66.8,20.7,24.1
2027,,801–1000,Reichman University,Israel,36.4–40.1,15.4,21.8,73.8,48.3,57.0
2027,,801–1000,Reykjavík University,Iceland,36.4–40.1,19.3,29.4,58.1,32.8,61.8
2027,,801–1000,Riga Technical University,Latvia,36.4–40.1,27.8,30.5,39.7,58.7,71.2
2027,,801–1000,Robert Gordon University,United Kingdom,36.4–40.1,18.4,15.6,69.9,44.8,89.0
2027,,801–1000,RUDN University,Russian Federation,36.4–40.1,40.2,28.8,40.8,33.6,69.7
2027,,801–1000,Shahid Beheshti University,Iran,36.4–40.1,36.3,25.3,49.3,70.3,32.3
2027,,801–1000,Shahroud University of Medical Sciences,Iran,36.4–40.1,33.6,15.0,69.2,22.8,23.1
2027,,801–1000,Shantou University,China,36.4–40.1,21.0,25.7,66.0,54.0,43.4
2027,,801–1000,Shaqra University,Saudi Arabia,36.4–40.1,17.3,11.1,74.6,17.7,73.4
2027,,801–1000,Sheffield Hallam University,United Kingdom,36.4–40.1,17.9,16.4,67.2,35.2,73.2
2027,,801–1000,Shiraz University,Iran,36.4–40.1,26.9,26.6,53.5,63.8,31.9
2027,,801–1000,Shri Mata Vaishno Devi University,India,36.4–40.1,28.7,22.3,66.1,21.0,25.9
2027,,801–1000,Sogang University,South Korea,36.4–40.1,31.4,33.6,43.2,70.4,43.8
2027,,801–1000,Sohar University,Oman,36.4–40.1,16.9,24.7,67.6,21.4,77.8
2027,,801–1000,SR University,India,36.4–40.1,15.5,20.8,83.4,20.2,32.5
2027,,801–1000,"Sunan Kalijaga State Islamic University, Yogyakarta",Indonesia,36.4–40.1,16.7,16.4,82.8,18.3,45.3
2027,,801–1000,SUNY Binghamton University,United States,36.4–40.1,29.9,24.4,50.0,64.1,45.3
2027,,801–1000,Tallinn University of Technology,Estonia,36.4–40.1,28.1,26.4,57.3,66.1,55.0
2027,,801–1000,The Catholic University of America,United States,36.4–40.1,44.5,25.7,39.5,70.1,49.6
2027,,801–1000,The Islamia University of Bahawalpur,Pakistan,36.4–40.1,16.5,16.0,79.4,23.0,49.0
2027,,801–1000,The Open University,United Kingdom,36.4–40.1,17.7,15.9,68.9,47.1,61.4
2027,,801–1000,The University of Alabama,United States,36.4–40.1,28.4,26.3,62.3,56.3,38.3
2027,,801–1000,The University of Notre Dame Australia,Australia,36.4–40.1,28.4,19.8,55.2,27.2,62.9
2027,,801–1000,Tishk International University,Iraq,36.4–40.1,14.9,18.1,71.0,17.6,67.7
2027,,801–1000,Universidade Federal de Santa Catarina,Brazil,36.4–40.1,38.0,27.6,40.6,71.9,36.3
2027,,801–1000,Universidade Federal de São Paulo (UNIFESP),Brazil,36.4–40.1,37.7,28.9,47.4,62.9,35.4
2027,,801–1000,Universidad Europea,Spain,36.4–40.1,24.7,12.6,66.4,19.5,78.7
2027,,801–1000,Università degli Studi del Molise,Italy,36.4–40.1,27.7,30.8,60.2,41.5,26.2
2027,,801–1000,Universitas Gadjah Mada,Indonesia,36.4–40.1,37.5,33.1,36.3,58.5,50.0
2027,,801–1000,Universitat Internacional de Catalunya,Spain,36.4–40.1,22.4,19.2,61.9,25.7,75.0
2027,,801–1000,Universitat Ramon Llull,Spain,36.4–40.1,21.9,19.6,59.6,37.2,74.5
2027,,801–1000,Université Bourgogne Europe,France,36.4–40.1,19.1,19.8,64.5,62.3,57.5
2027,,801–1000,Universiti Malaysia Terengganu (UMT),Malaysia,36.4–40.1,24.8,23.4,56.5,44.8,65.8
2027,,801–1000,Universiti Sultan Zainal Abidin,Malaysia,36.4–40.1,28.6,16.5,61.8,21.5,52.7
2027,,801–1000,Universiti Tunku Abdul Rahman (UTAR),Malaysia,36.4–40.1,26.6,23.5,53.0,64.9,57.2
2027,,801–1000,University of Alcalá,Spain,36.4–40.1,30.1,18.4,53.3,52.4,57.7
2027,,801–1000,University of Bahrain,Bahrain,36.4–40.1,16.3,19.3,72.8,26.9,66.0
2027,,801–1000,University of Bucharest,Romania,36.4–40.1,24.8,29.6,66.3,34.9,32.5
2027,,801–1000,University of Cape Coast,Ghana,36.4–40.1,24.3,22.0,63.3,34.4,43.7
2027,,801–1000,University of Central Punjab,Pakistan,36.4–40.1,12.6,13.7,81.5,20.2,50.5
2027,,801–1000,University of Chile,Chile,36.4–40.1,27.7,24.6,50.7,58.1,48.3
2027,,801–1000,University of Debrecen,Hungary,36.4–40.1,42.3,19.7,48.7,48.8,57.6
2027,,801–1000,University of Derby,United Kingdom,36.4–40.1,19.8,16.9,70.9,34.9,82.3
2027,,801–1000,University of East London,United Kingdom,36.4–40.1,23.0,17.1,63.0,34.4,88.4
2027,,801–1000,"University of Engineering and Technology, Taxila",Pakistan,36.4–40.1,19.9,16.0,77.8,29.9,48.8
2027,,801–1000,University of Foggia,Italy,36.4–40.1,20.5,31.8,58.6,40.5,31.3
2027,,801–1000,University of Ghana,Ghana,36.4–40.1,19.3,36.0,54.1,47.7,48.8
2027,,801–1000,University of Girona,Spain,36.4–40.1,23.4,27.7,54.9,50.2,55.8
2027,,801–1000,University of Gujrat,Pakistan,36.4–40.1,20.2,13.6,77.8,26.7,53.3
2027,,801–1000,University of Hagen,Germany,36.4–40.1,30.1,36.1,50.6,42.1,45.6
2027,,801–1000,University of Hradec Králové,Czechia,36.4–40.1,22.1,18.1,69.1,36.0,62.1
2027,,801–1000,University of Hyderabad,India,36.4–40.1,41.8,30.8,40.6,46.4,25.7
2027,,801–1000,University of Ibadan,Nigeria,36.4–40.1,31.2,19.9,64.9,22.2,44.9
2027,,801–1000,University of Jaén,Spain,36.4–40.1,24.9,22.6,62.4,40.3,50.2
2027,,801–1000,University of Lagos,Nigeria,36.4–40.1,21.2,20.8,67.8,31.3,45.6
2027,,801–1000,University of Ljubljana,Slovenia,36.4–40.1,28.7,26.8,55.4,70.7,44.5
2027,,801–1000,University of Lleida,Spain,36.4–40.1,24.8,22.9,59.7,58.7,43.5
2027,,801–1000,University of Malakand,Pakistan,36.4–40.1,25.6,15.5,64.4,45.3,50.2
2027,,801–1000,University of Malta,Malta,36.4–40.1,25.3,20.6,60.6,37.7,55.5
2027,,801–1000,University of Management and Technology,Pakistan,36.4–40.1,18.2,12.6,82.3,23.7,51.6
2027,,801–1000,University of Medicine and Pharmacy Carol Davila,Romania,36.4–40.1,29.8,14.5,75.8,31.9,38.1
2027,,801–1000,University of Namur,Belgium,36.4–40.1,28.8,28.8,51.0,60.3,73.0
2027,,801–1000,University of Nova Gorica,Slovenia,36.4–40.1,28.7,24.4,42.9,31.7,89.4
2027,,801–1000,University of Parma,Italy,36.4–40.1,19.6,27.2,66.6,64.6,39.2
2027,,801–1000,University of Patras,Greece,36.4–40.1,21.1,25.7,64.8,75.6,34.2
2027,,801–1000,University of Petra,Jordan,36.4–40.1,13.5,16.7,81.5,18.2,64.6
2027,,801–1000,University of Rennes 1,France,36.4–40.1,32.0,22.3,52.5,70.3,61.1
2027,,801–1000,University of Rhode Island,United States,36.4–40.1,29.2,25.6,54.2,52.2,51.3
2027,,801–1000,University of Roehampton,United Kingdom,36.4–40.1,22.3,23.0,54.7,29.6,90.2
2027,,801–1000,University of Rome III,Italy,36.4–40.1,23.4,29.1,55.6,66.6,41.9
2027,,801–1000,University of Salamanca,Spain,36.4–40.1,33.1,28.2,48.4,45.0,54.1
2027,,801–1000,University of Salento,Italy,36.4–40.1,26.2,23.8,60.5,53.7,35.2
2027,,801–1000,University of Salford,United Kingdom,36.4–40.1,19.3,16.7,67.1,56.3,86.7
2027,,801–1000,University of Santiago de Compostela,Spain,36.4–40.1,30.9,26.0,58.6,48.6,48.5
2027,,801–1000,University of Seville,Spain,36.4–40.1,26.0,30.7,57.6,59.5,49.4
2027,,801–1000,University of Texas at Arlington,United States,36.4–40.1,23.7,24.4,59.5,64.1,54.1
2027,,801–1000,"University of the Andes, Colombia",Colombia,36.4–40.1,28.1,24.7,55.3,41.1,55.4
2027,,801–1000,University of the Basque Country,Spain,36.4–40.1,30.2,23.1,60.9,61.9,43.5
2027,,801–1000,University of the Punjab,Pakistan,36.4–40.1,27.7,18.1,64.3,32.3,50.2
2027,,801–1000,University of the West of Scotland,United Kingdom,36.4–40.1,20.0,17.3,65.2,64.6,91.0
2027,,801–1000,University of Tunis El Manar,Tunisia,36.4–40.1,46.5,30.0,32.7,70.7,55.5
2027,,801–1000,University of Udine,Italy,36.4–40.1,28.6,23.6,63.4,56.3,41.1
2027,,801–1000,"University of Veterinary and Animal Sciences, Lahore",Pakistan,36.4–40.1,19.7,15.5,77.5,37.0,52.1
2027,,801–1000,University of Vigo,Spain,36.4–40.1,27.0,21.6,62.3,59.7,50.5
2027,,801–1000,University of Warsaw,Poland,36.4–40.1,37.8,35.1,45.4,40.8,45.2
2027,,801–1000,University of Westminster,United Kingdom,36.4–40.1,17.9,18.3,68.7,51.2,87.1
2027,,801–1000,University of Wolverhampton,United Kingdom,36.4–40.1,19.1,17.8,60.6,47.6,79.6
2027,,801–1000,Ural Federal University,Russian Federation,36.4–40.1,22.6,27.4,50.5,60.7,68.6
2027,,801–1000,Urmia University,Iran,36.4–40.1,31.7,25.3,52.6,35.5,52.7
2027,,801–1000,Veltech University,India,36.4–40.1,19.9,19.6,76.8,27.7,27.4
2027,,801–1000,Vilnius University,Lithuania,36.4–40.1,25.5,28.1,53.4,58.2,52.2
2027,,801–1000,Waseda University,Japan,36.4–40.1,33.9,30.7,47.3,68.5,53.7
2027,,801–1000,Wenzhou–Kean University,China,36.4–40.1,17.1,17.8,71.4,20.9,74.2
2027,,801–1000,Wenzhou University,China,36.4–40.1,14.3,20.0,78.3,58.8,28.7
2027,,801–1000,William & Mary,United States,36.4–40.1,37.8,23.7,53.4,46.0,36.1
2027,,801–1000,Yildiz Technical University,Turkey,36.4–40.1,31.1,28.6,52.0,67.2,39.7
2027,,801–1000,Yokohama City University,Japan,36.4–40.1,28.6,18.9,59.7,65.4,29.0
2027,,801–1000,Zagazig University,Egypt,36.4–40.1,19.4,12.9,73.6,32.8,50.9
2027,,801–1000,ZHAW Zurich University of Applied Sciences,Switzerland,36.4–40.1,20.7,21.8,54.3,67.3,68.3
2027,,801–1000,Zhejiang Gongshang University,China,36.4–40.1,21.0,17.9,75.8,46.3,32.8
2027,,1001–1200,"Adam Mickiewicz University, Poznań",Poland,33.3–36.3,25.5,34.2,47.2,36.8,38.4
2027,,1001–1200,Adani Institute of Higher Education & Research (Deemed to be University),India,33.3–36.3,28.0,13.3,65.7,29.0,40.0
2027,,1001–1200,AGH University of Krakow,Poland,33.3–36.3,30.1,24.0,41.0,71.6,35.8
2027,,1001–1200,Ahmadu Bello University,Nigeria,33.3–36.3,28.0,13.9,60.3,34.8,46.4
2027,,1001–1200,Ain Shams University,Egypt,33.3–36.3,29.6,18.2,52.8,38.6,53.7
2027,,1001–1200,Alagappa University,India,33.3–36.3,34.4,17.0,52.5,27.9,41.4
2027,,1001–1200,Al-Balqa Applied University,Jordan,33.3–36.3,15.7,22.4,66.1,34.4,50.6
2027,,1001–1200,"Amity University Rajasthan, Jaipur",India,33.3–36.3,28.5,12.7,66.4,18.7,26.7
2027,,1001–1200,Anadolu University,Turkey,33.3–36.3,24.7,13.3,61.6,22.5,36.7
2027,,1001–1200,Anhui University,China,33.3–36.3,15.9,19.6,63.2,62.1,42.0
2027,,1001–1200,Anna University,India,33.3–36.3,35.2,19.8,46.8,62.5,20.7
2027,,1001–1200,Asia Pacific University of Technology & Innovation,Malaysia,33.3–36.3,27.4,13.2,56.0,18.5,85.3
2027,,1001–1200,Aswan University,Egypt,33.3–36.3,18.6,13.7,65.7,24.3,49.5
2027,,1001–1200,Ateneo de Manila University,Philippines,33.3–36.3,26.5,13.1,66.9,23.0,34.5
2027,,1001–1200,Bahçeşehir University,Turkey,33.3–36.3,20.2,24.1,50.9,34.4,60.0
2027,,1001–1200,Bangladesh Agricultural University (BAU),Bangladesh,33.3–36.3,21.9,12.3,69.9,24.6,47.5
2027,,1001–1200,Bangladesh University of Engineering and Technology,Bangladesh,33.3–36.3,18.5,19.5,60.5,40.9,32.4
2027,,1001–1200,Bayero University,Nigeria,33.3–36.3,21.4,12.8,66.5,20.6,49.0
2027,,1001–1200,Biruni University,Turkey,33.3–36.3,19.4,19.5,58.0,18.9,65.0
2027,,1001–1200,BRAC University,Bangladesh,33.3–36.3,13.2,15.9,75.6,19.6,42.1
2027,,1001–1200,Cankaya University,Turkey,33.3–36.3,15.2,15.4,67.6,21.5,47.3
2027,,1001–1200,Capital Medical University,China,33.3–36.3,32.2,16.7,59.4,54.1,21.2
2027,,1001–1200,Capital University of Science and Technology,Pakistan,33.3–36.3,17.9,15.8,66.5,24.4,50.1
2027,,1001–1200,Cardiff Metropolitan University,United Kingdom,33.3–36.3,18.7,17.1,59.7,27.7,85.2
2027,,1001–1200,Central University of Haryana,India,33.3–36.3,23.7,19.1,66.8,17.8,24.3
2027,,1001–1200,Chang’an University,China,33.3–36.3,29.7,18.5,51.0,83.0,35.8
2027,,1001–1200,Chiang Mai University,Thailand,33.3–36.3,28.8,21.1,52.5,50.7,38.8
2027,,1001–1200,Chiba University,Japan,33.3–36.3,33.7,23.8,45.6,70.5,34.9
2027,,1001–1200,Chungnam National University,South Korea,33.3–36.3,29.4,32.4,41.5,71.3,25.1
2027,,1001–1200,Clark University,United States,33.3–36.3,25.7,20.8,51.9,44.9,67.8
2027,,1001–1200,Clausthal University of Technology,Germany,33.3–36.3,39.5,19.9,35.3,62.4,73.0
2027,,1001–1200,Cochin University of Science and Technology,India,33.3–36.3,40.0,32.5,31.6,77.4,26.0
2027,,1001–1200,Corvinus University of Budapest,Hungary,33.3–36.3,25.2,22.2,49.5,27.9,56.1
2027,,1001–1200,Czech Technical University in Prague,Czechia,33.3–36.3,35.2,21.0,34.9,62.7,60.9
2027,,1001–1200,Delhi Technological University,India,33.3–36.3,26.9,23.9,59.1,39.7,20.8
2027,,1001–1200,Delta University for Science and Technology,Egypt,33.3–36.3,17.9,13.9,70.9,17.9,51.6
2027,,1001–1200,Dr B.R. Ambedkar National Institute of Technology Jalandhar,India,33.3–36.3,31.2,23.2,57.8,28.5,20.0
2027,,1001–1200,"Dr D. Y. Patil Vidyapeeth, Pune",India,33.3–36.3,45.5,15.3,40.3,20.6,46.7
2027,,1001–1200,Edge Hill University,United Kingdom,33.3–36.3,18.4,16.4,65.3,30.4,59.6
2027,,1001–1200,Erciyes University,Turkey,33.3–36.3,30.8,23.1,47.0,58.4,34.6
2027,,1001–1200,Ferdowsi University of Mashhad,Iran,33.3–36.3,30.5,26.6,49.7,51.1,33.3
2027,,1001–1200,Florida Agricultural and Mechanical University,United States,33.3–36.3,32.3,20.9,44.1,48.1,50.3
2027,,1001–1200,Fujian Agriculture and Forestry University,China,33.3–36.3,20.4,18.1,65.9,58.7,26.5
2027,,1001–1200,Fujian Normal University,China,33.3–36.3,20.9,18.6,60.9,64.0,30.6
2027,,1001–1200,Fujita Health University,Japan,33.3–36.3,27.8,15.0,57.2,57.5,22.5
2027,,1001–1200,Galala University,Egypt,33.3–36.3,15.8,13.3,69.8,20.3,46.8
2027,,1001–1200,Galgotias University,India,33.3–36.3,26.1,14.1,67.0,20.0,31.8
2027,,1001–1200,Gazipur Agricultural University,Bangladesh,33.3–36.3,22.8,11.8,70.9,18.7,49.0
2027,,1001–1200,Gdańsk University of Technology,Poland,33.3–36.3,24.6,19.6,55.5,53.9,42.9
2027,,1001–1200,Gebze Technical University,Turkey,33.3–36.3,26.3,31.0,42.2,71.4,43.6
2027,,1001–1200,GLA University,India,33.3–36.3,19.0,18.5,69.9,23.6,36.6
2027,,1001–1200,Gonabad University of Medical Sciences,Iran,33.3–36.3,35.7,12.1,58.7,21.9,21.8
2027,,1001–1200,Gorgan University of Agricultural Sciences and Natural Resources,Iran,33.3–36.3,32.2,14.1,57.1,29.3,35.9
2027,,1001–1200,Gulf Medical University,United Arab Emirates,33.3–36.3,20.0,17.7,50.6,19.4,99.4
2027,,1001–1200,Hamamatsu University School of Medicine,Japan,33.3–36.3,33.7,20.5,45.6,59.0,25.6
2027,,1001–1200,Hangzhou Dianzi University (HDU),China,33.3–36.3,18.9,20.7,55.2,81.9,31.7
2027,,1001–1200,Hangzhou Normal University,China,33.3–36.3,17.6,17.3,68.8,43.3,25.3
2027,,1001–1200,Hazara University Mansehra,Pakistan,33.3–36.3,24.5,13.1,64.5,17.9,49.3
2027,,1001–1200,Henan University,China,33.3–36.3,18.7,14.2,70.8,43.3,22.5
2027,,1001–1200,Hitotsubashi University,Japan,33.3–36.3,35.4,27.1,35.3,23.0,64.9
2027,,1001–1200,Howard University,United States,33.3–36.3,41.7,20.4,42.2,44.1,39.3
2027,,1001–1200,Ibn Tofaïl University,Morocco,33.3–36.3,28.6,26.4,53.3,23.1,25.4
2027,,1001–1200,Ilam University of Medical Sciences,Iran,33.3–36.3,34.2,13.4,56.9,20.9,31.2
2027,,1001–1200,"Indian Institute of Information Technology, Design and Manufacturing, Jabalpur (IIITDM)",India,33.3–36.3,21.8,20.8,59.5,26.2,28.7
2027,,1001–1200,"Indian Institute of Science Education and Research, Pune",India,33.3–36.3,45.2,30.4,32.9,31.5,36.1
2027,,1001–1200,Indian Institute of Technology Ropar,India,33.3–36.3,34.7,25.9,46.8,45.0,25.5
2027,,1001–1200,Innopolis University,Russian Federation,33.3–36.3,21.4,26.1,47.5,60.0,75.2
2027,,1001–1200,Islamia College Peshawar,Pakistan,33.3–36.3,32.0,14.0,50.6,22.9,64.2
2027,,1001–1200,Istanbul Medipol University,Turkey,33.3–36.3,21.2,31.9,43.1,47.4,54.6
2027,,1001–1200,Istanbul University,Turkey,33.3–36.3,33.3,27.3,36.6,55.6,39.0
2027,,1001–1200,ITMO University,Russian Federation,33.3–36.3,28.7,27.6,34.0,80.6,56.1
2027,,1001–1200,IUBAT – International University of Business Agriculture and Technology,Bangladesh,33.3–36.3,11.6,13.8,78.8,19.0,50.3
2027,,1001–1200,Iuliu Haţieganu University of Medicine and Pharmacy Cluj-Napoca,Romania,33.3–36.3,27.9,13.0,54.4,31.4,49.3
2027,,1001–1200,Jamia Hamdard University,India,33.3–36.3,22.4,16.9,66.4,39.9,39.8
2027,,1001–1200,Jashore University of Science and Technology,Bangladesh,33.3–36.3,15.6,13.7,70.6,21.2,45.9
2027,,1001–1200,Jaume I University,Spain,33.3–36.3,24.7,23.4,49.6,42.8,44.1
2027,,1001–1200,Jiangsu University of Science and Technology,China,33.3–36.3,15.7,20.1,62.0,72.3,21.6
2027,,1001–1200,Kanazawa University,Japan,33.3–36.3,34.2,24.0,35.8,67.8,39.2
2027,,1001–1200,Kaunas University of Technology,Lithuania,33.3–36.3,26.0,21.3,54.6,54.0,41.7
2027,,1001–1200,Kazan Federal University,Russian Federation,33.3–36.3,44.5,22.0,25.4,49.4,67.8
2027,,1001–1200,Kent State University,United States,33.3–36.3,24.2,19.2,54.1,55.5,51.3
2027,,1001–1200,Khwaja Fareed University of Engineering and Information Technology,Pakistan,33.3–36.3,12.1,14.7,77.7,31.2,50.8
2027,,1001–1200,King Mongkut’s University of Technology Thonburi,Thailand,33.3–36.3,21.5,23.1,51.1,80.0,39.2
2027,,1001–1200,Kingston University,United Kingdom,33.3–36.3,18.9,17.3,51.9,44.5,90.7
2027,,1001–1200,K.N. Toosi University of Technology,Iran,33.3–36.3,24.9,23.6,57.6,49.0,36.9
2027,,1001–1200,Kumamoto University,Japan,33.3–36.3,33.1,21.9,42.2,84.6,36.7
2027,,1001–1200,Kyoto Prefectural University of Medicine,Japan,33.3–36.3,34.3,18.0,54.3,72.4,21.4
2027,,1001–1200,Lahore University of Management Sciences,Pakistan,33.3–36.3,23.2,21.4,53.7,40.2,54.3
2027,,1001–1200,Lakehead University,Canada,33.3–36.3,17.6,27.2,52.9,40.1,59.3
2027,,1001–1200,Landmark University,Nigeria,33.3–36.3,20.2,18.0,61.5,23.9,38.7
2027,,1001–1200,Lithuanian University of Health Sciences,Lithuania,33.3–36.3,27.8,14.8,56.6,28.3,55.1
2027,,1001–1200,Mahatma Gandhi University,India,33.3–36.3,46.0,25.2,36.2,31.0,34.8
2027,,1001–1200,Medical University of Gdańsk,Poland,33.3–36.3,28.4,13.2,62.4,45.2,34.1
2027,,1001–1200,Medical University of Warsaw,Poland,33.3–36.3,29.9,13.7,56.1,49.7,31.4
2027,,1001–1200,Ming Chi University of Technology,Taiwan,33.3–36.3,17.7,32.1,51.9,71.7,41.7
2027,,1001–1200,Minia University,Egypt,33.3–36.3,17.6,11.1,68.8,25.9,50.4
2027,,1001–1200,Montana State University,United States,33.3–36.3,25.5,23.9,46.0,63.3,37.1
2027,,1001–1200,Moscow Technical University of Communications and Informatics,Russian Federation,33.3–36.3,14.9,11.6,73.8,40.4,23.4
2027,,1001–1200,National Chung Hsing University,Taiwan,33.3–36.3,27.6,30.6,39.4,77.2,39.2
2027,,1001–1200,National University of Science and Technology (MISiS),Russian Federation,33.3–36.3,38.6,29.5,29.4,76.8,51.4
2027,,1001–1200,National Veterinary School of Alfort (EnvA),France,33.3–36.3,44.1,13.8,42.7,51.5,51.4
2027,,1001–1200,Nippon Medical School,Japan,33.3–36.3,29.4,12.7,59.9,50.6,22.0
2027,,1001–1200,Nitte (Deemed to be University),India,33.3–36.3,43.2,15.8,47.6,20.0,30.1
2027,,1001–1200,Northern Illinois University,United States,33.3–36.3,29.7,21.0,49.0,54.6,56.4
2027,,1001–1200,Northwest University (China),China,33.3–36.3,30.1,17.8,55.1,57.5,31.9
2027,,1001–1200,Nova Southeastern University,United States,33.3–36.3,39.3,13.5,45.0,45.1,36.1
2027,,1001–1200,Okayama University,Japan,33.3–36.3,33.9,25.1,39.1,87.0,39.0
2027,,1001–1200,Palacký University Olomouc,Czechia,33.3–36.3,25.8,26.8,49.4,39.5,59.5
2027,,1001–1200,Peter the Great St Petersburg Polytechnic University,Russian Federation,33.3–36.3,35.0,24.5,35.0,71.1,64.1
2027,,1001–1200,PMAS Arid Agriculture University Rawalpindi,Pakistan,33.3–36.3,28.2,14.3,64.0,24.8,48.3
2027,,1001–1200,Pukyong National University,South Korea,33.3–36.3,32.1,28.5,42.3,61.1,41.1
2027,,1001–1200,Riphah International University,Pakistan,33.3–36.3,21.2,12.2,71.0,18.0,51.3
2027,,1001–1200,San Diego State University,United States,33.3–36.3,23.6,25.8,54.4,56.2,34.2
2027,,1001–1200,Savitribai Phule Pune University,India,33.3–36.3,42.1,19.1,46.7,31.2,24.7
2027,,1001–1200,Semnan University,Iran,33.3–36.3,31.3,20.4,50.9,54.7,44.1
2027,,1001–1200,Shahid Bahonar University of Kerman,Iran,33.3–36.3,27.9,16.4,58.5,34.3,38.6
2027,,1001–1200,Shanghai Normal University,China,33.3–36.3,31.0,18.3,52.6,41.0,30.1
2027,,1001–1200,Siberian Federal University,Russian Federation,33.3–36.3,34.5,29.0,29.7,62.3,61.2
2027,,1001–1200,Siksha ‘O’ Anusandhan,India,33.3–36.3,39.5,22.5,47.3,51.3,24.4
2027,,1001–1200,Silesian University of Technology,Poland,33.3–36.3,26.1,20.1,52.5,45.8,40.4
2027,,1001–1200,SRM Institute of Science and Technology,India,33.3–36.3,28.1,18.1,64.4,29.6,28.4
2027,,1001–1200,SRM University-AP,India,33.3–36.3,24.5,19.5,55.4,25.1,58.5
2027,,1001–1200,Sukkur IBA University,Pakistan,33.3–36.3,15.5,15.9,71.5,33.1,49.7
2027,,1001–1200,Süleyman Demirel University,Turkey,33.3–36.3,28.7,16.3,54.6,38.3,29.0
2027,,1001–1200,Taibah University,Saudi Arabia,33.3–36.3,16.8,12.6,65.0,25.6,74.0
2027,,1001–1200,Taiz University,Yemen,33.3–36.3,21.5,10.4,70.8,17.1,58.4
2027,,1001–1200,Tallinn University,Estonia,33.3–36.3,26.2,24.4,51.8,22.7,56.0
2027,,1001–1200,Tanta University,Egypt,33.3–36.3,19.2,11.0,67.6,22.7,48.6
2027,,1001–1200,Tashkent State Technical University,Uzbekistan,33.3–36.3,23.9,9.9,75.6,16.6,31.4
2027,,1001–1200,Tashkent State Transport University,Uzbekistan,33.3–36.3,18.4,10.6,75.1,16.4,22.9
2027,,1001–1200,Technical University of Madrid,Spain,33.3–36.3,28.4,20.3,47.0,69.7,53.7
2027,,1001–1200,Technological University Dublin,Ireland,33.3–36.3,19.0,17.3,55.4,53.0,66.3
2027,,1001–1200,"The University of Agriculture, Peshawar",Pakistan,33.3–36.3,13.5,11.8,72.4,21.4,49.7
2027,,1001–1200,The University of Haripur,Pakistan,33.3–36.3,17.9,15.3,65.2,18.5,50.4
2027,,1001–1200,The Women University Multan,Pakistan,33.3–36.3,16.8,13.5,74.5,16.5,47.4
2027,,1001–1200,Tokyo Medical University,Japan,33.3–36.3,32.7,21.0,50.9,71.0,21.3
2027,,1001–1200,Tokyo University of Agriculture and Technology,Japan,33.3–36.3,35.6,32.3,28.0,83.5,38.0
2027,,1001–1200,Tomsk Polytechnic University,Russian Federation,33.3–36.3,36.1,23.9,29.7,65.1,69.3
2027,,1001–1200,Ton Duc Thang University,Vietnam,33.3–36.3,16.3,11.8,65.1,32.7,61.6
2027,,1001–1200,Universidad de la Costa,Colombia,33.3–36.3,12.0,14.6,71.9,19.6,52.2
2027,,1001–1200,Universidad Peruana Cayetano Heredia,Peru,33.3–36.3,17.8,17.3,63.7,32.2,48.4
2027,,1001–1200,Universitas Padjadjaran,Indonesia,33.3–36.3,33.5,15.4,44.4,35.2,56.5
2027,,1001–1200,Universitas Sebelas Maret,Indonesia,33.3–36.3,28.1,29.3,40.0,51.8,44.6
2027,,1001–1200,Université de Bretagne Occidentale,France,33.3–36.3,23.2,21.8,51.6,50.3,60.0
2027,,1001–1200,Universiti Malaysia Sarawak (UNIMAS),Malaysia,33.3–36.3,32.1,25.6,30.9,80.6,61.6
2027,,1001–1200,Universiti Teknologi Brunei,Brunei Darussalam,33.3–36.3,26.7,13.4,54.1,38.9,69.1
2027,,1001–1200,University North,Croatia,33.3–36.3,19.5,12.9,70.1,19.7,30.3
2027,,1001–1200,University of Algarve,Portugal,33.3–36.3,19.0,23.3,55.8,31.1,60.8
2027,,1001–1200,University of Alicante,Spain,33.3–36.3,28.0,22.2,48.4,56.4,41.9
2027,,1001–1200,University of Angers,France,33.3–36.3,16.5,22.4,54.4,58.9,71.3
2027,,1001–1200,University of Camerino (Unicam),Italy,33.3–36.3,25.1,21.7,50.7,58.9,52.3
2027,,1001–1200,University of Castilla-La Mancha,Spain,33.3–36.3,25.1,21.1,52.7,53.8,43.9
2027,,1001–1200,University of Clermont Auvergne,France,33.3–36.3,20.4,20.7,49.5,59.3,64.5
2027,,1001–1200,University of Colombo,Sri Lanka,33.3–36.3,25.4,13.7,69.2,29.0,39.6
2027,,1001–1200,University of Córdoba,Spain,33.3–36.3,28.0,17.7,58.2,40.4,49.6
2027,,1001–1200,University of Dhaka,Bangladesh,33.3–36.3,17.4,15.7,72.0,39.3,42.3
2027,,1001–1200,University of Gloucestershire,United Kingdom,33.3–36.3,19.0,16.3,64.1,26.7,73.9
2027,,1001–1200,University of Hafr Al Batin,Saudi Arabia,33.3–36.3,20.6,18.3,55.8,26.9,78.4
2027,,1001–1200,University of Ilorin,Nigeria,33.3–36.3,21.7,14.5,69.4,20.9,43.2
2027,,1001–1200,University of Jeddah,Saudi Arabia,33.3–36.3,17.9,13.0,63.6,21.9,66.7
2027,,1001–1200,University of Kashan,Iran,33.3–36.3,21.3,18.5,56.0,37.5,47.6
2027,,1001–1200,University of La Laguna,Spain,33.3–36.3,24.4,19.3,55.4,39.8,47.9
2027,,1001–1200,University of Lancashire,United Kingdom,33.3–36.3,19.4,15.2,60.8,38.3,82.8
2027,,1001–1200,University of Latvia,Latvia,33.3–36.3,23.8,34.4,42.5,40.5,51.0
2027,,1001–1200,University of Medicine and Pharmacy of Craiova,Romania,33.3–36.3,27.6,12.9,63.2,23.7,34.8
2027,,1001–1200,University of Memphis,United States,33.3–36.3,31.1,22.3,48.9,60.0,46.4
2027,,1001–1200,University of Okara,Pakistan,33.3–36.3,8.9,21.0,70.3,16.7,49.1
2027,,1001–1200,University of Oviedo,Spain,33.3–36.3,30.2,22.0,44.8,49.2,40.0
2027,,1001–1200,University of Pécs,Hungary,33.3–36.3,32.8,18.1,45.3,36.9,57.0
2027,,1001–1200,University of Peshawar,Pakistan,33.3–36.3,27.8,12.9,54.1,40.6,48.9
2027,,1001–1200,University of Piraeus,Greece,33.3–36.3,17.1,24.4,57.4,87.2,25.9
2027,,1001–1200,University of Rajshahi,Bangladesh,33.3–36.3,15.7,12.1,77.9,22.0,42.3
2027,,1001–1200,University of Regina,Canada,33.3–36.3,18.1,22.7,55.8,46.7,65.2
2027,,1001–1200,University of Sadat City,Egypt,33.3–36.3,15.0,12.2,72.1,19.5,49.1
2027,,1001–1200,University of Sannio,Italy,33.3–36.3,27.5,21.1,53.9,46.0,28.9
2027,,1001–1200,University of Sassari,Italy,33.3–36.3,20.0,23.2,61.5,47.6,41.7
2027,,1001–1200,University of Savoie Mont Blanc,France,33.3–36.3,18.7,18.8,56.1,53.9,63.7
2027,,1001–1200,University of Swabi,Pakistan,33.3–36.3,15.3,23.4,66.9,21.0,49.5
2027,,1001–1200,University of Szeged,Hungary,33.3–36.3,31.6,18.3,47.0,49.7,53.8
2027,,1001–1200,University of Tarapacá,Chile,33.3–36.3,15.4,24.0,54.1,23.0,66.8
2027,,1001–1200,"University of Technology, Iraq",Iraq,33.3–36.3,27.1,12.5,62.8,25.1,25.5
2027,,1001–1200,University of Technology of Compiègne,France,33.3–36.3,26.3,19.9,38.9,71.9,74.4
2027,,1001–1200,University of the Aegean,Greece,33.3–36.3,19.5,24.5,57.0,81.0,30.7
2027,,1001–1200,University of the Azores,Portugal,33.3–36.3,19.1,17.0,63.2,22.5,55.3
2027,,1001–1200,University of the Balearic Islands,Spain,33.3–36.3,27.8,18.6,57.4,33.9,50.6
2027,,1001–1200,University of Thessaly,Greece,33.3–36.3,15.2,18.5,72.8,45.2,33.7
2027,,1001–1200,University of Tours,France,33.3–36.3,31.5,18.4,43.2,49.3,59.6
2027,,1001–1200,University of Vic – Central University of Catalonia,Spain,33.3–36.3,21.0,15.7,67.1,24.7,53.9
2027,,1001–1200,University of Wisconsin-Milwaukee,United States,33.3–36.3,25.9,18.1,53.4,59.3,57.9
2027,,1001–1200,University of Zakho,Iraq,33.3–36.3,24.5,9.7,70.7,17.3,38.6
2027,,1001–1200,University of Zaragoza,Spain,33.3–36.3,29.5,22.6,50.2,67.5,41.3
2027,,1001–1200,Uttaranchal University,India,33.3–36.3,14.3,17.4,68.7,17.9,43.2
2027,,1001–1200,VSB – Technical University of Ostrava,Czechia,33.3–36.3,30.1,22.9,46.8,50.8,56.7
2027,,1001–1200,Wakayama Medical University,Japan,33.3–36.3,34.0,14.0,60.9,59.4,19.3
2027,,1001–1200,Walailak University,Thailand,33.3–36.3,19.2,18.4,66.2,19.5,51.4
2027,,1001–1200,Wenzhou Medical University,China,33.3–36.3,22.1,16.7,69.4,41.8,28.3
2027,,1001–1200,Xiangtan University,China,33.3–36.3,18.3,20.6,59.1,60.3,23.4
2027,,1001–1200,York St John University,United Kingdom,33.3–36.3,16.1,17.6,63.1,16.6,73.0
2027,,1001–1200,Zahedan University of Medical Sciences,Iran,33.3–36.3,25.9,13.1,67.3,21.2,24.9
2027,,1201–1400,Aichi Medical University,Japan,30.5–33.2,29.5,16.9,46.5,53.7,21.9
2027,,1201–1400,Akdeniz University,Turkey,30.5–33.2,27.1,21.8,40.0,63.0,25.6
2027,,1201–1400,Al-Baha University,Saudi Arabia,30.5–33.2,20.3,10.9,52.8,29.6,75.0
2027,,1201–1400,Al-Mustaqbal University,Iraq,30.5–33.2,12.3,14.5,61.2,19.1,59.6
2027,,1201–1400,"Amity University, Gurugram",India,30.5–33.2,26.8,15.7,56.8,19.2,32.7
2027,,1201–1400,Amity University – Kolkata,India,30.5–33.2,19.6,14.4,51.0,22.4,58.1
2027,,1201–1400,Ankara University,Turkey,30.5–33.2,31.5,18.8,44.4,35.2,30.9
2027,,1201–1400,Ariel University,Israel,30.5–33.2,23.0,23.0,45.2,36.3,34.4
2027,,1201–1400,Asfendiyarov Kazakh National Medical University,Kazakhstan,30.5–33.2,24.5,10.3,57.1,17.1,69.0
2027,,1201–1400,Assiut University,Egypt,30.5–33.2,25.8,14.4,46.7,26.8,56.0
2027,,1201–1400,Athens University of Economics and Business,Greece,30.5–33.2,18.5,26.9,45.2,64.5,43.2
2027,,1201–1400,Babcock University,Nigeria,30.5–33.2,27.5,11.6,54.9,15.9,36.2
2027,,1201–1400,Babeş-Bolyai University,Romania,30.5–33.2,21.1,21.0,51.1,32.6,39.6
2027,,1201–1400,Bahria University,Pakistan,30.5–33.2,15.9,11.4,63.4,31.3,50.7
2027,,1201–1400,Banasthali University,India,30.5–33.2,30.2,16.1,51.4,31.0,22.9
2027,,1201–1400,Bangladesh Medical University,Bangladesh,30.5–33.2,26.4,12.2,52.3,20.5,36.9
2027,,1201–1400,Bartin University,Turkey,30.5–33.2,13.0,17.6,63.2,20.3,48.6
2027,,1201–1400,Benha University,Egypt,30.5–33.2,16.1,12.1,61.9,22.8,47.8
2027,,1201–1400,Beni-Suef University,Egypt,30.5–33.2,16.6,13.4,59.9,23.3,55.4
2027,,1201–1400,Bentley University,United States,30.5–33.2,22.1,12.7,48.7,42.6,67.4
2027,,1201–1400,Bharathidasan University,India,30.5–33.2,34.7,21.9,39.1,24.5,31.9
2027,,1201–1400,Bingöl University,Turkey,30.5–33.2,22.5,11.0,64.6,17.5,33.1
2027,,1201–1400,Birla Institute of Technology,India,30.5–33.2,27.0,19.3,52.6,46.4,21.6
2027,,1201–1400,Brno University of Technology,Czechia,30.5–33.2,30.9,20.3,36.2,73.2,58.6
2027,,1201–1400,Brock University,Canada,30.5–33.2,15.6,20.4,49.2,39.9,54.1
2027,,1201–1400,Canterbury Christ Church University,United Kingdom,30.5–33.2,21.2,15.5,51.4,19.0,77.3
2027,,1201–1400,Central Michigan University,United States,30.5–33.2,28.9,18.4,46.2,47.8,44.4
2027,,1201–1400,Central University of Jammu,India,30.5–33.2,32.0,13.2,54.3,17.9,23.2
2027,,1201–1400,Changsha University of Science and Technology,China,30.5–33.2,16.0,17.8,56.1,80.2,22.3
2027,,1201–1400,Changzhou University,China,30.5–33.2,15.0,16.8,56.1,72.4,20.3
2027,,1201–1400,Chaudhary Charan Singh University – Meerut,India,30.5–33.2,33.5,11.8,44.5,31.1,39.5
2027,,1201–1400,Christ University,India,30.5–33.2,20.2,18.4,58.5,22.5,25.2
2027,,1201–1400,Chung Yuan Christian University,Taiwan,30.5–33.2,17.6,27.7,42.9,66.7,40.4
2027,,1201–1400,Comenius University Bratislava,Slovakia,30.5–33.2,31.1,19.2,39.8,31.1,53.5
2027,,1201–1400,CY Cergy Paris University,France,30.5–33.2,27.2,20.6,33.7,51.0,89.6
2027,,1201–1400,Damietta University,Egypt,30.5–33.2,16.6,12.8,67.5,19.0,46.7
2027,,1201–1400,Democritus University of Thrace,Greece,30.5–33.2,17.2,21.5,57.6,49.1,26.6
2027,,1201–1400,Diego Portales University,Chile,30.5–33.2,16.6,14.4,60.0,18.8,52.5
2027,,1201–1400,DIT University,India,30.5–33.2,18.5,13.8,61.5,17.5,25.7
2027,,1201–1400,Durban University of Technology,South Africa,30.5–33.2,21.8,19.5,45.6,31.3,48.1
2027,,1201–1400,Estonian University of Life Sciences,Estonia,30.5–33.2,27.0,13.5,49.3,20.3,73.2
2027,,1201–1400,Fayoum University,Egypt,30.5–33.2,19.3,13.9,57.0,24.6,46.3
2027,,1201–1400,Federal University of São Carlos,Brazil,30.5–33.2,37.2,24.0,33.4,57.2,32.4
2027,,1201–1400,Firat University,Turkey,30.5–33.2,25.3,16.7,50.0,41.8,40.9
2027,,1201–1400,Florida Institute of Technology,United States,30.5–33.2,26.6,17.4,42.1,56.3,58.3
2027,,1201–1400,Fu Jen Catholic University,Taiwan,30.5–33.2,22.5,29.7,32.8,76.6,30.8
2027,,1201–1400,Gazi University,Turkey,30.5–33.2,29.1,22.2,41.8,71.8,25.1
2027,,1201–1400,Hakim Sabzevari University,Iran,30.5–33.2,17.8,15.2,62.4,20.9,53.0
2027,,1201–1400,Hallym University,South Korea,30.5–33.2,25.7,20.9,45.2,62.7,24.6
2027,,1201–1400,Hasan Kalyoncu University,Turkey,30.5–33.2,20.2,15.3,56.3,21.1,37.3
2027,,1201–1400,Hindustan Institute of Technology and Science,India,30.5–33.2,25.3,13.0,60.4,21.6,28.4
2027,,1201–1400,Horus University,Egypt,30.5–33.2,15.9,9.9,70.0,17.2,48.1
2027,,1201–1400,Huaqiao University,China,30.5–33.2,15.9,18.1,53.7,49.5,68.3
2027,,1201–1400,Hungarian University of Agriculture and Life Sciences,Hungary,30.5–33.2,29.3,15.2,43.4,23.7,58.4
2027,,1201–1400,Hyogo Medical University,Japan,30.5–33.2,29.9,15.7,51.6,53.4,19.9
2027,,1201–1400,I. Horbachevsky Ternopil National Medical University,Ukraine,30.5–33.2,25.4,11.0,59.9,16.4,32.7
2027,,1201–1400,Imam Khomeini International University,Iran,30.5–33.2,30.4,21.3,45.3,25.2,41.0
2027,,1201–1400,INJE University,South Korea,30.5–33.2,24.7,22.0,42.5,69.7,36.6
2027,,1201–1400,Inönü University,Turkey,30.5–33.2,24.9,19.3,51.9,28.4,23.0
2027,,1201–1400,International Islamic University Malaysia (IIUM),Malaysia,30.5–33.2,29.6,20.4,38.1,37.0,60.9
2027,,1201–1400,Islamic University of Gaza,Palestine,30.5–33.2,9.6,11.2,73.4,18.5,56.3
2027,,1201–1400,Istanbul Gelisim University,Turkey,30.5–33.2,13.2,11.3,61.8,16.2,62.3
2027,,1201–1400,Istanbul University-Cerrahpaşa,Turkey,30.5–33.2,32.7,17.0,42.3,35.4,27.8
2027,,1201–1400,Izmir Institute of Technology,Turkey,30.5–33.2,25.6,32.1,34.7,67.4,38.0
2027,,1201–1400,Jadavpur University,India,30.5–33.2,36.3,18.8,43.7,50.7,20.9
2027,,1201–1400,Jaypee University of Information Technology,India,30.5–33.2,23.9,18.5,51.6,30.7,21.7
2027,,1201–1400,Kalasalingam Academy of Research and Education,India,30.5–33.2,27.9,11.4,56.4,23.2,43.2
2027,,1201–1400,Kamuzu University of Health Sciences,Malawi,30.5–33.2,22.3,24.3,41.8,30.8,58.3
2027,,1201–1400,Kangwon National University,South Korea,30.5–33.2,24.4,30.2,39.3,80.0,28.9
2027,,1201–1400,Kansai Medical University,Japan,30.5–33.2,29.4,13.4,52.1,47.8,22.1
2027,,1201–1400,Karnatak University Dharwad,India,30.5–33.2,31.2,10.6,50.7,23.3,28.8
2027,,1201–1400,Karunya Institute of Technology and Sciences,India,30.5–33.2,23.4,19.9,50.3,28.8,21.1
2027,,1201–1400,Kashan University of Medical Sciences and Health Services,Iran,30.5–33.2,40.6,13.6,43.5,25.1,29.0
2027,,1201–1400,Kharazmi University,Iran,30.5–33.2,25.9,22.1,43.5,34.9,41.9
2027,,1201–1400,Khon Kaen University,Thailand,30.5–33.2,27.3,20.6,46.3,63.3,34.3
2027,,1201–1400,Kindai University,Japan,30.5–33.2,17.7,15.2,55.7,60.1,34.9
2027,,1201–1400,King Mongkut’s University of Technology North Bangkok,Thailand,30.5–33.2,19.9,19.9,51.1,61.1,29.1
2027,,1201–1400,Kohat University of Science and Technology,Pakistan,30.5–33.2,22.8,13.4,53.5,21.0,62.4
2027,,1201–1400,Kurume University,Japan,30.5–33.2,27.9,14.6,52.0,47.9,23.0
2027,,1201–1400,Kwame Nkrumah University of Science and Technology,Ghana,30.5–33.2,17.5,17.5,54.6,26.7,45.1
2027,,1201–1400,Madan Mohan Malaviya University of Technology,India,30.5–33.2,34.5,12.3,52.0,22.7,19.6
2027,,1201–1400,Mae Fah Luang University,Thailand,30.5–33.2,17.3,16.5,51.1,38.4,65.0
2027,,1201–1400,Manav Rachna International Institute of Research and Studies,India,30.5–33.2,32.0,14.5,48.1,23.1,30.0
2027,,1201–1400,Manipal University Jaipur,India,30.5–33.2,22.4,18.7,53.1,30.6,32.5
2027,,1201–1400,"Maulana Abul Kalam Azad University of Technology, West Bengal",India,30.5–33.2,19.4,17.6,57.3,31.4,23.7
2027,,1201–1400,Mawlana Bhashani Science and Technology University,Bangladesh,30.5–33.2,15.3,10.3,66.6,18.9,44.0
2027,,1201–1400,Medical University of Silesia in Katowice,Poland,30.5–33.2,29.2,14.1,52.6,32.1,26.1
2027,,1201–1400,Mekelle University,Ethiopia,30.5–33.2,23.5,9.6,63.4,22.2,46.6
2027,,1201–1400,Mendel University in Brno,Czechia,30.5–33.2,25.6,22.5,41.8,23.2,55.9
2027,,1201–1400,Miguel Hernández University of Elche,Spain,30.5–33.2,20.8,20.1,44.2,57.5,42.5
2027,,1201–1400,Mohammed V University of Rabat,Morocco,30.5–33.2,30.2,18.6,43.5,46.7,31.3
2027,,1201–1400,Nagasaki University,Japan,30.5–33.2,29.5,19.1,38.7,57.6,41.0
2027,,1201–1400,Nagoya City University,Japan,30.5–33.2,29.9,17.5,42.6,62.7,25.5
2027,,1201–1400,National Chengchi University,Taiwan,30.5–33.2,26.9,31.1,26.8,61.7,52.4
2027,,1201–1400,National Defense Medical University,Taiwan,30.5–33.2,28.4,22.8,35.8,75.0,24.5
2027,,1201–1400,National Dong Hwa University,Taiwan,30.5–33.2,19.7,26.4,38.5,55.2,56.7
2027,,1201–1400,National Institute of Technology Meghalaya,India,30.5–33.2,32.5,22.0,39.3,33.0,23.2
2027,,1201–1400,"National Institute of Technology, Raipur",India,30.5–33.2,28.3,18.1,57.2,28.2,17.2
2027,,1201–1400,National University of Uzbekistan named after Mirzo Ulugbek,Uzbekistan,30.5–33.2,30.0,12.9,41.2,27.7,68.3
2027,,1201–1400,New Valley University,Egypt,30.5–33.2,25.1,9.6,59.9,16.8,48.1
2027,,1201–1400,Nguyen Tat Thanh University,Vietnam,30.5–33.2,11.8,10.8,68.0,22.0,39.0
2027,,1201–1400,Nicolaus Copernicus University in Toruń,Poland,30.5–33.2,27.0,26.4,39.8,32.6,36.4
2027,,1201–1400,Novosibirsk State University,Russian Federation,30.5–33.2,34.4,28.7,21.2,60.7,49.1
2027,,1201–1400,Oakland University,United States,30.5–33.2,27.9,19.1,44.1,47.5,54.5
2027,,1201–1400,October 6 University,Egypt,30.5–33.2,18.0,9.6,67.3,16.6,44.4
2027,,1201–1400,Osun State University,Nigeria,30.5–33.2,23.6,25.6,43.8,17.6,40.3
2027,,1201–1400,"Paul-Valéry University, Montpellier 3",France,30.5–33.2,23.1,16.6,45.4,16.4,65.6
2027,,1201–1400,Persian Gulf University,Iran,30.5–33.2,17.8,17.9,56.4,28.1,45.5
2027,,1201–1400,Pondicherry University,India,30.5–33.2,34.6,16.6,40.5,36.1,25.1
2027,,1201–1400,Pontifical Catholic University of Rio Grande do Sul (PUCRS),Brazil,30.5–33.2,33.0,20.5,44.2,39.1,35.8
2027,,1201–1400,Pontifícia Universidade Católica do Paraná,Brazil,30.5–33.2,30.5,16.2,41.8,56.3,32.8
2027,,1201–1400,Poznan University of Medical Sciences,Poland,30.5–33.2,31.2,16.0,49.0,45.3,33.2
2027,,1201–1400,Prince of Songkla University,Thailand,30.5–33.2,24.1,18.8,43.5,57.5,37.2
2027,,1201–1400,Public University of Navarre,Spain,30.5–33.2,25.3,17.3,49.2,42.3,45.5
2027,,1201–1400,Recep Tayyip Erdoğan University,Turkey,30.5–33.2,21.3,17.9,57.2,42.0,27.0
2027,,1201–1400,Riga Stradiņš University,Latvia,30.5–33.2,18.8,23.3,47.5,24.9,66.8
2027,,1201–1400,Rowan University,United States,30.5–33.2,30.3,15.7,45.3,41.4,41.8
2027,,1201–1400,Sahand University of Technology,Iran,30.5–33.2,29.2,15.8,43.5,48.1,40.2
2027,,1201–1400,Sakarya University,Turkey,30.5–33.2,21.3,16.6,52.8,27.8,37.0
2027,,1201–1400,Samarkand State University,Uzbekistan,30.5–33.2,25.7,11.9,57.2,18.5,42.8
2027,,1201–1400,Sathyabama Institute of Science and Technology,India,30.5–33.2,30.1,13.3,49.0,24.4,29.7
2027,,1201–1400,Saudi Electronic University,Saudi Arabia,30.5–33.2,10.1,12.6,65.2,19.8,72.1
2027,,1201–1400,Sechenov University,Russian Federation,30.5–33.2,30.6,22.1,37.7,39.3,53.4
2027,,1201–1400,Selçuk University,Turkey,30.5–33.2,31.0,24.0,37.5,66.2,32.7
2027,,1201–1400,Seoul National University of Science and Technology (SeoulTech),South Korea,30.5–33.2,33.2,24.5,38.2,57.2,33.7
2027,,1201–1400,SGH Warsaw School of Economics,Poland,30.5–33.2,27.9,25.9,39.0,20.6,40.1
2027,,1201–1400,Shahid Sadoughi University of Medical Sciences,Iran,30.5–33.2,42.7,14.8,36.3,22.6,26.7
2027,,1201–1400,Shahjalal University of Science and Technology,Bangladesh,30.5–33.2,16.6,12.2,61.0,21.6,40.0
2027,,1201–1400,Shiga University of Medical Science,Japan,30.5–33.2,30.8,14.9,47.7,66.5,24.9
2027,,1201–1400,Shiv Nadar University,India,30.5–33.2,31.1,21.7,39.3,33.6,44.2
2027,,1201–1400,Sidi Mohamed Ben Abdellah University,Morocco,30.5–33.2,25.9,14.1,53.9,24.0,25.6
2027,,1201–1400,Soonchunhyang University,South Korea,30.5–33.2,23.2,28.4,40.3,65.1,33.3
2027,,1201–1400,South Dakota Mines,United States,30.5–33.2,24.7,21.1,42.1,73.5,53.5
2027,,1201–1400,Suez Canal University,Egypt,30.5–33.2,22.2,11.8,59.1,28.3,51.0
2027,,1201–1400,Suez University,Egypt,30.5–33.2,18.8,11.5,65.7,25.4,48.4
2027,,1201–1400,Sumy State University,Ukraine,30.5–33.2,22.0,21.0,53.3,23.2,47.0
2027,,1201–1400,Tashkent University of Information Technologies named after Muhammad al-Khwarizmi,Uzbekistan,30.5–33.2,18.6,11.5,62.1,39.3,26.2
2027,,1201–1400,Texas State University,United States,30.5–33.2,20.0,22.2,51.4,41.3,46.7
2027,,1201–1400,Tezpur University,India,30.5–33.2,35.6,20.3,39.8,33.0,19.4
2027,,1201–1400,The Hashemite University,Jordan,30.5–33.2,14.6,18.5,55.2,35.6,60.1
2027,,1201–1400,The Islamic University,Iraq,30.5–33.2,24.8,16.3,46.7,16.7,59.4
2027,,1201–1400,The New School,United States,30.5–33.2,30.1,16.9,45.2,23.5,63.4
2027,,1201–1400,The University of Electro-Communications,Japan,30.5–33.2,24.7,25.3,34.4,67.4,39.9
2027,,1201–1400,United International University,Bangladesh,30.5–33.2,11.1,13.3,71.4,21.0,39.8
2027,,1201–1400,Universidad San Francisco de Quito,Ecuador,30.5–33.2,23.2,14.9,49.2,19.3,61.9
2027,,1201–1400,Universitas Airlangga,Indonesia,30.5–33.2,30.0,18.6,42.0,26.7,69.7
2027,,1201–1400,Universitas Islam Negeri Maulana Malik Ibrahim Malang,Indonesia,30.5–33.2,21.6,11.6,60.2,16.9,37.2
2027,,1201–1400,Université d’Orléans,France,30.5–33.2,20.4,18.6,40.2,50.8,69.6
2027,,1201–1400,Université Sultan Moulay Slimane,Morocco,30.5–33.2,20.7,16.3,58.8,19.2,22.6
2027,,1201–1400,Universiti Tun Hussein Onn Malaysia (UTHM),Malaysia,30.5–33.2,36.5,17.5,38.2,34.8,59.1
2027,,1201–1400,University of A Coruña,Spain,30.5–33.2,24.0,20.0,50.9,47.0,39.0
2027,,1201–1400,University of Almería,Spain,30.5–33.2,21.8,21.5,49.9,35.3,45.8
2027,,1201–1400,University of Anbar,Iraq,30.5–33.2,27.2,15.0,48.3,36.0,36.3
2027,,1201–1400,University of Azad Jammu and Kashmir,Pakistan,30.5–33.2,23.0,13.8,55.9,18.3,48.9
2027,,1201–1400,University of Bedfordshire,United Kingdom,30.5–33.2,17.7,15.6,49.9,32.1,87.0
2027,,1201–1400,University of Bisha,Saudi Arabia,30.5–33.2,19.6,10.0,57.4,16.4,72.7
2027,,1201–1400,University of Botswana,Botswana,30.5–33.2,14.1,15.8,60.3,19.9,61.4
2027,,1201–1400,University of Duhok,Iraq,30.5–33.2,21.1,9.4,64.9,20.9,32.4
2027,,1201–1400,"University of Education, Lahore",Pakistan,30.5–33.2,13.7,10.4,70.3,16.5,50.0
2027,,1201–1400,University of El Oued,Algeria,30.5–33.2,20.3,10.1,58.7,16.7,43.9
2027,,1201–1400,University of Engineering & Technology (UET) Lahore,Pakistan,30.5–33.2,20.1,12.5,57.9,33.7,50.0
2027,,1201–1400,University of Greater Manchester,United Kingdom,30.5–33.2,18.7,13.1,50.0,26.9,81.2
2027,,1201–1400,University of Ioannina,Greece,30.5–33.2,19.0,17.8,49.5,52.4,37.2
2027,,1201–1400,University of Isfahan,Iran,30.5–33.2,29.0,19.6,49.3,37.1,32.2
2027,,1201–1400,University of Jendouba,Tunisia,30.5–33.2,18.5,25.6,47.9,51.0,44.2
2027,,1201–1400,University of Kragujevac,Serbia,30.5–33.2,19.4,14.3,65.1,28.0,34.1
2027,,1201–1400,University of Kurdistan,Iran,30.5–33.2,17.0,14.7,60.6,34.4,39.9
2027,,1201–1400,University of Las Américas (UDLA),Ecuador,30.5–33.2,18.1,11.6,60.8,26.1,54.4
2027,,1201–1400,University of León,Spain,30.5–33.2,25.6,19.0,43.8,60.3,40.4
2027,,1201–1400,University of Macedonia,Greece,30.5–33.2,17.3,22.2,52.8,30.6,28.2
2027,,1201–1400,University of Malaga,Spain,30.5–33.2,21.7,19.1,44.3,54.6,43.2
2027,,1201–1400,University of Maragheh,Iran,30.5–33.2,13.6,18.9,58.5,21.7,50.6
2027,,1201–1400,University of Maribor,Slovenia,30.5–33.2,22.4,22.0,43.9,46.0,39.3
2027,,1201–1400,University of Mazandaran,Iran,30.5–33.2,30.1,16.0,48.0,24.3,28.9
2027,,1201–1400,University of Mohaghegh Ardabili,Iran,30.5–33.2,23.5,20.2,44.4,24.9,45.6
2027,,1201–1400,University of Nigeria Nsukka,Nigeria,30.5–33.2,33.3,13.7,42.6,20.5,42.9
2027,,1201–1400,University of Northern British Columbia (UNBC),Canada,30.5–33.2,21.1,25.7,48.0,21.4,56.7
2027,,1201–1400,"University of Occupational and Environmental Health, Japan",Japan,30.5–33.2,28.7,13.8,53.9,55.0,22.9
2027,,1201–1400,University of Sargodha,Pakistan,30.5–33.2,14.3,16.4,64.3,21.7,49.3
2027,,1201–1400,University of Seoul,South Korea,30.5–33.2,29.5,28.9,36.8,48.9,40.1
2027,,1201–1400,University of Sfax,Tunisia,30.5–33.2,33.3,14.0,42.7,37.8,43.5
2027,,1201–1400,University of South Africa,South Africa,30.5–33.2,19.7,20.5,50.7,33.0,39.4
2027,,1201–1400,University of South Bohemia in České Budějovice,Czechia,30.5–33.2,26.0,19.3,49.0,24.9,54.8
2027,,1201–1400,University of South Dakota,United States,30.5–33.2,35.8,18.6,40.1,40.2,35.8
2027,,1201–1400,University of Staffordshire,United Kingdom,30.5–33.2,19.8,15.2,48.1,28.4,72.4
2027,,1201–1400,University of Sulaimani,Iraq,30.5–33.2,25.9,10.0,61.5,18.0,30.0
2027,,1201–1400,University of Swat,Pakistan,30.5–33.2,9.8,11.5,75.0,18.3,50.5
2027,,1201–1400,University of Teramo,Italy,30.5–33.2,35.6,19.9,42.2,29.5,32.5
2027,,1201–1400,University of the Free State,South Africa,30.5–33.2,22.0,22.4,46.8,29.4,53.9
2027,,1201–1400,University of the Philippines,Philippines,30.5–33.2,29.1,21.2,41.8,29.9,36.0
2027,,1201–1400,University of the South Pacific,Fiji,30.5–33.2,15.8,18.6,55.7,24.2,70.7
2027,,1201–1400,University of Trás-os-Montes and Alto Douro,Portugal,30.5–33.2,20.7,21.8,46.6,37.3,43.9
2027,,1201–1400,University of Tripoli,Libya,30.5–33.2,14.3,11.8,65.7,17.2,43.1
2027,,1201–1400,University of Valladolid,Spain,30.5–33.2,24.3,19.6,43.1,41.6,40.0
2027,,1201–1400,University of Winchester,United Kingdom,30.5–33.2,19.6,17.4,48.4,17.7,61.1
2027,,1201–1400,University of Wrocław,Poland,30.5–33.2,28.7,24.4,38.3,35.7,45.3
2027,,1201–1400,University of Zagreb,Croatia,30.5–33.2,27.7,20.4,42.6,62.6,30.7
2027,,1201–1400,USAMV Cluj-Napoca,Romania,30.5–33.2,29.1,11.8,55.3,22.1,37.0
2027,,1201–1400,"Vietnam National University, Hanoi",Vietnam,30.5–33.2,15.7,12.9,60.5,30.0,40.8
2027,,1201–1400,Woosong University,South Korea,30.5–33.2,19.9,11.7,45.6,23.7,89.7
2027,,1201–1400,Wuhan Textile University,China,30.5–33.2,16.8,14.8,59.4,59.5,24.1
2027,,1201–1400,Yazd University,Iran,30.5–33.2,25.9,19.6,43.7,44.8,35.5
2027,,1201–1400,Zhejiang Chinese Medical University,China,30.5–33.2,18.1,22.9,54.5,43.7,23.4
2027,,1201–1400,Zhejiang University of Finance and Economics,China,30.5–33.2,14.0,16.0,64.2,34.8,28.7
2027,,1401–1600,Adolfo Ibáñez University,Chile,27.3–30.4,15.6,19.8,48.2,21.1,61.8
2027,,1401–1600,Al-Farabi Kazakh National University,Kazakhstan,27.3–30.4,30.9,17.3,28.6,25.4,87.8
2027,,1401–1600,Allameh Tabataba ’i University,Iran,27.3–30.4,31.4,15.8,36.3,19.3,31.8
2027,,1401–1600,Azarbaijan Shahid Madani University,Iran,27.3–30.4,16.2,14.8,51.3,21.5,52.3
2027,,1401–1600,Badr University in Cairo (BUC),Egypt,27.3–30.4,14.0,10.7,59.0,16.2,42.8
2027,,1401–1600,Batterjee Medical College,Saudi Arabia,27.3–30.4,25.1,12.0,34.5,21.6,99.3
2027,,1401–1600,Bezmiâlem Vakif University,Turkey,27.3–30.4,34.8,13.7,34.1,23.5,28.4
2027,,1401–1600,BINUS University,Indonesia,27.3–30.4,23.4,27.2,34.6,54.7,40.4
2027,,1401–1600,Botswana International University of Science and Technology (BIUST),Botswana,27.3–30.4,24.5,18.6,34.5,29.0,65.6
2027,,1401–1600,Bu-Ali Sina University,Iran,27.3–30.4,25.7,21.6,42.1,27.7,34.4
2027,,1401–1600,Budapest University of Technology and Economics,Hungary,27.3–30.4,24.9,22.6,36.7,65.0,36.2
2027,,1401–1600,Chaoyang University of Technology,Taiwan,27.3–30.4,14.6,25.2,41.9,53.4,46.0
2027,,1401–1600,Chittagong University of Engineering & Technology,Bangladesh,27.3–30.4,13.2,12.2,62.5,22.4,29.1
2027,,1401–1600,Chosun University,South Korea,27.3–30.4,22.8,24.1,28.0,75.4,29.6
2027,,1401–1600,Chung Shan Medical University,Taiwan,27.3–30.4,19.6,24.3,38.9,63.8,22.5
2027,,1401–1600,Damanhour University,Egypt,27.3–30.4,18.4,11.6,56.3,16.9,47.9
2027,,1401–1600,Diponegoro University,Indonesia,27.3–30.4,35.1,22.0,26.3,49.0,45.2
2027,,1401–1600,Dokuz Eylül University,Turkey,27.3–30.4,32.1,16.7,32.8,40.2,32.5
2027,,1401–1600,Duzce University,Turkey,27.3–30.4,19.1,21.3,46.1,58.5,28.7
2027,,1401–1600,"Egas Moniz – Cooperativa de Ensino Superior, CRL",Portugal,27.3–30.4,18.2,12.9,48.6,22.5,56.3
2027,,1401–1600,Ege University,Turkey,27.3–30.4,31.6,15.2,37.5,29.6,28.2
2027,,1401–1600,Erbil Polytechnic University,Iraq,27.3–30.4,14.3,9.4,60.7,16.8,40.8
2027,,1401–1600,Escuela Superior Politécnica del Litoral,Ecuador,27.3–30.4,22.2,12.3,39.3,37.6,56.9
2027,,1401–1600,Fasa University of Medical Sciences,Iran,27.3–30.4,26.4,16.6,41.0,19.2,24.4
2027,,1401–1600,Federal University of Lavras,Brazil,27.3–30.4,28.4,29.2,29.5,42.5,30.3
2027,,1401–1600,"Federal University of Technology, Minna",Nigeria,27.3–30.4,20.8,10.6,55.8,19.1,45.9
2027,,1401–1600,Financial University under the Government of the Russian Federation,Russian Federation,27.3–30.4,30.2,22.5,33.7,36.1,42.1
2027,,1401–1600,Gifu University,Japan,27.3–30.4,27.5,25.1,28.8,74.8,31.7
2027,,1401–1600,Guru Ghasidas Vishwavidyalaya,India,27.3–30.4,22.9,13.6,51.0,20.4,22.9
2027,,1401–1600,Guru Gobind Singh Indraprastha University,India,27.3–30.4,28.5,11.6,41.8,27.7,26.9
2027,,1401–1600,Guru Jambheshwar University of Science and Technology,India,27.3–30.4,26.6,13.4,44.6,32.3,18.2
2027,,1401–1600,Gyeongsang National University,South Korea,27.3–30.4,27.4,20.5,38.2,53.3,25.8
2027,,1401–1600,Hainan Medical University,China,27.3–30.4,22.5,15.4,45.7,31.3,23.0
2027,,1401–1600,Hellenic Open University,Greece,27.3–30.4,23.4,10.5,50.4,17.0,27.2
2027,,1401–1600,Ho Chi Minh City Open University,Vietnam,27.3–30.4,10.0,13.0,62.6,16.6,39.4
2027,,1401–1600,Hosei University,Japan,27.3–30.4,15.8,13.6,49.6,34.9,41.2
2027,,1401–1600,Ibb University,Yemen,27.3–30.4,19.1,10.2,57.6,17.6,51.6
2027,,1401–1600,Ibn Zohr University,Morocco,27.3–30.4,18.2,12.2,53.7,20.4,32.7
2027,,1401–1600,Icesi University,Colombia,27.3–30.4,20.5,13.1,54.2,21.9,41.5
2027,,1401–1600,Ilam University,Iran,27.3–30.4,19.4,15.2,46.9,35.7,34.0
2027,,1401–1600,Ilia State University,Georgia,27.3–30.4,17.6,11.1,53.6,17.5,51.7
2027,,1401–1600,Immanuel Kant Baltic Federal University,Russian Federation,27.3–30.4,31.1,27.7,19.3,50.0,49.0
2027,,1401–1600,Incheon National University,South Korea,27.3–30.4,19.5,19.0,39.5,49.3,39.2
2027,,1401–1600,"Independent University, Bangladesh",Bangladesh,27.3–30.4,13.0,10.5,61.3,17.0,30.7
2027,,1401–1600,Institute for Advanced Studies in Basic Sciences (IASBS),Iran,27.3–30.4,32.1,10.8,36.2,28.7,69.0
2027,,1401–1600,Institute of Space Technology,Pakistan,27.3–30.4,15.8,12.4,53.8,22.9,48.9
2027,,1401–1600,Institut Teknologi Bandung,Indonesia,27.3–30.4,27.2,23.2,33.2,60.5,38.0
2027,,1401–1600,Institut Teknologi Sepuluh Nopember,Indonesia,27.3–30.4,28.1,15.6,30.1,46.2,53.0
2027,,1401–1600,Integral University,India,27.3–30.4,25.0,12.3,49.1,23.8,41.3
2027,,1401–1600,International Islamic University Chittagong,Bangladesh,27.3–30.4,10.4,11.8,61.0,17.8,38.8
2027,,1401–1600,IPB University,Indonesia,27.3–30.4,32.9,15.4,32.8,35.1,44.7
2027,,1401–1600,I-Shou University,Taiwan,27.3–30.4,14.9,22.4,45.9,57.6,40.3
2027,,1401–1600,Islamic Azad University (IAU),Iran,27.3–30.4,21.9,13.8,52.3,42.8,25.4
2027,,1401–1600,Jeju National University,South Korea,27.3–30.4,27.8,22.3,37.4,44.8,30.0
2027,,1401–1600,Jiangxi Normal University (JXNU),China,27.3–30.4,14.8,13.9,58.5,40.3,20.3
2027,,1401–1600,Karadeniz Technical University,Turkey,27.3–30.4,35.1,12.4,37.9,28.3,35.4
2027,,1401–1600,Karpagam Academy of Higher Education,India,27.3–30.4,20.4,16.6,50.3,20.3,29.3
2027,,1401–1600,Khulna University,Bangladesh,27.3–30.4,17.9,12.0,51.5,18.9,44.5
2027,,1401–1600,KMITL – King Mongkut’s Institute of Technology Ladkrabang,Thailand,27.3–30.4,23.2,28.1,28.6,79.3,44.9
2027,,1401–1600,Kookmin University,South Korea,27.3–30.4,28.5,23.3,30.7,58.1,39.2
2027,,1401–1600,Kuwait University,Kuwait,27.3–30.4,17.7,12.9,50.5,33.1,59.6
2027,,1401–1600,Kyushu Institute of Technology (Kyutech),Japan,27.3–30.4,25.2,18.3,31.8,62.4,38.7
2027,,1401–1600,Lahore College for Women University (LCWU),Pakistan,27.3–30.4,21.0,13.1,50.0,18.9,44.7
2027,,1401–1600,Liverpool Hope University,United Kingdom,27.3–30.4,19.7,19.0,33.4,19.1,76.2
2027,,1401–1600,Lorestan University,Iran,27.3–30.4,24.9,14.3,48.7,25.8,43.2
2027,,1401–1600,Lucian Blaga University of Sibiu,Romania,27.3–30.4,18.4,19.3,45.5,25.0,36.5
2027,,1401–1600,Madanapalle Institute of Technology and Science (Deemed to be University),India,27.3–30.4,14.5,11.9,59.5,17.4,22.4
2027,,1401–1600,Maharishi Markandeshwar (Deemed To Be University),India,27.3–30.4,30.8,12.5,45.2,20.4,29.7
2027,,1401–1600,Medical University of Bialystok,Poland,27.3–30.4,27.6,13.8,41.3,46.7,29.5
2027,,1401–1600,Medical University of Lublin,Poland,27.3–30.4,32.5,16.4,39.9,38.8,31.2
2027,,1401–1600,"Mehran University of Engineering and Technology, Jamshoro, Pakistan",Pakistan,27.3–30.4,15.9,13.4,52.3,32.1,48.8
2027,,1401–1600,Menoufia University,Egypt,27.3–30.4,15.9,12.3,55.0,27.1,47.7
2027,,1401–1600,"MIT Art, Design and Technology University",India,27.3–30.4,21.7,17.8,42.2,50.2,20.0
2027,,1401–1600,"MNS University of Agriculture, Multan",Pakistan,27.3–30.4,11.8,13.5,56.2,19.5,47.8
2027,,1401–1600,Moulay Ismail University,Morocco,27.3–30.4,20.2,12.9,54.8,20.9,27.9
2027,,1401–1600,National Chung Cheng University,Taiwan,27.3–30.4,20.3,26.5,33.4,77.0,32.2
2027,,1401–1600,National Institute of Technology Srinagar,India,27.3–30.4,33.0,13.2,41.9,35.9,18.8
2027,,1401–1600,National Kaohsiung University of Science and Technology,Taiwan,27.3–30.4,14.7,22.5,42.4,63.9,29.5
2027,,1401–1600,National Taiwan Ocean University,Taiwan,27.3–30.4,19.4,28.8,31.4,63.1,35.0
2027,,1401–1600,National University of Distance Education (UNED),Spain,27.3–30.4,17.5,21.9,43.0,52.5,33.0
2027,,1401–1600,Nelson Mandela University,South Africa,27.3–30.4,19.0,20.2,46.0,37.5,44.0
2027,,1401–1600,Niigata University,Japan,27.3–30.4,30.8,16.5,34.8,53.9,29.5
2027,,1401–1600,Nnamdi Azikiwe University,Nigeria,27.3–30.4,23.5,10.6,46.4,18.9,38.2
2027,,1401–1600,Noakhali Science and Technology University (NSTU),Bangladesh,27.3–30.4,10.8,12.0,64.7,17.7,46.2
2027,,1401–1600,Obafemi Awolowo University,Nigeria,27.3–30.4,22.3,15.7,37.7,50.0,43.1
2027,,1401–1600,Opole University of Technology,Poland,27.3–30.4,17.0,16.4,45.1,23.5,46.7
2027,,1401–1600,Osaka Medical and Pharmaceutical University,Japan,27.3–30.4,28.0,15.2,38.1,50.5,18.7
2027,,1401–1600,Osaka Metropolitan University,Japan,27.3–30.4,30.4,22.5,31.0,84.3,26.4
2027,,1401–1600,Pirogov Russian National Research Medical University,Russian Federation,27.3–30.4,43.2,16.5,19.9,41.4,31.0
2027,,1401–1600,Port Said University,Egypt,27.3–30.4,13.2,11.4,59.9,27.1,49.2
2027,,1401–1600,Poznań University of Life Sciences,Poland,27.3–30.4,27.7,15.0,39.9,27.6,28.9
2027,,1401–1600,Qena University,Egypt,27.3–30.4,15.4,10.6,56.8,19.5,48.4
2027,,1401–1600,Rajshahi University of Engineering and Technology,Bangladesh,27.3–30.4,18.4,8.6,56.3,18.6,32.7
2027,,1401–1600,Razi University,Iran,27.3–30.4,28.2,19.7,37.4,46.5,30.5
2027,,1401–1600,Saitama Medical University,Japan,27.3–30.4,27.2,12.6,42.3,47.4,19.3
2027,,1401–1600,Salahaddin University–Erbil,Iraq,27.3–30.4,24.3,9.4,59.2,17.6,26.8
2027,,1401–1600,Sapporo Medical University,Japan,27.3–30.4,31.0,14.9,41.5,56.0,18.6
2027,,1401–1600,SASTRA University,India,27.3–30.4,29.1,14.1,40.6,51.2,25.5
2027,,1401–1600,Satbayev University,Kazakhstan,27.3–30.4,28.0,16.3,27.0,31.4,77.6
2027,,1401–1600,Sefako Makgatho Health Sciences University,South Africa,27.3–30.4,21.7,14.6,41.9,29.4,50.1
2027,,1401–1600,Shahrekord University,Iran,27.3–30.4,23.0,14.4,45.3,20.4,29.7
2027,,1401–1600,Shinshu University,Japan,27.3–30.4,26.3,21.5,32.6,67.7,32.4
2027,,1401–1600,"Shivaji University, Kolhapur",India,27.3–30.4,30.1,16.4,43.9,31.3,26.8
2027,,1401–1600,Slovak University of Agriculture in Nitra,Slovakia,27.3–30.4,26.6,22.3,33.3,22.5,48.7
2027,,1401–1600,Slovak University of Technology in Bratislava,Slovakia,27.3–30.4,29.7,16.3,27.4,57.6,49.6
2027,,1401–1600,Sohag University,Egypt,27.3–30.4,15.3,10.3,55.8,21.7,52.0
2027,,1401–1600,St Francis Xavier University,Canada,27.3–30.4,17.6,21.0,38.0,28.8,48.2
2027,,1401–1600,Superior University,Pakistan,27.3–30.4,16.8,11.0,54.3,18.3,49.1
2027,,1401–1600,Suranaree University of Technology,Thailand,27.3–30.4,20.7,19.8,36.8,49.4,35.6
2027,,1401–1600,SWPS University,Poland,27.3–30.4,14.4,17.6,54.1,31.5,48.1
2027,,1401–1600,Technical University of Crete,Greece,27.3–30.4,18.4,15.6,46.5,45.2,40.2
2027,,1401–1600,Thammasat University,Thailand,27.3–30.4,23.0,24.7,37.0,40.9,38.2
2027,,1401–1600,The British University in Egypt,Egypt,27.3–30.4,16.7,14.4,50.7,20.0,39.2
2027,,1401–1600,The Jikei University School of Medicine,Japan,27.3–30.4,30.3,12.5,45.8,44.4,20.4
2027,,1401–1600,The John Paul II Catholic University of Lublin,Poland,27.3–30.4,31.1,19.7,41.2,17.4,32.7
2027,,1401–1600,The University of Kitakyushu,Japan,27.3–30.4,19.3,20.1,33.4,31.4,60.8
2027,,1401–1600,Tiangong University,China,27.3–30.4,16.6,16.1,52.3,61.4,22.0
2027,,1401–1600,Tianjin Normal University,China,27.3–30.4,20.7,21.2,36.8,53.8,55.7
2027,,1401–1600,TOBB University of Economics and Technology,Turkey,27.3–30.4,18.9,16.5,47.3,57.9,43.3
2027,,1401–1600,Tokyo Metropolitan University,Japan,27.3–30.4,30.6,18.2,30.6,52.8,33.7
2027,,1401–1600,Tokyo University of Marine Science and Technology,Japan,27.3–30.4,33.0,20.7,25.2,57.2,42.8
2027,,1401–1600,Tokyo University of Science,Japan,27.3–30.4,23.9,30.4,29.1,74.9,31.2
2027,,1401–1600,Tomas Bata University in Zlín,Czechia,27.3–30.4,20.8,22.4,37.6,30.3,55.6
2027,,1401–1600,Toyohashi University of Technology (TUT),Japan,27.3–30.4,27.2,24.8,21.9,82.8,44.6
2027,,1401–1600,Universidad Católica San Antonio de Murcia (UCAM),Spain,27.3–30.4,17.7,21.1,39.5,42.5,60.0
2027,,1401–1600,Universidad de Cartagena,Colombia,27.3–30.4,13.4,11.4,57.0,19.3,37.5
2027,,1401–1600,Universidad del Desarrollo,Chile,27.3–30.4,16.0,14.2,49.8,29.2,49.0
2027,,1401–1600,Universidade Eduardo Mondlane,Mozambique,27.3–30.4,10.7,10.4,59.2,22.2,51.5
2027,,1401–1600,Universidade Federal da Bahia,Brazil,27.3–30.4,28.6,18.3,34.5,26.1,33.8
2027,,1401–1600,Universidade Federal de Juiz de Fora,Brazil,27.3–30.4,26.0,15.4,41.8,27.6,31.1
2027,,1401–1600,Universidade Federal do Paraná (UFPR),Brazil,27.3–30.4,35.6,20.2,29.1,52.0,39.7
2027,,1401–1600,Universidade Lusófona,Portugal,27.3–30.4,17.4,16.5,45.3,20.8,54.5
2027,,1401–1600,Universidad Francisco de Vitoria,Spain,27.3–30.4,15.7,14.7,47.9,18.3,43.4
2027,,1401–1600,Universidad Loyola,Spain,27.3–30.4,17.5,18.4,42.6,17.5,46.6
2027,,1401–1600,Universitas Muhammadiyah Surakarta,Indonesia,27.3–30.4,16.6,12.2,57.3,17.4,29.2
2027,,1401–1600,Université de Poitiers,France,27.3–30.4,28.8,21.5,30.4,38.5,59.0
2027,,1401–1600,Université Polytechnique Hauts-de-France,France,27.3–30.4,18.0,21.2,32.2,30.8,70.0
2027,,1401–1600,Université Sorbonne Nouvelle,France,27.3–30.4,25.6,21.0,23.7,40.9,68.7
2027,,1401–1600,Universiti Teknikal Malaysia Melaka,Malaysia,27.3–30.4,34.9,14.4,25.6,38.0,49.2
2027,,1401–1600,Universiti Teknologi MARA,Malaysia,27.3–30.4,26.0,20.7,34.2,44.9,31.1
2027,,1401–1600,University Cadi Ayyad of Marrakech,Morocco,27.3–30.4,21.3,12.0,46.5,21.5,35.7
2027,,1401–1600,University of Antioquia,Colombia,27.3–30.4,20.1,21.2,43.5,34.2,39.3
2027,,1401–1600,University of Benin,Nigeria,27.3–30.4,12.1,10.8,58.9,17.8,39.1
2027,,1401–1600,University of Brasília,Brazil,27.3–30.4,34.3,21.0,28.2,35.5,35.8
2027,,1401–1600,University of Brawijaya,Indonesia,27.3–30.4,27.3,20.4,30.5,43.6,51.1
2027,,1401–1600,University of Burgos,Spain,27.3–30.4,20.8,18.2,43.1,31.6,39.0
2027,,1401–1600,University of Cadiz,Spain,27.3–30.4,21.7,18.7,43.1,37.9,38.9
2027,,1401–1600,"University of Chemistry and Technology, Prague",Czechia,27.3–30.4,31.8,15.7,28.3,55.7,55.6
2027,,1401–1600,University of Chittagong,Bangladesh,27.3–30.4,12.3,10.9,57.3,23.8,53.6
2027,,1401–1600,University of Colima,Mexico,27.3–30.4,23.3,9.3,56.8,19.3,31.8
2027,,1401–1600,University of Concepción,Chile,27.3–30.4,19.5,18.2,43.6,45.8,49.0
2027,,1401–1600,University of Deusto,Spain,27.3–30.4,20.0,20.5,44.2,37.5,44.9
2027,,1401–1600,University of Évora,Portugal,27.3–30.4,22.6,23.2,39.1,25.4,55.9
2027,,1401–1600,University of Gdańsk,Poland,27.3–30.4,26.0,17.0,36.4,28.8,36.8
2027,,1401–1600,University of Guilan,Iran,27.3–30.4,25.6,19.8,45.9,33.0,25.5
2027,,1401–1600,"University of Health Sciences, Turkey",Turkey,27.3–30.4,41.5,12.2,30.1,17.7,30.3
2027,,1401–1600,University of Jos,Nigeria,27.3–30.4,16.1,9.8,54.7,17.7,46.6
2027,,1401–1600,University of Kerala,India,27.3–30.4,40.8,24.9,20.7,42.7,26.9
2027,,1401–1600,University of La Frontera,Chile,27.3–30.4,18.0,24.4,37.1,25.1,50.7
2027,,1401–1600,University of La Sabana,Colombia,27.3–30.4,22.0,12.9,54.3,22.3,40.3
2027,,1401–1600,University of La Serena,Chile,27.3–30.4,13.0,12.2,51.8,17.3,51.3
2027,,1401–1600,University of Las Palmas de Gran Canaria,Spain,27.3–30.4,22.1,19.4,43.4,32.2,41.5
2027,,1401–1600,University of Lethbridge,Canada,27.3–30.4,21.2,16.6,33.7,42.1,61.3
2027,,1401–1600,University of Maiduguri,Nigeria,27.3–30.4,14.5,9.1,57.8,17.4,45.8
2027,,1401–1600,University of Manouba,Tunisia,27.3–30.4,24.3,11.9,44.7,22.8,43.8
2027,,1401–1600,University of Mauritius,Mauritius,27.3–30.4,30.3,17.4,36.9,43.9,35.3
2027,,1401–1600,University of Medea,Algeria,27.3–30.4,18.1,9.4,53.5,17.5,35.2
2027,,1401–1600,University of Monastir,Tunisia,27.3–30.4,22.7,12.5,42.3,33.0,44.9
2027,,1401–1600,University of Oum El Bouaghi,Algeria,27.3–30.4,24.7,16.1,44.4,31.1,33.1
2027,,1401–1600,University of Peradeniya,Sri Lanka,27.3–30.4,12.4,14.2,58.9,29.9,38.3
2027,,1401–1600,University of Rouen Normandie,France,27.3–30.4,25.0,15.9,39.9,50.6,54.0
2027,,1401–1600,University of Social Welfare and Rehabilitation Sciences,Iran,27.3–30.4,35.6,19.2,33.4,20.4,30.5
2027,,1401–1600,University of South Wales,United Kingdom,27.3–30.4,16.6,13.3,43.9,53.3,81.8
2027,,1401–1600,University of Split,Croatia,27.3–30.4,22.1,17.4,40.1,30.7,33.7
2027,,1401–1600,University of Sunderland,United Kingdom,27.3–30.4,19.7,11.2,40.5,30.1,76.1
2027,,1401–1600,University of Technology of Troyes,France,27.3–30.4,33.0,13.1,24.2,42.9,73.2
2027,,1401–1600,University of the Arts London,United Kingdom,27.3–30.4,25.9,13.4,36.3,23.3,77.2
2027,,1401–1600,University of Toyama,Japan,27.3–30.4,27.5,17.5,35.7,64.7,32.8
2027,,1401–1600,University of Urbino Carlo Bo,Italy,27.3–30.4,17.2,21.7,42.7,36.4,49.5
2027,,1401–1600,University of West London,United Kingdom,27.3–30.4,15.5,12.8,45.1,21.8,88.4
2027,,1401–1600,University of Zanjan,Iran,27.3–30.4,29.5,18.3,38.4,35.3,30.1
2027,,1401–1600,University of Žilina,Slovakia,27.3–30.4,26.2,21.0,37.0,45.4,34.0
2027,,1401–1600,University Rey Juan Carlos,Spain,27.3–30.4,18.8,17.7,46.1,45.7,38.5
2027,,1401–1600,Vardhaman College of Engineering,India,27.3–30.4,16.8,12.3,57.3,17.9,27.9
2027,,1401–1600,VILNIUS TECH (Vilnius Gediminas Technical University),Lithuania,27.3–30.4,19.4,25.7,32.1,48.2,46.8
2027,,1401–1600,"Visvesvaraya National Institute of Technology, Nagpur",India,27.3–30.4,30.4,17.0,37.8,43.6,20.3
2027,,1401–1600,Vytautas Magnus University,Lithuania,27.3–30.4,23.1,15.4,40.6,21.8,68.9
2027,,1401–1600,Warsaw University of Technology,Poland,27.3–30.4,29.0,19.8,34.8,57.7,34.2
2027,,1401–1600,West University of Timişoara,Romania,27.3–30.4,24.8,15.7,48.1,19.9,34.0
2027,,1401–1600,Wilfrid Laurier University,Canada,27.3–30.4,16.0,18.2,46.0,53.5,59.8
2027,,1401–1600,Wrocław University of Science and Technology (Wrocław Tech),Poland,27.3–30.4,25.1,18.4,36.7,55.8,34.5
2027,,1401–1600,Yanshan University,China,27.3–30.4,21.5,14.0,51.5,57.5,20.4
2027,,1401–1600,Yaşar University,Turkey,27.3–30.4,18.3,13.0,52.8,26.3,42.2
2027,,1401–1600,Yeditepe University,Turkey,27.3–30.4,25.0,15.7,35.8,55.8,39.4
2027,,1401–1600,Yenepoya (Deemed to be University),India,27.3–30.4,16.7,10.7,58.9,18.5,30.6
2027,,1401–1600,Yokohama National University,Japan,27.3–30.4,26.3,24.6,22.8,82.8,35.8
2027,,1401–1600,Zewail City of Science and Technology,Egypt,27.3–30.4,23.3,11.4,50.8,25.6,39.6
2027,,1601–1800,Abdelmalek Essaâdi University,Morocco,24.2–27.1,24.0,13.2,42.5,23.2,27.8
2027,,1601–1800,Acıbadem University,Turkey,24.2–27.1,27.1,14.4,34.4,20.7,40.0
2027,,1601–1800,Aditya University,India,24.2–27.1,15.4,14.2,49.0,17.9,26.0
2027,,1601–1800,Ağrı İbrahim Çeçen University,Turkey,24.2–27.1,11.9,12.2,52.8,16.9,26.2
2027,,1601–1800,Al-Qasim Green University,Iraq,24.2–27.1,22.5,9.4,41.3,16.3,24.0
2027,,1601–1800,Al-Quds University,Palestine,24.2–27.1,22.0,13.5,28.9,24.5,85.8
2027,,1601–1800,Alzahra University,Iran,24.2–27.1,25.9,19.9,33.1,29.4,27.9
2027,,1601–1800,Andhra University,India,24.2–27.1,37.2,11.6,28.5,28.9,26.1
2027,,1601–1800,Arak University,Iran,24.2–27.1,20.1,18.4,35.3,45.1,34.8
2027,,1601–1800,Ashoka University,India,24.2–27.1,27.8,14.8,30.6,20.2,53.1
2027,,1601–1800,Atlantic Technological University,Ireland,24.2–27.1,20.8,9.5,38.0,19.1,60.2
2027,,1601–1800,Austral University of Chile,Chile,24.2–27.1,15.5,20.5,28.1,44.3,49.7
2027,,1601–1800,Badji Mokhtar University – Annaba,Algeria,24.2–27.1,41.0,10.3,19.8,21.6,36.8
2027,,1601–1800,Baku State University,Azerbaijan,24.2–27.1,34.9,13.3,19.2,23.4,52.5
2027,,1601–1800,"Balochistan University of Information Technology, Engineering and Management Sciences (BUITEMS)",Pakistan,24.2–27.1,20.4,11.0,43.1,21.0,49.3
2027,,1601–1800,Bandirma Onyedi Eylül University,Turkey,24.2–27.1,12.9,14.0,49.1,16.3,37.0
2027,,1601–1800,B. S. Abdur Rahman Crescent Institute of Science and Technology,India,24.2–27.1,20.4,13.4,40.1,25.6,24.6
2027,,1601–1800,Capital University,Egypt,24.2–27.1,14.6,10.6,46.6,24.8,43.7
2027,,1601–1800,Catholic University of the North,Chile,24.2–27.1,15.0,16.5,36.8,20.4,62.4
2027,,1601–1800,Centurion University of Technology and Management,India,24.2–27.1,15.7,16.2,43.4,44.2,27.0
2027,,1601–1800,CEU Universities,Spain,24.2–27.1,23.7,12.8,35.5,24.8,49.9
2027,,1601–1800,Chang Gung University of Science and Technology,Taiwan,24.2–27.1,15.6,17.0,41.2,41.8,21.0
2027,,1601–1800,Chulabhorn Royal Academy,Thailand,24.2–27.1,23.5,24.6,29.0,37.8,33.6
2027,,1601–1800,Communication University of China,China,24.2–27.1,22.7,18.7,32.4,55.4,26.1
2027,,1601–1800,Cracow University of Technology,Poland,24.2–27.1,22.2,15.8,36.6,39.9,33.6
2027,,1601–1800,Cukurova University,Turkey,24.2–27.1,25.7,15.9,37.1,33.7,30.2
2027,,1601–1800,Dankook University,South Korea,24.2–27.1,26.9,15.6,32.2,50.1,27.0
2027,,1601–1800,Del Rosario University,Colombia,24.2–27.1,23.7,15.9,33.6,26.3,48.1
2027,,1601–1800,Dow University of Health Sciences,Pakistan,24.2–27.1,23.9,12.7,32.2,23.0,47.6
2027,,1601–1800,Dunarea de Jos University of Galati,Romania,24.2–27.1,22.1,10.7,35.5,19.5,44.2
2027,,1601–1800,Egyptian Russian University,Egypt,24.2–27.1,22.3,10.0,45.4,16.4,41.3
2027,,1601–1800,Ehime University,Japan,24.2–27.1,26.6,16.9,28.0,53.1,31.6
2027,,1601–1800,Erzurum Technical University,Turkey,24.2–27.1,16.5,15.9,49.2,25.6,23.7
2027,,1601–1800,Eskişehir Osmangazi University,Turkey,24.2–27.1,23.1,24.3,28.2,27.3,27.0
2027,,1601–1800,Federal University of Espírito Santo,Brazil,24.2–27.1,24.4,16.6,28.5,57.6,30.3
2027,,1601–1800,Federal University of Rio Grande do Norte (UFRN),Brazil,24.2–27.1,26.5,15.8,27.3,40.8,32.6
2027,,1601–1800,Federal University of Santa Maria,Brazil,24.2–27.1,27.8,15.9,31.6,42.0,28.0
2027,,1601–1800,Federal University of Technology Akure,Nigeria,24.2–27.1,21.4,14.8,38.3,22.9,44.9
2027,,1601–1800,Federal University of Uberlândia,Brazil,24.2–27.1,23.1,14.6,35.3,32.1,25.7
2027,,1601–1800,Federal University of Viçosa,Brazil,24.2–27.1,32.4,15.8,26.1,32.4,27.4
2027,,1601–1800,Federico Santa María Technical University,Chile,24.2–27.1,16.1,14.6,34.1,37.3,53.8
2027,,1601–1800,Feng Chia University,Taiwan,24.2–27.1,16.5,21.7,25.9,72.6,32.1
2027,,1601–1800,Ferhat Abbas Sétif University 1,Algeria,24.2–27.1,14.8,9.8,49.3,21.0,38.0
2027,,1601–1800,Fluminense Federal University,Brazil,24.2–27.1,26.9,16.0,27.1,28.7,32.8
2027,,1601–1800,Gauhati University,India,24.2–27.1,35.7,15.5,29.2,24.7,20.8
2027,,1601–1800,Gaziantep University,Turkey,24.2–27.1,20.6,13.9,36.0,23.5,43.0
2027,,1601–1800,GD Goenka University,India,24.2–27.1,29.3,12.2,31.5,23.8,34.6
2027,,1601–1800,"George Emil Palade University of Medicine, Pharmacy, Science, and Technology of Targu Mures",Romania,24.2–27.1,21.2,13.4,41.2,21.8,38.8
2027,,1601–1800,Georgia Southern University,United States,24.2–27.1,18.1,15.0,36.8,35.1,32.0
2027,,1601–1800,GITAM University,India,24.2–27.1,22.7,13.6,34.6,25.0,28.2
2027,,1601–1800,GMRIT Deemed to be University,India,24.2–27.1,15.6,12.2,47.5,19.2,23.6
2027,,1601–1800,Goa University,India,24.2–27.1,35.3,14.8,23.5,22.0,23.1
2027,,1601–1800,Gunma University,Japan,24.2–27.1,27.6,14.9,24.7,65.2,27.5
2027,,1601–1800,Hanoi University of Science and Technology,Vietnam,24.2–27.1,13.8,16.5,34.8,63.4,33.0
2027,,1601–1800,Hassiba Benbouali University of Chlef,Algeria,24.2–27.1,15.9,12.7,43.3,30.7,41.1
2027,,1601–1800,Hirosaki University,Japan,24.2–27.1,24.7,16.8,30.2,54.0,30.2
2027,,1601–1800,IFHE Hyderabad,India,24.2–27.1,17.9,11.7,53.7,18.0,21.2
2027,,1601–1800,Instituto Politécnico de Viana do Castelo,Portugal,24.2–27.1,14.6,18.7,38.2,20.9,38.6
2027,,1601–1800,International Hellenic University,Greece,24.2–27.1,10.5,14.5,52.1,32.5,29.0
2027,,1601–1800,International University of Health and Welfare,Japan,24.2–27.1,20.2,15.8,41.8,34.9,24.0
2027,,1601–1800,Istanbul Aydın University,Turkey,24.2–27.1,22.6,13.0,30.7,27.5,60.2
2027,,1601–1800,Istanbul Medeniyet University,Turkey,24.2–27.1,22.3,12.3,46.3,23.2,26.5
2027,,1601–1800,Izmir University of Economics,Turkey,24.2–27.1,16.9,18.1,36.4,31.6,31.7
2027,,1601–1800,James Madison University,United States,24.2–27.1,19.0,14.2,37.4,42.9,25.6
2027,,1601–1800,Jawaharlal Nehru Technological University Hyderabad,India,24.2–27.1,39.3,10.7,25.4,44.3,29.7
2027,,1601–1800,"Jaypee Institute of Information Technology, Noida",India,24.2–27.1,24.5,19.2,34.8,30.4,19.6
2027,,1601–1800,Kagawa University,Japan,24.2–27.1,24.4,14.4,37.8,60.4,25.6
2027,,1601–1800,Kagoshima University,Japan,24.2–27.1,26.0,15.8,27.0,55.9,26.8
2027,,1601–1800,Karabük University,Turkey,24.2–27.1,16.7,10.6,45.0,18.5,52.8
2027,,1601–1800,Karamanoğlu Mehmet Bey University,Turkey,24.2–27.1,15.3,12.6,49.1,17.5,28.3
2027,,1601–1800,Kasetsart University,Thailand,24.2–27.1,19.7,19.1,33.7,60.7,34.1
2027,,1601–1800,Kastamonu University,Turkey,24.2–27.1,13.3,15.0,47.5,17.1,33.9
2027,,1601–1800,Kharkiv National Medical University,Ukraine,24.2–27.1,29.3,10.8,33.4,18.7,38.8
2027,,1601–1800,Kitasato University,Japan,24.2–27.1,26.5,13.2,36.9,57.6,20.5
2027,,1601–1800,Kunming Medical University,China,24.2–27.1,18.0,15.6,46.0,30.7,19.8
2027,,1601–1800,Kyoto Institute of Technology,Japan,24.2–27.1,30.1,21.1,18.3,70.7,32.7
2027,,1601–1800,Lebanese University,Lebanon,24.2–27.1,33.2,12.7,22.2,22.5,79.9
2027,,1601–1800,Lincoln University College,Malaysia,24.2–27.1,36.2,11.1,15.5,18.7,96.8
2027,,1601–1800,L.N. Gumilyov Eurasian National University,Kazakhstan,24.2–27.1,19.2,17.2,28.7,18.9,60.9
2027,,1601–1800,Lodz University of Technology,Poland,24.2–27.1,24.7,17.0,28.7,61.5,34.2
2027,,1601–1800,Maejo University,Thailand,24.2–27.1,17.9,10.8,39.9,33.9,36.4
2027,,1601–1800,Mardin Artuklu University,Turkey,24.2–27.1,12.6,11.5,47.0,15.9,36.4
2027,,1601–1800,Maria Curie-Skłodowska University (UMCS),Poland,24.2–27.1,21.4,25.2,25.8,21.7,35.3
2027,,1601–1800,Marmara University,Turkey,24.2–27.1,24.7,17.0,37.4,30.7,30.5
2027,,1601–1800,Mbarara University of Science and Technology (MUST),Uganda,24.2–27.1,16.3,24.5,30.6,16.8,51.4
2027,,1601–1800,Mie University,Japan,24.2–27.1,26.7,20.6,27.0,68.4,26.0
2027,,1601–1800,Mirpur University of Science and Technology,Pakistan,24.2–27.1,11.8,12.1,46.4,22.1,50.6
2027,,1601–1800,M. Kumarasamy College of Engineering,India,24.2–27.1,16.1,10.9,51.8,18.0,18.8
2027,,1601–1800,Muhimbili University of Health and Allied Sciences,Tanzania,24.2–27.1,23.1,17.2,30.4,28.8,48.8
2027,,1601–1800,Nagaoka University of Technology,Japan,24.2–27.1,33.0,18.4,18.3,64.7,40.7
2027,,1601–1800,Nagoya Institute of Technology,Japan,24.2–27.1,22.3,23.2,24.7,73.2,28.1
2027,,1601–1800,National Changhua University of Education,Taiwan,24.2–27.1,23.8,22.4,23.5,48.2,27.3
2027,,1601–1800,National Chin-Yi University of Technology,Taiwan,24.2–27.1,15.0,30.0,28.7,53.7,36.6
2027,,1601–1800,National Economics University,Vietnam,24.2–27.1,13.4,10.0,53.4,17.6,23.9
2027,,1601–1800,"National Institute of Applied Sciences, Strasbourg (INSA Strasbourg)",France,24.2–27.1,22.4,11.3,31.1,37.0,69.2
2027,,1601–1800,National Research University of Electronic Technology (MIET),Russian Federation,24.2–27.1,46.7,20.2,7.5,51.1,22.3
2027,,1601–1800,National Textile University,Pakistan,24.2–27.1,16.1,15.0,44.2,25.9,47.0
2027,,1601–1800,National University of Colombia,Colombia,24.2–27.1,23.0,18.2,33.9,30.9,41.0
2027,,1601–1800,"National University of Science and Technology, Oman",Oman,24.2–27.1,15.3,10.6,36.3,17.9,76.7
2027,,1601–1800,Netaji Subhas University of Technology,India,24.2–27.1,17.2,9.6,48.4,21.0,21.5
2027,,1601–1800,Ochanomizu University,Japan,24.2–27.1,29.8,20.7,19.3,36.7,41.3
2027,,1601–1800,Ondokuz Mayis University,Turkey,24.2–27.1,24.1,16.8,35.2,36.7,33.1
2027,,1601–1800,Osmania University,India,24.2–27.1,35.1,16.7,24.1,32.3,23.6
2027,,1601–1800,Paris Nanterre University,France,24.2–27.1,20.5,18.4,28.4,33.9,63.3
2027,,1601–1800,Parul University,India,24.2–27.1,18.4,9.8,40.2,19.3,45.6
2027,,1601–1800,Pavol Jozef Šafárik University in Košice,Slovakia,24.2–27.1,29.9,15.7,26.0,25.5,58.1
2027,,1601–1800,Pharos University,Egypt,24.2–27.1,14.6,10.2,48.4,18.7,37.6
2027,,1601–1800,Polytechnic Institute of Porto,Portugal,24.2–27.1,14.9,15.3,40.1,33.9,30.2
2027,,1601–1800,Polytechnic University of Bucharest,Romania,24.2–27.1,23.4,13.0,34.1,39.8,23.8
2027,,1601–1800,Pontifical Catholic University of Peru,Peru,24.2–27.1,26.2,13.1,30.9,24.0,40.5
2027,,1601–1800,Pontifical Catholic University of Valparaíso,Chile,24.2–27.1,18.3,20.9,33.3,32.0,50.7
2027,,1601–1800,Poznan University of Technology,Poland,24.2–27.1,24.6,16.8,33.6,49.5,32.4
2027,,1601–1800,Prague University of Economics and Business (VŠE),Czechia,24.2–27.1,16.9,18.0,34.1,23.1,54.1
2027,,1601–1800,Rikkyo University,Japan,24.2–27.1,18.8,10.7,41.1,22.3,55.5
2027,,1601–1800,Ritsumeikan University,Japan,24.2–27.1,20.6,19.4,27.9,63.6,48.9
2027,,1601–1800,Saga University,Japan,24.2–27.1,25.1,16.6,28.9,69.7,27.6
2027,,1601–1800,Sakarya University of Applied Sciences,Turkey,24.2–27.1,16.2,16.8,39.6,17.4,43.6
2027,,1601–1800,Shibaura Institute of Technology,Japan,24.2–27.1,18.1,22.2,24.9,48.5,46.8
2027,,1601–1800,Shree Guru Gobind Singh Tricentenary University,India,24.2–27.1,21.9,11.9,48.4,16.1,24.4
2027,,1601–1800,Sofia University,Bulgaria,24.2–27.1,28.1,13.4,31.1,25.1,37.0
2027,,1601–1800,Southern Federal University,Russian Federation,24.2–27.1,24.0,17.2,24.3,38.1,49.7
2027,,1601–1800,Southwest Petroleum University,China,24.2–27.1,17.4,18.5,37.9,81.4,19.9
2027,,1601–1800,State University of Malang,Indonesia,24.2–27.1,20.2,14.4,33.1,26.8,40.5
2027,,1601–1800,Syarif Hidayatullah State Islamic University,Indonesia,24.2–27.1,18.6,12.1,44.2,20.1,23.7
2027,,1601–1800,Széchenyi István University,Hungary,24.2–27.1,19.6,19.6,38.2,28.4,37.2
2027,,1601–1800,Tamil Nadu Agricultural University,India,24.2–27.1,33.7,17.9,24.0,31.0,17.5
2027,,1601–1800,Tamkang University,Taiwan,24.2–27.1,16.6,14.4,38.6,50.4,44.0
2027,,1601–1800,Tarsus University,Turkey,24.2–27.1,18.9,12.9,49.1,16.3,31.8
2027,,1601–1800,Technical University in Zvolen,Slovakia,24.2–27.1,28.5,12.7,31.2,19.5,40.1
2027,,1601–1800,Technical University of Cartagena,Spain,24.2–27.1,27.1,14.9,31.1,39.7,42.2
2027,,1601–1800,Technical University of Cluj-Napoca,Romania,24.2–27.1,18.7,16.2,36.4,42.6,27.7
2027,,1601–1800,Technical University of Košice,Slovakia,24.2–27.1,22.8,19.8,26.9,49.1,52.3
2027,,1601–1800,Telkom University,Indonesia,24.2–27.1,17.4,16.9,31.6,36.8,55.9
2027,,1601–1800,The University of the West Indies,Jamaica,24.2–27.1,20.7,12.2,35.2,24.8,50.6
2027,,1601–1800,Toho University,Japan,24.2–27.1,25.0,17.3,33.9,59.0,21.3
2027,,1601–1800,Transilvania University of Brașov,Romania,24.2–27.1,15.6,15.8,45.3,34.5,39.4
2027,,1601–1800,Tunghai University,Taiwan,24.2–27.1,16.3,18.3,39.1,43.8,47.2
2027,,1601–1800,Tzu Chi University,Taiwan,24.2–27.1,24.5,16.4,28.7,40.3,27.7
2027,,1601–1800,Ubon Ratchathani University,Thailand,24.2–27.1,13.9,11.2,54.8,30.5,27.7
2027,,1601–1800,UNIR – International University of La Rioja,Spain,24.2–27.1,12.6,17.4,34.5,20.0,58.9
2027,,1601–1800,Unisinos University,Brazil,24.2–27.1,26.6,22.3,26.9,51.3,30.4
2027,,1601–1800,Universidad Autónoma de Chile,Chile,24.2–27.1,13.2,13.5,43.3,20.5,54.8
2027,,1601–1800,Universidad Autónoma de Sinaloa,Mexico,24.2–27.1,14.6,8.6,56.0,16.9,28.6
2027,,1601–1800,Universidade Federal de Ciências da Saúde de Porto Alegre (UFCSPA),Brazil,24.2–27.1,26.9,16.5,27.1,30.6,31.9
2027,,1601–1800,Universidade Federal de Pernambuco,Brazil,24.2–27.1,34.4,17.8,25.4,51.0,28.1
2027,,1601–1800,Universidade Federal do ABC (UFABC),Brazil,24.2–27.1,21.8,18.7,32.6,27.6,44.5
2027,,1601–1800,Universidade Federal do Ceará (UFC),Brazil,24.2–27.1,26.3,18.6,28.7,33.6,30.3
2027,,1601–1800,Universitas Ahmad Dahlan,Indonesia,24.2–27.1,13.0,13.5,49.8,23.8,38.0
2027,,1601–1800,Universitas Syiah Kuala,Indonesia,24.2–27.1,15.1,11.1,47.0,20.0,26.8
2027,,1601–1800,Université Chouaïb Doukkali,Morocco,24.2–27.1,15.4,15.1,48.4,23.1,27.4
2027,,1601–1800,Université de Skikda,Algeria,24.2–27.1,14.4,8.9,52.2,16.8,41.8
2027,,1601–1800,Université Djillali Liabès de Sidi Bel-Abbès,Algeria,24.2–27.1,23.6,10.4,42.1,17.5,35.1
2027,,1601–1800,Universiti Malaysia Kelantan,Malaysia,24.2–27.1,19.0,15.0,37.2,35.3,51.9
2027,,1601–1800,Universiti Malaysia Perlis,Malaysia,24.2–27.1,24.6,15.8,32.9,40.6,40.6
2027,,1601–1800,Universiti Malaysia Sabah (UMS),Malaysia,24.2–27.1,24.8,15.7,29.0,27.7,42.2
2027,,1601–1800,University for Development Studies,Ghana,24.2–27.1,22.5,12.3,36.1,18.2,46.6
2027,,1601–1800,University of Antofagasta,Chile,24.2–27.1,22.6,10.6,41.2,18.0,52.5
2027,,1601–1800,University of Baghdad,Iraq,24.2–27.1,31.3,17.0,28.5,30.9,22.6
2027,,1601–1800,University of Carthage,Tunisia,24.2–27.1,25.4,11.3,30.8,32.3,44.1
2027,,1601–1800,University of Chester,United Kingdom,24.2–27.1,17.7,15.2,33.7,25.3,70.3
2027,,1601–1800,University of Havana,Cuba,24.2–27.1,33.2,24.4,11.6,21.0,52.2
2027,,1601–1800,University of Karachi,Pakistan,24.2–27.1,15.5,13.3,37.3,27.4,46.0
2027,,1601–1800,University of La Rochelle,France,24.2–27.1,18.9,13.8,35.9,32.6,65.2
2027,,1601–1800,University of Lodz,Poland,24.2–27.1,21.7,21.2,34.3,25.1,36.4
2027,,1601–1800,University of Macerata (UNIMC),Italy,24.2–27.1,16.3,20.5,33.7,25.4,30.7
2027,,1601–1800,University of Mataram,Indonesia,24.2–27.1,16.1,9.8,54.4,18.7,31.9
2027,,1601–1800,University of Moratuwa,Sri Lanka,24.2–27.1,13.3,17.5,42.9,42.9,26.7
2027,,1601–1800,University of Nairobi,Kenya,24.2–27.1,16.0,14.4,40.4,22.5,48.2
2027,,1601–1800,University of Northampton,United Kingdom,24.2–27.1,16.4,12.9,36.5,18.5,79.5
2027,,1601–1800,University of Novi Sad,Serbia,24.2–27.1,20.6,14.4,36.1,56.6,38.1
2027,,1601–1800,University of Ostrava,Czechia,24.2–27.1,21.0,19.7,32.8,21.2,49.9
2027,,1601–1800,University of Pannonia,Hungary,24.2–27.1,25.5,19.5,32.9,29.2,36.1
2027,,1601–1800,University of Pardubice,Czechia,24.2–27.1,21.5,21.3,26.1,34.2,40.5
2027,,1601–1800,University of Pau and Pays de l’Adour,France,24.2–27.1,24.8,13.2,23.6,32.1,73.4
2027,,1601–1800,University of Primorska,Slovenia,24.2–27.1,20.9,19.5,31.1,23.1,61.1
2027,,1601–1800,University of Qom,Iran,24.2–27.1,30.7,14.5,21.9,26.1,53.6
2027,,1601–1800,University of Rijeka,Croatia,24.2–27.1,22.3,20.9,32.1,33.2,31.4
2027,,1601–1800,"University of Santiago, Chile (USACH)",Chile,24.2–27.1,18.8,18.4,31.5,28.7,47.6
2027,,1601–1800,University of Santo Tomas,Philippines,24.2–27.1,24.6,11.7,31.6,20.7,59.4
2027,,1601–1800,University of Silesia in Katowice,Poland,24.2–27.1,26.5,17.9,32.1,27.8,33.5
2027,,1601–1800,University of Sistan and Baluchestan,Iran,24.2–27.1,29.2,15.1,31.3,21.0,24.5
2027,,1601–1800,University of Sousse,Tunisia,24.2–27.1,27.7,12.4,31.8,25.4,39.7
2027,,1601–1800,University of Szczecin,Poland,24.2–27.1,23.5,24.2,29.7,33.5,32.2
2027,,1601–1800,University of Talca,Chile,24.2–27.1,20.1,16.4,36.7,35.3,50.7
2027,,1601–1800,University of Texas Rio Grande Valley,United States,24.2–27.1,18.0,15.2,43.8,24.9,42.0
2027,,1601–1800,"University of the Andes, Chile",Chile,24.2–27.1,22.9,18.4,32.6,25.3,46.3
2027,,1601–1800,"University of the North, Colombia",Colombia,24.2–27.1,19.0,18.1,31.4,27.3,46.9
2027,,1601–1800,University of the Ryukyus,Japan,24.2–27.1,25.9,16.0,33.1,42.8,36.8
2027,,1601–1800,University of Tunis,Tunisia,24.2–27.1,33.7,12.0,26.5,27.7,37.7
2027,,1601–1800,University of Warmia and Mazury in Olsztyn,Poland,24.2–27.1,17.6,17.0,43.3,28.9,25.0
2027,,1601–1800,University of West Attica,Greece,24.2–27.1,11.4,14.7,49.2,32.8,25.3
2027,,1601–1800,University of Western Macedonia,Greece,24.2–27.1,11.4,14.0,54.5,30.5,27.4
2027,,1601–1800,University of Worcester,United Kingdom,24.2–27.1,16.9,14.5,37.4,23.1,57.3
2027,,1601–1800,University of Zimbabwe,Zimbabwe,24.2–27.1,15.0,13.3,41.6,20.9,49.4
2027,,1601–1800,Van Yüzüncü Yil University,Turkey,24.2–27.1,25.9,20.9,26.0,27.4,23.2
2027,,1601–1800,Warsaw University of Life Sciences – SGGW,Poland,24.2–27.1,20.4,15.3,42.5,33.3,31.8
2027,,1601–1800,Wrocław University of Environmental and Life Sciences,Poland,24.2–27.1,24.9,15.6,37.1,35.2,32.9
2027,,1601–1800,Yamagata University,Japan,24.2–27.1,27.9,16.8,28.7,71.0,31.5
2027,,1601–1800,Yamaguchi University,Japan,24.2–27.1,27.6,16.4,23.4,58.7,32.3
2027,,1801–2000,Acharya Nagarjuna University,India,20.4–24.1,45.0,10.2,11.2,25.3,30.6
2027,,1801–2000,Adana Alparslan Türkeş Science and Technology University,Turkey,20.4–24.1,16.0,13.4,37.5,17.4,24.4
2027,,1801–2000,Adelphi University,United States,20.4–24.1,25.0,12.7,29.9,18.5,35.0
2027,,1801–2000,Akita University,Japan,20.4–24.1,25.7,15.1,21.8,42.0,30.5
2027,,1801–2000,Alanya Alaaddin Keykubat University,Turkey,20.4–24.1,22.5,14.2,22.8,20.9,27.2
2027,,1801–2000,Alberto Hurtado University,Chile,20.4–24.1,14.8,22.2,26.7,15.8,36.9
2027,,1801–2000,Alexandru Ioan Cuza University,Romania,20.4–24.1,22.7,13.0,29.3,35.6,39.6
2027,,1801–2000,Almazov National Medical Research Centre,Russian Federation,20.4–24.1,36.1,16.3,12.7,29.4,22.8
2027,,1801–2000,Al-Muthanna University,Iraq,20.4–24.1,22.0,9.5,29.3,17.0,35.5
2027,,1801–2000,Al-Nahrain University,Iraq,20.4–24.1,29.8,11.0,29.4,20.9,25.9
2027,,1801–2000,Altai State University,Russian Federation,20.4–24.1,23.0,18.3,15.1,24.1,63.8
2027,,1801–2000,Altınbaş University,Turkey,20.4–24.1,20.4,13.8,29.6,23.9,54.2
2027,,1801–2000,Ankara Yildirim Beyazit University,Turkey,20.4–24.1,19.6,15.2,29.2,22.0,30.9
2027,,1801–2000,Antonio Nariño University,Colombia,20.4–24.1,19.5,9.9,27.1,17.2,51.7
2027,,1801–2000,Artvin Çoruh University,Turkey,20.4–24.1,13.5,13.9,38.7,16.8,23.2
2027,,1801–2000,Atılım University,Turkey,20.4–24.1,17.7,13.8,33.3,26.9,51.7
2027,,1801–2000,Atma Jaya Catholic University of Indonesia,Indonesia,20.4–24.1,16.2,15.0,25.5,25.7,47.6
2027,,1801–2000,Aydın Adnan Menderes University,Turkey,20.4–24.1,26.3,22.6,24.1,19.7,23.6
2027,,1801–2000,Azerbaijan State Oil and Industry University,Azerbaijan,20.4–24.1,35.8,10.7,10.3,26.9,58.4
2027,,1801–2000,Bashkir State Medical University,Russian Federation,20.4–24.1,27.4,12.4,22.6,20.5,48.6
2027,,1801–2000,Bharati Vidyapeeth University,India,20.4–24.1,28.5,13.1,28.7,36.9,21.8
2027,,1801–2000,Bialystok University of Technology,Poland,20.4–24.1,22.1,18.6,23.2,25.6,27.8
2027,,1801–2000,Bilecik Şeyh Edebali University,Turkey,20.4–24.1,15.9,12.2,33.8,20.8,37.9
2027,,1801–2000,Bolu Abant Izzet Baysal University,Turkey,20.4–24.1,17.0,11.4,29.2,19.2,39.4
2027,,1801–2000,Bursa Uludağ University,Turkey,20.4–24.1,20.3,12.3,29.9,26.6,29.8
2027,,1801–2000,Cardinal Stefan Wyszyński University in Warsaw,Poland,20.4–24.1,19.6,25.7,25.0,18.3,29.2
2027,,1801–2000,Changwon National University,South Korea,20.4–24.1,25.2,17.8,26.6,34.5,28.1
2027,,1801–2000,Czestochowa University of Technology (CUT),Poland,20.4–24.1,22.9,11.7,26.4,21.2,40.9
2027,,1801–2000,Dalian University,China,20.4–24.1,16.2,16.9,23.5,51.3,27.4
2027,,1801–2000,Damghan University,Iran,20.4–24.1,17.0,12.9,37.0,20.9,38.2
2027,,1801–2000,De La Salle University,Philippines,20.4–24.1,17.9,15.3,30.9,24.7,29.6
2027,,1801–2000,Dnipro University of Technology,Ukraine,20.4–24.1,16.4,9.7,44.8,18.9,29.1
2027,,1801–2000,East West University,Bangladesh,20.4–24.1,11.4,11.1,42.3,19.1,31.6
2027,,1801–2000,El Bosque University,Colombia,20.4–24.1,23.5,10.1,23.3,17.7,40.0
2027,,1801–2000,Escuela Politécnica Nacional,Ecuador,20.4–24.1,20.8,11.6,27.2,24.4,43.2
2027,,1801–2000,Far Eastern Federal University,Russian Federation,20.4–24.1,26.0,16.7,15.1,30.7,60.6
2027,,1801–2000,Federal University of Mato Grosso do Sul,Brazil,20.4–24.1,24.1,16.1,23.7,36.6,32.8
2027,,1801–2000,Federal University of Pará,Brazil,20.4–24.1,23.8,14.6,24.0,28.9,27.0
2027,,1801–2000,Federal University of Paraí­ba (UFPB),Brazil,20.4–24.1,24.9,13.6,26.2,21.6,26.9
2027,,1801–2000,Federal University of Pelotas,Brazil,20.4–24.1,22.1,16.3,30.6,26.2,27.9
2027,,1801–2000,"Federal University of Technology, Owerri",Nigeria,20.4–24.1,20.0,9.3,28.0,27.2,39.6
2027,,1801–2000,Finis Terrae University,Chile,20.4–24.1,13.7,12.8,34.9,17.0,46.6
2027,,1801–2000,Grigore T. Popa University of Medicine and Pharmacy Iasi,Romania,20.4–24.1,25.1,12.1,27.6,23.6,41.6
2027,,1801–2000,Gümüşhane University,Turkey,20.4–24.1,13.0,19.5,28.5,21.7,32.9
2027,,1801–2000,Harran University,Turkey,20.4–24.1,15.0,12.6,42.2,19.3,25.1
2027,,1801–2000,Hasanuddin University,Indonesia,20.4–24.1,23.2,12.2,29.5,28.2,40.8
2027,,1801–2000,Ibero-American University,Mexico,20.4–24.1,25.1,10.5,21.3,20.0,50.3
2027,,1801–2000,Ionian University,Greece,20.4–24.1,16.2,12.5,30.8,23.9,23.9
2027,,1801–2000,Islamic Science University of Malaysia (USIM),Malaysia,20.4–24.1,22.0,12.4,24.9,17.1,41.3
2027,,1801–2000,Islamic University of Indonesia,Indonesia,20.4–24.1,14.6,14.8,28.8,17.9,36.7
2027,,1801–2000,Istanbul Bilgi University,Turkey,20.4–24.1,16.4,13.1,36.2,17.1,42.5
2027,,1801–2000,Istanbul Okan University,Turkey,20.4–24.1,18.6,10.6,32.1,17.8,58.9
2027,,1801–2000,iYunivesithi Walter Sisulu,South Africa,20.4–24.1,14.1,13.0,29.5,26.5,37.5
2027,,1801–2000,Kathmandu University,Nepal,20.4–24.1,11.4,14.6,38.8,17.6,48.9
2027,,1801–2000,Kazan State Medical University,Russian Federation,20.4–24.1,38.6,13.3,10.7,20.3,45.0
2027,,1801–2000,Kenyatta University,Kenya,20.4–24.1,13.8,10.3,32.7,17.3,54.9
2027,,1801–2000,Kharkiv Aviation Institute,Ukraine,20.4–24.1,27.6,25.4,17.8,18.7,32.0
2027,,1801–2000,Khyber Medical University,Pakistan,20.4–24.1,17.8,11.4,33.7,19.4,50.1
2027,,1801–2000,Kırşehir Ahi Evran University,Turkey,20.4–24.1,14.0,12.9,30.9,20.7,36.0
2027,,1801–2000,Kocaeli University,Turkey,20.4–24.1,16.2,14.1,34.3,30.7,28.9
2027,,1801–2000,Kochi University,Japan,20.4–24.1,24.7,14.5,20.5,43.4,26.8
2027,,1801–2000,Kochi University of Technology,Japan,20.4–24.1,20.4,16.9,20.1,52.8,42.4
2027,,1801–2000,Konya Technical University,Turkey,20.4–24.1,19.6,11.7,36.8,17.7,26.2
2027,,1801–2000,Kurukshetra University,India,20.4–24.1,23.3,13.2,32.8,24.8,20.3
2027,,1801–2000,Kyiv National University of Construction and Architecture,Ukraine,20.4–24.1,24.1,10.8,30.4,19.1,32.5
2027,,1801–2000,Ladoke Akintola University of Technology,Nigeria,20.4–24.1,13.7,12.4,39.3,24.4,38.4
2027,,1801–2000,Lagos State University,Nigeria,20.4–24.1,17.8,12.7,34.2,18.4,45.8
2027,,1801–2000,Larbi Tebessi University,Algeria,20.4–24.1,18.4,9.6,32.5,17.1,31.0
2027,,1801–2000,Lobachevsky State University of Nizhni Novgorod,Russian Federation,20.4–24.1,30.3,13.8,12.5,35.0,35.4
2027,,1801–2000,Londrina State University,Brazil,20.4–24.1,31.7,14.0,19.7,26.3,26.4
2027,,1801–2000,Lublin University of Technology,Poland,20.4–24.1,23.1,14.3,29.3,29.1,40.2
2027,,1801–2000,Lviv Polytechnic National University,Ukraine,20.4–24.1,18.8,13.5,28.0,25.2,28.7
2027,,1801–2000,Malatya Turgut Ozal University,Turkey,20.4–24.1,21.0,14.3,28.5,16.6,21.5
2027,,1801–2000,Mapua University,Philippines,20.4–24.1,13.6,18.5,38.8,22.7,22.9
2027,,1801–2000,Matej Bel University,Slovakia,20.4–24.1,18.3,18.5,18.2,22.3,45.3
2027,,1801–2000,Mersin University,Turkey,20.4–24.1,20.5,11.8,32.0,21.8,29.5
2027,,1801–2000,Military Institute of Science and Technology (MIST),Bangladesh,20.4–24.1,14.4,9.9,42.3,19.3,24.9
2027,,1801–2000,Ming Chuan University,Taiwan,20.4–24.1,13.4,16.4,28.1,39.2,38.1
2027,,1801–2000,Misr University for Science and Technology,Egypt,20.4–24.1,16.5,10.0,40.3,17.4,44.7
2027,,1801–2000,Moscow Aviation Institute,Russian Federation,20.4–24.1,31.6,16.3,17.5,53.1,31.3
2027,,1801–2000,Moscow Polytechnic University,Russian Federation,20.4–24.1,17.1,13.5,30.7,27.7,27.9
2027,,1801–2000,Moscow Power Engineering Institute,Russian Federation,20.4–24.1,22.6,16.4,20.3,55.4,39.9
2027,,1801–2000,Muroran Institute of Technology,Japan,20.4–24.1,18.9,12.4,25.5,45.2,43.0
2027,,1801–2000,Mustansiriyah University,Iraq,20.4–24.1,26.7,11.6,20.6,24.1,36.2
2027,,1801–2000,Naresuan University,Thailand,20.4–24.1,21.0,13.7,20.6,46.2,30.3
2027,,1801–2000,National Chi Nan University,Taiwan,20.4–24.1,21.1,18.8,15.5,68.0,32.1
2027,,1801–2000,National Pingtung University of Science and Technology,Taiwan,20.4–24.1,16.8,16.5,23.0,46.2,30.8
2027,,1801–2000,National Taipei University,Taiwan,20.4–24.1,18.8,18.7,20.7,45.5,33.7
2027,,1801–2000,National University “Kyiv Aviation Institute”,Ukraine,20.4–24.1,23.6,10.7,26.5,17.0,23.7
2027,,1801–2000,National University of La Plata,Argentina,20.4–24.1,23.6,14.2,22.9,27.2,63.3
2027,,1801–2000,National University of San Martín,Argentina,20.4–24.1,20.0,12.7,30.8,26.8,45.2
2027,,1801–2000,NED University of Engineering and Technology,Pakistan,20.4–24.1,14.1,14.6,25.6,50.2,48.5
2027,,1801–2000,Nevşehir Hacı Bektaş Veli University,Turkey,20.4–24.1,13.4,12.0,41.2,17.1,23.5
2027,,1801–2000,Niğde Ömer Halisdemir University,Turkey,20.4–24.1,17.4,11.7,32.1,20.9,30.4
2027,,1801–2000,Nile University,Egypt,20.4–24.1,13.8,13.8,34.5,34.8,31.1
2027,,1801–2000,October University for Modern Sciences and Arts (MSA),Egypt,20.4–24.1,21.3,10.3,38.5,17.2,28.6
2027,,1801–2000,Oita University,Japan,20.4–24.1,25.4,13.5,23.3,35.0,23.5
2027,,1801–2000,Olabisi Onabanjo University,Nigeria,20.4–24.1,20.1,12.2,33.5,27.1,37.1
2027,,1801–2000,Pavlov First Saint Petersburg State Medical University,Russian Federation,20.4–24.1,31.2,13.7,12.2,30.8,30.7
2027,,1801–2000,Pázmány Péter Catholic University,Hungary,20.4–24.1,22.7,13.2,31.2,23.4,36.3
2027,,1801–2000,Plekhanov Russian University of Economics,Russian Federation,20.4–24.1,27.0,13.7,19.1,23.9,48.7
2027,,1801–2000,Polytechnic University of Timişoara,Romania,20.4–24.1,17.5,12.1,37.8,33.3,24.4
2027,,1801–2000,Pontificia Universidad Javeriana,Colombia,20.4–24.1,23.6,14.4,29.3,27.1,40.7
2027,,1801–2000,PSG College of Technology,India,20.4–24.1,20.0,12.2,27.0,39.8,18.1
2027,,1801–2000,REVA University,India,20.4–24.1,17.2,10.5,40.5,19.3,24.5
2027,,1801–2000,Russian Presidential Academy of National Economy and Public Administration,Russian Federation,20.4–24.1,24.8,25.7,20.4,30.7,25.5
2027,,1801–2000,Russian State Agrarian University – Moscow Timiryazev Agricultural Academy,Russian Federation,20.4–24.1,28.9,13.5,12.9,42.1,38.5
2027,,1801–2000,R V College of Engineering,India,20.4–24.1,19.5,14.1,27.3,32.0,16.9
2027,,1801–2000,Saints Cyril and Methodius University in Skopje,North Macedonia,20.4–24.1,23.5,11.2,26.9,31.1,39.4
2027,,1801–2000,Saitama University,Japan,20.4–24.1,21.4,17.6,21.3,56.0,37.9
2027,,1801–2000,Samara State Medical University,Russian Federation,20.4–24.1,42.6,13.5,6.5,48.4,34.6
2027,,1801–2000,San Sebastián University,Chile,20.4–24.1,13.3,11.5,29.6,18.4,47.1
2027,,1801–2000,Sari Agricultural Sciences and Natural Resources University (SANRU),Iran,20.4–24.1,29.7,10.3,29.7,19.4,26.3
2027,,1801–2000,Shahed University,Iran,20.4–24.1,25.9,15.4,26.2,31.9,20.9
2027,,1801–2000,Shizuoka University,Japan,20.4–24.1,20.0,17.4,18.2,65.5,34.1
2027,,1801–2000,Silpakorn University,Thailand,20.4–24.1,20.4,17.4,23.9,45.5,35.0
2027,,1801–2000,Sinop University,Turkey,20.4–24.1,11.1,14.9,37.3,17.9,30.3
2027,,1801–2000,Sivas Cumhuriyet University,Turkey,20.4–24.1,15.7,11.5,35.1,19.0,35.7
2027,,1801–2000,"Soochow University, Taiwan",Taiwan,20.4–24.1,14.6,16.3,26.1,27.7,33.6
2027,,1801–2000,Southern Technical University,Iraq,20.4–24.1,12.1,8.1,38.1,16.0,35.0
2027,,1801–2000,Sri Balaji Vidyapeeth,India,20.4–24.1,42.4,11.3,15.2,22.4,26.0
2027,,1801–2000,Srinakharinwirot University,Thailand,20.4–24.1,22.9,14.2,25.3,20.9,24.2
2027,,1801–2000,Sri Ramachandra Institute of Higher Education and Research,India,20.4–24.1,28.1,15.2,19.3,28.0,28.9
2027,,1801–2000,Sri Venkateswara University,India,20.4–24.1,36.9,11.8,20.2,25.5,25.9
2027,,1801–2000,State Islamic University of Sunan Gunung Djati Bandung,Indonesia,20.4–24.1,14.1,10.7,43.8,16.0,20.0
2027,,1801–2000,St Petersburg Electrotechnical University (LETI),Russian Federation,20.4–24.1,22.4,16.1,19.9,37.1,39.2
2027,,1801–2000,Tafila Technical University,Jordan,20.4–24.1,13.5,11.8,41.0,23.1,45.7
2027,,1801–2000,Taras Shevchenko National University of Kyiv,Ukraine,20.4–24.1,28.2,17.2,22.4,30.8,28.9
2027,,1801–2000,Technical University of Liberec,Czechia,20.4–24.1,25.3,17.2,20.9,33.1,48.0
2027,,1801–2000,Technical University of Sofia,Bulgaria,20.4–24.1,22.7,14.0,24.7,38.0,24.1
2027,,1801–2000,Teerthanker Mahaveer University,India,20.4–24.1,17.3,10.8,40.2,16.4,20.8
2027,,1801–2000,Teikyo University,Japan,20.4–24.1,15.3,15.8,32.6,42.6,27.8
2027,,1801–2000,Tokat Gaziosmanpaşa University,Turkey,20.4–24.1,19.4,11.2,37.5,24.6,34.7
2027,,1801–2000,Tribhuvan University,Nepal,20.4–24.1,16.5,9.2,41.3,18.5,43.1
2027,,1801–2000,Tshwane University of Technology,South Africa,20.4–24.1,16.5,16.7,30.6,33.2,38.0
2027,,1801–2000,Udayana University,Indonesia,20.4–24.1,13.0,12.2,35.5,21.5,37.4
2027,,1801–2000,Universidad Andrés Bello (UNAB),Chile,20.4–24.1,15.3,13.2,36.7,25.0,50.7
2027,,1801–2000,Universidad Autónoma Metropolitana,Mexico,20.4–24.1,22.3,26.9,19.3,31.2,27.3
2027,,1801–2000,Universidad Católica de la Santísima Concepción,Chile,20.4–24.1,14.0,22.5,28.4,17.8,46.8
2027,,1801–2000,Universidad Católica del Maule,Chile,20.4–24.1,14.6,16.9,24.1,17.9,52.5
2027,,1801–2000,Universidade do Estado do Rio de Janeiro (UERJ),Brazil,20.4–24.1,32.7,13.7,24.3,22.4,29.8
2027,,1801–2000,Universidade Estadual de Maringá,Brazil,20.4–24.1,28.5,15.0,17.5,28.3,24.1
2027,,1801–2000,Universidade Estadual de Ponta Grossa,Brazil,20.4–24.1,26.5,21.3,15.8,22.1,28.9
2027,,1801–2000,Universidade Estadual do Norte Fluminense Darcy Ribeiro,Brazil,20.4–24.1,27.4,14.1,20.9,23.8,35.8
2027,,1801–2000,Universidad Mayor,Chile,20.4–24.1,19.3,10.2,33.7,17.8,47.0
2027,,1801–2000,Universidad Tecnológica Metropolitana,Chile,20.4–24.1,13.4,12.9,28.1,20.3,56.7
2027,,1801–2000,Universitas Andalas,Indonesia,20.4–24.1,15.1,16.5,24.7,46.5,47.1
2027,,1801–2000,Universitas Muhammadiyah Yogyakarta,Indonesia,20.4–24.1,15.7,14.2,33.1,18.3,56.3
2027,,1801–2000,Universitas Negeri Padang,Indonesia,20.4–24.1,15.3,10.3,34.3,16.7,44.3
2027,,1801–2000,Universitas Negeri Semarang,Indonesia,20.4–24.1,15.1,12.5,41.5,17.4,37.8
2027,,1801–2000,Universitas Negeri Yogyakarta,Indonesia,20.4–24.1,22.4,14.3,28.6,24.4,36.2
2027,,1801–2000,Universitas Pelita Harapan,Indonesia,20.4–24.1,21.1,12.4,27.4,21.5,22.4
2027,,1801–2000,Universitas Pendidikan Indonesia,Indonesia,20.4–24.1,21.5,14.1,33.8,20.2,31.5
2027,,1801–2000,Universitas Sumatera Utara,Indonesia,20.4–24.1,20.2,12.8,26.0,21.2,42.5
2027,,1801–2000,Université 8 Mai 1945 Guelma,Algeria,20.4–24.1,18.9,9.8,35.0,20.2,35.1
2027,,1801–2000,Université de Gabès,Tunisia,20.4–24.1,18.9,13.5,34.8,21.9,42.3
2027,,1801–2000,Université Hassan 1er,Morocco,20.4–24.1,18.8,10.9,31.2,17.9,22.1
2027,,1801–2000,Université Kasdi Merbah Ouargla,Algeria,20.4–24.1,23.2,9.6,25.0,18.0,35.1
2027,,1801–2000,Universiti Kuala Lumpur,Malaysia,20.4–24.1,23.1,11.7,23.8,29.9,40.1
2027,,1801–2000,University of Al-Qadisiyah,Iraq,20.4–24.1,19.3,9.2,36.1,16.5,29.0
2027,,1801–2000,University of Babylon,Iraq,20.4–24.1,29.5,10.6,29.1,19.9,22.5
2027,,1801–2000,University of Biskra,Algeria,20.4–24.1,25.2,9.8,28.5,18.2,36.9
2027,,1801–2000,University of Calabar,Nigeria,20.4–24.1,21.9,13.8,29.5,24.2,38.2
2027,,1801–2000,University of Costa Rica,Costa Rica,20.4–24.1,21.8,12.0,30.6,23.2,43.5
2027,,1801–2000,University of Craiova,Romania,20.4–24.1,22.3,13.3,30.5,26.0,25.4
2027,,1801–2000,University of Dar es Salaam,Tanzania,20.4–24.1,17.0,13.0,30.9,23.1,41.8
2027,,1801–2000,University of Energy and Natural Resources,Ghana,20.4–24.1,10.5,14.9,39.0,21.2,38.5
2027,,1801–2000,University of Fukui,Japan,20.4–24.1,27.4,14.1,20.4,42.5,27.0
2027,,1801–2000,University of Gafsa,Tunisia,20.4–24.1,16.0,10.4,29.7,17.5,43.3
2027,,1801–2000,University of Hormozgan,Iran,20.4–24.1,18.5,17.1,32.5,20.8,29.5
2027,,1801–2000,University of Kairouan,Tunisia,20.4–24.1,19.8,10.0,29.3,17.7,40.2
2027,,1801–2000,University of Kelaniya,Sri Lanka,20.4–24.1,16.2,9.9,41.8,20.4,29.0
2027,,1801–2000,University of Kufa,Iraq,20.4–24.1,24.8,10.7,34.1,16.9,23.2
2027,,1801–2000,University of Leiria and Oeste,Portugal,20.4–24.1,18.1,15.6,32.9,35.0,31.8
2027,,1801–2000,University of Life Sciences in Lublin,Poland,20.4–24.1,22.4,15.0,32.6,23.1,24.7
2027,,1801–2000,University of Lucknow,India,20.4–24.1,30.2,12.0,26.1,19.2,27.5
2027,,1801–2000,University of Mascara,Algeria,20.4–24.1,19.2,9.4,27.7,17.0,41.1
2027,,1801–2000,University of Medellín,Colombia,20.4–24.1,23.3,11.1,23.5,24.6,42.6
2027,,1801–2000,University of Miskolc,Hungary,20.4–24.1,24.6,16.4,27.2,26.5,32.9
2027,,1801–2000,University of Miyazaki,Japan,20.4–24.1,27.7,14.3,24.2,46.5,25.4
2027,,1801–2000,University of Montenegro,Montenegro,20.4–24.1,14.5,15.2,26.5,28.3,45.7
2027,,1801–2000,University of Namibia,Namibia,20.4–24.1,15.1,10.4,28.3,17.4,59.2
2027,,1801–2000,University of Oradea,Romania,20.4–24.1,15.8,15.9,36.0,20.5,35.0
2027,,1801–2000,University of Passo Fundo (UPF),Brazil,20.4–24.1,19.4,15.8,29.3,21.1,28.0
2027,,1801–2000,University of Phayao,Thailand,20.4–24.1,13.2,12.9,40.9,28.3,23.7
2027,,1801–2000,University of Rwanda,Rwanda,20.4–24.1,14.2,17.5,31.6,22.3,56.7
2027,,1801–2000,University of Rzeszów,Poland,20.4–24.1,23.4,15.7,29.0,21.4,28.0
2027,,1801–2000,University of Sarajevo,Bosnia and Herzegovina,20.4–24.1,22.4,13.5,27.1,30.7,28.3
2027,,1801–2000,University of Sri Jayewardenepura,Sri Lanka,20.4–24.1,12.3,11.5,38.8,20.1,35.2
2027,,1801–2000,University of the Peloponnese,Greece,20.4–24.1,14.8,17.4,35.2,34.0,27.6
2027,,1801–2000,University of Valparaíso,Chile,20.4–24.1,17.3,14.9,23.9,20.4,44.7
2027,,1801–2000,University of Venda,South Africa,20.4–24.1,20.1,15.8,23.0,20.6,41.0
2027,,1801–2000,University of West Bohemia,Czechia,20.4–24.1,21.0,20.3,23.3,40.9,37.6
2027,,1801–2000,University of Yamanashi,Japan,20.4–24.1,28.3,14.7,22.6,47.6,30.0
2027,,1801–2000,University of Zadar,Croatia,20.4–24.1,27.1,18.3,20.2,17.7,23.0
2027,,1801–2000,University of Zambia,Zambia,20.4–24.1,16.7,13.3,30.8,43.4,54.6
2027,,1801–2000,Vaal University of Technology,South Africa,20.4–24.1,12.9,12.1,32.0,19.9,44.2
2027,,1801–2000,"Vels Institute of Science, Technology and Advanced Studies (VISTAS)",India,20.4–24.1,23.4,12.1,33.4,21.6,22.3
2027,,1801–2000,Vietnam National University (Ho Chi Minh City),Vietnam,20.4–24.1,14.4,13.4,33.1,36.8,29.6
2027,,1801–2000,"Vignan’s Foundation for Science, Technology and Research",India,20.4–24.1,22.5,10.5,32.3,22.6,26.2
2027,,1801–2000,V.N. Karazin Kharkiv National University,Ukraine,20.4–24.1,27.0,13.3,12.3,33.8,47.5
2027,,1801–2000,Wasit University,Iraq,20.4–24.1,21.5,9.2,35.9,16.1,26.4
2027,,1801–2000,Wroclaw University of Economics and Business,Poland,20.4–24.1,22.5,11.6,35.5,22.9,27.3
2027,,1801–2000,Yozgat Bozok University,Turkey,20.4–24.1,16.6,12.2,30.7,21.0,31.8
2027,,1801–2000,Zonguldak Bülent Ecevit University,Turkey,20.4–24.1,15.5,14.1,35.4,21.1,28.5
2027,,2001+,Abai Kazakh National Pedagogical University,Kazakhstan,12.2–20.3,20.9,10.8,17.4,15.8,39.7
2027,,2001+,Adıyaman University,Turkey,12.2–20.3,14.4,12.5,32.1,16.9,25.2
2027,,2001+,Afyonkarahisar Health Sciences University,Turkey,12.2–20.3,32.3,10.8,14.8,20.6,20.4
2027,,2001+,Afyon Kocatepe University,Turkey,12.2–20.3,14.2,12.1,29.0,23.5,28.7
2027,,2001+,Aksaray University,Turkey,12.2–20.3,13.1,11.3,31.2,19.1,23.7
2027,,2001+,Al-Furat Al-Awsat Technical University,Iraq,12.2–20.3,11.8,10.1,22.7,19.4,24.0
2027,,2001+,Amasya University,Turkey,12.2–20.3,15.9,12.9,22.4,22.9,19.9
2027,,2001+,Anáhuac University,Mexico,12.2–20.3,25.1,10.4,11.2,16.7,33.7
2027,,2001+,Ankara Hacı Bayram Veli University,Turkey,12.2–20.3,31.3,11.0,13.6,15.9,22.6
2027,,2001+,Aoyama Gakuin University,Japan,12.2–20.3,16.6,10.8,12.8,28.0,37.5
2027,,2001+,Arturo Prat University,Chile,12.2–20.3,13.6,15.6,17.9,20.9,51.5
2027,,2001+,Autonomous University of Baja California,Mexico,12.2–20.3,14.2,10.7,15.5,18.5,35.9
2027,,2001+,Autonomous University of Chiapas,Mexico,12.2–20.3,13.2,9.3,14.5,15.9,36.4
2027,,2001+,Autonomous University of Guerrero (UAGro),Mexico,12.2–20.3,13.8,8.8,10.5,17.4,29.2
2027,,2001+,Azerbaijan Medical University,Azerbaijan,12.2–20.3,25.4,10.0,5.4,16.2,50.0
2027,,2001+,Azerbaijan Technical University (AzTU),Azerbaijan,12.2–20.3,26.4,9.1,6.0,25.6,46.3
2027,,2001+,Bakırçay University,Turkey,12.2–20.3,14.4,13.4,30.5,16.2,24.8
2027,,2001+,Balıkesir University,Turkey,12.2–20.3,14.6,11.8,21.4,22.7,24.7
2027,,2001+,Başkent University,Turkey,12.2–20.3,20.7,14.2,23.3,27.2,22.5
2027,,2001+,Bayburt University,Turkey,12.2–20.3,10.5,11.2,27.6,16.6,23.4
2027,,2001+,Belarusian State Medical University,Belarus,12.2–20.3,25.4,10.1,4.0,16.9,43.9
2027,,2001+,Belarusian State University,Belarus,12.2–20.3,24.0,11.7,9.6,44.5,63.5
2027,,2001+,Belgorod State National Research University,Russian Federation,12.2–20.3,22.2,16.7,10.6,34.1,41.1
2027,,2001+,Benemérita Universidad Autónoma de Puebla,Mexico,12.2–20.3,20.3,11.8,14.2,21.5,34.5
2027,,2001+,Bernardo O’Higgins University,Chile,12.2–20.3,15.1,12.4,13.7,22.9,50.1
2027,,2001+,Beykent University,Turkey,12.2–20.3,14.2,9.5,23.8,17.7,26.3
2027,,2001+,Bharath Institute of Higher Education and Research,India,12.2–20.3,20.9,8.7,28.9,17.5,26.4
2027,,2001+,Blida 1 University,Algeria,12.2–20.3,17.6,9.6,18.4,18.8,32.9
2027,,2001+,Bogomolets National Medical University,Ukraine,12.2–20.3,26.0,11.4,10.1,17.7,21.9
2027,,2001+,Burapha University,Thailand,12.2–20.3,17.2,11.8,16.3,20.5,30.0
2027,,2001+,Burdur Mehmet Akif Ersoy University,Turkey,12.2–20.3,14.5,12.1,32.3,19.7,23.2
2027,,2001+,Bursa Technical University,Turkey,12.2–20.3,15.3,10.5,24.4,24.3,33.9
2027,,2001+,Çanakkale Onsekiz Mart University,Turkey,12.2–20.3,14.3,11.8,24.2,21.0,24.6
2027,,2001+,Çankırı Karatekin University,Turkey,12.2–20.3,14.4,12.6,28.8,17.0,29.5
2027,,2001+,Can Tho University,Vietnam,12.2–20.3,11.6,13.1,24.4,21.7,37.7
2027,,2001+,Catholic University of Brasília,Brazil,12.2–20.3,11.0,13.3,15.2,22.5,37.1
2027,,2001+,Ceará State University,Brazil,12.2–20.3,34.9,13.6,11.1,19.8,22.1
2027,,2001+,Centro Federal de Educação Tecnológica Celso Suckow da Fonseca (CEFET-RJ),Brazil,12.2–20.3,15.2,8.8,24.2,18.4,38.6
2027,,2001+,CES University,Colombia,12.2–20.3,21.9,10.7,13.4,16.7,39.1
2027,,2001+,Chelyabinsk State University,Russian Federation,12.2–20.3,12.1,12.0,9.0,18.6,26.1
2027,,2001+,Chiba Institute of Technology,Japan,12.2–20.3,15.0,10.1,16.8,34.7,21.2
2027,,2001+,Chinese Culture University,Taiwan,12.2–20.3,16.0,13.7,18.6,33.3,30.7
2027,,2001+,Chubu University,Japan,12.2–20.3,16.2,12.5,16.4,37.8,34.9
2027,,2001+,Chuo University,Japan,12.2–20.3,17.1,12.3,16.4,36.1,32.5
2027,,2001+,Civil Aviation University of China,China,12.2–20.3,14.4,12.7,24.0,55.5,17.8
2027,,2001+,Deen Dayal Upadhyaya Gorakhpur University,India,12.2–20.3,27.4,9.9,19.0,17.1,25.1
2027,,2001+,"Delta State University, Abraka",Nigeria,12.2–20.3,16.2,11.0,18.2,16.3,27.0
2027,,2001+,Dicle University,Turkey,12.2–20.3,18.9,10.5,24.1,19.9,21.9
2027,,2001+,Don State Technical University,Russian Federation,12.2–20.3,20.0,12.3,13.8,25.1,29.7
2027,,2001+,Doshisha University,Japan,12.2–20.3,17.3,12.1,13.0,37.5,34.6
2027,,2001+,Dr. M.G.R. Educational and Research Institute,India,12.2–20.3,18.7,9.6,23.6,16.7,22.7
2027,,2001+,EAFIT University,Colombia,12.2–20.3,18.2,13.1,21.6,21.9,44.5
2027,,2001+,Ekiti State University,Nigeria,12.2–20.3,22.0,11.0,22.8,17.3,34.5
2027,,2001+,Erzincan Binali Yıldırım University,Turkey,12.2–20.3,13.4,10.6,34.9,18.9,26.1
2027,,2001+,Eskişehir Technical University,Turkey,12.2–20.3,20.9,12.0,25.9,22.9,24.2
2027,,2001+,Federal Rural University of Pernambuco,Brazil,12.2–20.3,26.1,12.3,20.3,24.6,25.3
2027,,2001+,"Federal University of Agriculture, Abeokuta",Nigeria,12.2–20.3,18.0,11.0,26.5,24.2,36.0
2027,,2001+,Federal University of Tocantins,Brazil,12.2–20.3,19.0,9.6,7.5,17.0,27.4
2027,,2001+,Federal University Oye-Ekiti,Nigeria,12.2–20.3,10.2,12.0,19.9,17.0,40.9
2027,,2001+,Gdynia Maritime University,Poland,12.2–20.3,24.2,13.3,16.7,55.0,22.4
2027,,2001+,Georgian Technical University,Georgia,12.2–20.3,29.2,9.7,10.4,18.2,37.5
2027,,2001+,Gheorghe Asachi Technical University of Iaşi,Romania,12.2–20.3,18.2,11.7,22.6,35.0,29.5
2027,,2001+,Giresun University,Turkey,12.2–20.3,13.3,10.9,32.0,16.5,23.5
2027,,2001+,Gubkin Russian State University of Oil and Gas,Russian Federation,12.2–20.3,21.0,11.7,8.8,45.8,23.2
2027,,2001+,Halu Oleo University,Indonesia,12.2–20.3,16.1,9.8,12.8,18.2,20.0
2027,,2001+,Hanbat National University,South Korea,12.2–20.3,22.9,14.1,18.1,47.0,26.3
2027,,2001+,Hatay Mustafa Kemal University,Turkey,12.2–20.3,13.5,11.0,26.2,17.9,22.4
2027,,2001+,Hawler Medical University,Iraq,12.2–20.3,27.4,11.3,14.2,18.0,38.9
2027,,2001+,Herzen State Pedagogical University of Russia,Russian Federation,12.2–20.3,19.3,14.4,9.6,17.6,40.1
2027,,2001+,Hitit University,Turkey,12.2–20.3,21.8,13.4,20.6,18.1,28.9
2027,,2001+,Hue University,Vietnam,12.2–20.3,14.4,10.5,19.9,17.1,39.4
2027,,2001+,Ibaraki University,Japan,12.2–20.3,18.2,14.4,15.9,44.8,26.3
2027,,2001+,Ibn Khaldoun University,Algeria,12.2–20.3,15.0,9.2,20.5,17.5,34.9
2027,,2001+,Industrial University of Ho Chi Minh City,Vietnam,12.2–20.3,16.7,10.9,24.1,17.2,51.9
2027,,2001+,Institución Universitaria ITM,Colombia,12.2–20.3,12.9,9.2,11.9,20.8,34.1
2027,,2001+,Instituto Politécnico Nacional (IPN),Mexico,12.2–20.3,23.3,13.1,17.6,25.1,27.7
2027,,2001+,Irkutsk National Research Technical University,Russian Federation,12.2–20.3,23.4,12.0,12.7,31.8,36.3
2027,,2001+,Irkutsk State University,Russian Federation,12.2–20.3,18.0,10.8,5.6,18.1,28.3
2027,,2001+,Isparta University of Applied Sciences,Turkey,12.2–20.3,21.1,10.8,22.3,16.1,27.8
2027,,2001+,Ivane Javakhishvili Tbilisi State University,Georgia,12.2–20.3,20.0,10.9,14.9,17.6,39.8
2027,,2001+,Ivan Franko National University of Lviv,Ukraine,12.2–20.3,20.7,12.4,10.6,18.6,30.5
2027,,2001+,Ivanovo State University of Chemistry and Technology,Russian Federation,12.2–20.3,12.6,11.4,7.8,24.9,24.1
2027,,2001+,İzmir Kâtip Çelebi University,Turkey,12.2–20.3,15.8,12.1,26.3,19.7,30.5
2027,,2001+,Jan Evangelista Purkyně University,Czechia,12.2–20.3,19.6,15.0,15.2,18.8,40.4
2027,,2001+,Jan Kochanowski University in Kielce,Poland,12.2–20.3,22.0,12.9,18.5,18.9,26.9
2027,,2001+,Jawaharlal Nehru Technological University Anantapur (JNTUA),India,12.2–20.3,29.3,10.8,20.1,20.4,16.9
2027,,2001+,Jawaharlal Nehru Technological University Kakinada,India,12.2–20.3,16.3,14.2,19.5,18.0,17.9
2027,,2001+,Jean Moulin University – Lyon 3,France,12.2–20.3,15.6,15.3,16.6,20.2,62.1
2027,,2001+,Jember University,Indonesia,12.2–20.3,10.8,11.5,14.6,19.8,29.3
2027,,2001+,Kanagawa University,Japan,12.2–20.3,17.3,9.2,11.3,26.8,41.0
2027,,2001+,Kansai University,Japan,12.2–20.3,16.9,13.2,15.8,34.6,35.1
2027,,2001+,Karaganda Buketov University,Kazakhstan,12.2–20.3,20.1,12.4,11.6,16.2,40.7
2027,,2001+,Kazakh-British Technical University,Kazakhstan,12.2–20.3,14.9,16.6,17.7,49.3,47.6
2027,,2001+,Kazakh National Agrarian Research University,Kazakhstan,12.2–20.3,22.6,11.0,17.3,32.3,48.6
2027,,2001+,Kazan National Research Technological University,Russian Federation,12.2–20.3,22.9,11.5,8.0,44.2,30.7
2027,,2001+,Kazan State Power Engineering University,Russian Federation,12.2–20.3,13.2,10.6,9.6,28.0,28.0
2027,,2001+,Kemerovo State University,Russian Federation,12.2–20.3,13.5,12.4,10.8,18.2,25.7
2027,,2001+,Kharkiv National University of Radio Electronics,Ukraine,12.2–20.3,21.4,10.7,19.6,19.0,26.9
2027,,2001+,Kirikkale University,Turkey,12.2–20.3,14.9,21.4,21.7,24.9,19.7
2027,,2001+,Kogakuin University,Japan,12.2–20.3,16.4,9.6,14.3,35.9,26.7
2027,,2001+,Konan University,Japan,12.2–20.3,13.8,11.7,24.3,44.1,44.5
2027,,2001+,Kütahya Dumlupınar University,Turkey,12.2–20.3,9.8,12.5,23.5,20.6,36.2
2027,,2001+,Kütahya Health Sciences University,Turkey,12.2–20.3,19.1,10.6,15.8,16.0,17.8
2027,,2001+,Kwansei Gakuin University,Japan,12.2–20.3,23.9,11.7,18.3,27.0,37.8
2027,,2001+,Kwara State University,Nigeria,12.2–20.3,17.3,12.4,25.3,16.2,41.9
2027,,2001+,Latvia University of Life Sciences and Technologies,Latvia,12.2–20.3,19.5,17.4,21.0,22.7,28.0
2027,,2001+,Mackenzie Presbyterian University,Brazil,12.2–20.3,22.3,15.7,18.6,27.8,30.8
2027,,2001+,Mahasarakham University,Thailand,12.2–20.3,22.2,10.7,24.2,18.3,31.9
2027,,2001+,Manisa Celal Bayar University,Turkey,12.2–20.3,15.5,11.6,27.0,23.1,23.3
2027,,2001+,Meiji University,Japan,12.2–20.3,15.9,12.9,13.9,32.2,31.7
2027,,2001+,Meijo University,Japan,12.2–20.3,14.4,13.0,13.1,43.6,25.2
2027,,2001+,Mendeleev University of Chemical Technology,Russian Federation,12.2–20.3,20.0,17.5,12.7,45.0,24.8
2027,,2001+,M’Hamed Bougara University of Boumerdès,Algeria,12.2–20.3,14.7,9.1,22.9,22.3,31.5
2027,,2001+,"Michael Okpara University of Agriculture, Umudike",Nigeria,12.2–20.3,20.8,9.6,24.7,17.1,40.0
2027,,2001+,Middle Technical University,Iraq,12.2–20.3,12.4,10.2,27.4,19.8,24.9
2027,,2001+,Mindanao State University – Iligan Institute of Technology,Philippines,12.2–20.3,17.1,12.8,21.1,17.8,37.2
2027,,2001+,MIREA – Russian Technological University,Russian Federation,12.2–20.3,15.4,14.0,9.4,46.8,24.4
2027,,2001+,Mugla Sitki Kocman University,Turkey,12.2–20.3,15.0,14.0,27.2,22.0,26.7
2027,,2001+,National Chiayi University,Taiwan,12.2–20.3,15.5,16.5,22.1,64.0,23.2
2027,,2001+,National Formosa University,Taiwan,12.2–20.3,14.3,14.6,10.6,47.9,20.2
2027,,2001+,National Ilan University,Taiwan,12.2–20.3,15.3,15.2,18.3,43.7,30.7
2027,,2001+,"National Pirogov Memorial Medical University, Vinnytsya",Ukraine,12.2–20.3,29.9,11.2,6.7,19.9,42.0
2027,,2001+,National Technical University Kharkiv Polytechnic Institute,Ukraine,12.2–20.3,24.8,11.0,15.0,19.4,34.8
2027,,2001+,National Technical University of Ukraine – Igor Sikorsky Kyiv Polytechnic Institute,Ukraine,12.2–20.3,26.7,13.5,17.7,24.9,22.7
2027,,2001+,National United University,Taiwan,12.2–20.3,13.3,15.0,19.6,57.2,23.1
2027,,2001+,National University of Córdoba,Argentina,12.2–20.3,20.9,11.4,22.4,20.8,37.1
2027,,2001+,National University of Costa Rica,Costa Rica,12.2–20.3,21.1,10.6,11.5,18.0,44.2
2027,,2001+,National University of Cuyo,Argentina,12.2–20.3,15.7,11.1,17.8,20.4,44.4
2027,,2001+,National University of Kaohsiung,Taiwan,12.2–20.3,12.9,18.4,13.8,37.3,30.9
2027,,2001+,National University of Life and Environmental Sciences of Ukraine,Ukraine,12.2–20.3,18.4,11.4,22.0,19.2,27.6
2027,,2001+,National University of Medical Sciences (NUMS),Pakistan,12.2–20.3,23.4,11.5,16.2,19.2,26.7
2027,,2001+,National University of Mongolia,Mongolia,12.2–20.3,14.7,10.7,18.7,22.1,52.8
2027,,2001+,National University of Quilmes,Argentina,12.2–20.3,12.6,10.1,11.5,21.5,33.4
2027,,2001+,Nihon University,Japan,12.2–20.3,14.9,11.5,19.8,43.9,25.1
2027,,2001+,Nizhny Novgorod State Technical University n.a. R.E. Alekseev,Russian Federation,12.2–20.3,19.6,10.3,5.4,43.0,28.8
2027,,2001+,North-Caucasus Federal University,Russian Federation,12.2–20.3,27.0,10.1,10.9,19.5,32.7
2027,,2001+,North-Eastern Federal University,Russian Federation,12.2–20.3,23.7,13.0,14.2,16.7,26.5
2027,,2001+,Northern Technical University,Iraq,12.2–20.3,16.2,9.5,27.3,20.7,31.7
2027,,2001+,Novosibirsk State Technical University,Russian Federation,12.2–20.3,17.8,17.9,14.5,31.8,36.0
2027,,2001+,Nueva Granada Military University,Colombia,12.2–20.3,21.0,10.0,7.3,17.0,28.2
2027,,2001+,Ogarev Mordovia State University,Russian Federation,12.2–20.3,24.8,11.2,7.6,19.5,42.6
2027,,2001+,Okayama University of Science,Japan,12.2–20.3,15.0,13.7,11.3,38.7,24.2
2027,,2001+,Oles Honchar Dnipro National University,Ukraine,12.2–20.3,22.3,10.9,9.2,17.5,21.0
2027,,2001+,O.M. Beketov National University of Urban Economy in Kharkiv,Ukraine,12.2–20.3,20.9,10.9,18.0,18.4,26.4
2027,,2001+,Oran 1 University,Algeria,12.2–20.3,24.7,9.9,14.4,19.5,34.6
2027,,2001+,Ordu University,Turkey,12.2–20.3,15.0,12.5,29.2,16.9,19.7
2027,,2001+,Osaka Institute of Technology,Japan,12.2–20.3,14.3,14.7,12.5,37.7,26.5
2027,,2001+,Ovidius University of Constanța,Romania,12.2–20.3,19.0,11.8,18.9,18.6,27.4
2027,,2001+,Pamukkale University,Turkey,12.2–20.3,14.1,12.5,21.2,26.0,21.5
2027,,2001+,Payame Noor University,Iran,12.2–20.3,8.8,11.1,24.1,24.5,23.8
2027,,2001+,Penza State University,Russian Federation,12.2–20.3,16.9,10.3,5.8,17.7,33.9
2027,,2001+,Perm State University,Russian Federation,12.2–20.3,17.8,13.1,7.2,25.4,29.7
2027,,2001+,Petrozavodsk State University,Russian Federation,12.2–20.3,18.2,14.4,12.8,40.2,30.4
2027,,2001+,Polytechnic Institute of Setúbal,Portugal,12.2–20.3,18.8,11.0,22.0,19.2,33.9
2027,,2001+,Pontifical Catholic University of Argentina,Argentina,12.2–20.3,24.5,10.1,17.3,16.5,43.7
2027,,2001+,Pontifical Catholic University of Minas Gerais,Brazil,12.2–20.3,16.3,12.8,15.2,19.8,26.0
2027,,2001+,Presidency University,India,12.2–20.3,16.3,9.9,25.2,18.1,19.6
2027,,2001+,Privolzhsky Research Medical University,Russian Federation,12.2–20.3,24.5,12.9,6.0,19.5,42.3
2027,,2001+,PUC-Campinas,Brazil,12.2–20.3,19.9,13.6,11.6,18.8,26.1
2027,,2001+,Rajamangala University of Technology Thanyaburi (RMUTT),Thailand,12.2–20.3,10.8,12.7,27.3,30.7,23.2
2027,,2001+,Rangsit University,Thailand,12.2–20.3,14.2,11.4,30.3,22.0,26.3
2027,,2001+,Russian State University for the Humanities,Russian Federation,12.2–20.3,13.4,15.5,15.5,17.8,22.1
2027,,2001+,Russian University of Transport (MIIT),Russian Federation,12.2–20.3,19.8,13.4,7.1,36.1,24.4
2027,,2001+,Ryukoku University,Japan,12.2–20.3,15.2,12.0,17.8,23.9,33.3
2027,,2001+,Rzeszów University of Technology,Poland,12.2–20.3,20.4,10.5,22.7,25.1,25.3
2027,,2001+,Samara National Research University (Samara University),Russian Federation,12.2–20.3,27.2,15.5,12.4,30.3,31.2
2027,,2001+,Samara State Technical University,Russian Federation,12.2–20.3,17.6,10.6,7.2,30.4,22.1
2027,,2001+,Siberian State Medical University,Russian Federation,12.2–20.3,23.9,12.6,4.7,17.8,38.9
2027,,2001+,Simón Bolívar University (Colombia),Colombia,12.2–20.3,14.7,10.0,21.3,17.3,47.2
2027,,2001+,Sokoine University of Agriculture,Tanzania,12.2–20.3,14.4,13.9,26.0,20.9,45.0
2027,,2001+,Sophia University,Japan,12.2–20.3,21.3,12.8,14.3,32.9,52.7
2027,,2001+,Southwest Bahia State University (UESB),Brazil,12.2–20.3,27.3,11.5,8.2,26.5,20.3
2027,,2001+,Sri Lanka Institute of Information Technology,Sri Lanka,12.2–20.3,11.3,11.9,23.2,46.8,19.0
2027,,2001+,S. Seifullin Kazakh Agro Technical University,Kazakhstan,12.2–20.3,20.5,10.1,11.3,20.3,55.7
2027,,2001+,State University of Maranhão – UEMA,Brazil,12.2–20.3,17.1,10.5,10.4,16.1,25.9
2027,,2001+,Tashkent State Medical University,Uzbekistan,12.2–20.3,23.4,10.6,8.5,16.3,49.4
2027,,2001+,Technological University of Pereira,Colombia,12.2–20.3,16.7,8.7,8.6,20.1,32.5
2027,,2001+,Tecnológico de Costa Rica,Costa Rica,12.2–20.3,19.3,10.3,16.2,19.6,36.8
2027,,2001+,Tekirdağ Namık Kemal University,Turkey,12.2–20.3,14.1,11.0,20.4,18.9,24.5
2027,,2001+,Temuco Catholic University,Chile,12.2–20.3,21.7,12.6,16.8,18.4,45.0
2027,,2001+,The University of Danang,Vietnam,12.2–20.3,11.1,10.9,25.6,24.4,42.0
2027,,2001+,Thiagarajar College of Engineering,India,12.2–20.3,21.5,10.7,28.3,20.7,19.1
2027,,2001+,Tikrit University,Iraq,12.2–20.3,29.6,11.4,18.4,16.5,20.5
2027,,2001+,Tokyo City University,Japan,12.2–20.3,15.8,14.2,15.9,46.8,30.9
2027,,2001+,Tokyo Denki University,Japan,12.2–20.3,14.4,10.7,14.2,46.2,21.4
2027,,2001+,Tokyo University of Technology,Japan,12.2–20.3,15.5,15.6,11.1,30.8,33.2
2027,,2001+,Tomsk State University of Control Systems and Radioelectronics,Russian Federation,12.2–20.3,22.8,15.7,11.9,51.1,37.6
2027,,2001+,Toyama Prefectural University,Japan,12.2–20.3,22.2,11.1,9.0,31.9,24.9
2027,,2001+,Toyo University,Japan,12.2–20.3,15.3,10.4,12.6,35.8,36.8
2027,,2001+,Trakia University,Bulgaria,12.2–20.3,22.4,11.3,9.0,19.1,26.5
2027,,2001+,Ufa State Petroleum Technological University,Russian Federation,12.2–20.3,23.7,9.7,9.4,18.0,30.9
2027,,2001+,Ufa University of Science and Technology,Russian Federation,12.2–20.3,17.9,11.2,8.9,24.5,28.6
2027,,2001+,Ukrainian State University of Science and Technologies,Ukraine,12.2–20.3,16.7,10.1,8.4,21.5,22.8
2027,,2001+,Universidad Autónoma de Coahuila,Mexico,12.2–20.3,21.9,9.3,14.7,17.8,26.3
2027,,2001+,Universidad Autónoma del Estado de Hidalgo,Mexico,12.2–20.3,17.9,10.1,10.0,18.5,26.3
2027,,2001+,Universidad Autónoma del Estado de Mexico (UAEMex),Mexico,12.2–20.3,22.4,11.1,8.2,18.0,25.8
2027,,2001+,Universidad Autónoma de Nuevo León (UANL),Mexico,12.2–20.3,12.4,11.2,19.3,21.9,32.2
2027,,2001+,Universidad Autónoma de Querétaro,Mexico,12.2–20.3,16.6,12.3,21.9,24.3,28.1
2027,,2001+,Universidad Autónoma de Yucatán,Mexico,12.2–20.3,16.2,11.4,12.7,23.0,30.9
2027,,2001+,Universidad César Vallejo,Peru,12.2–20.3,23.1,10.1,9.3,15.8,21.8
2027,,2001+,Universidad Científica del Sur,Peru,12.2–20.3,18.5,10.6,17.0,16.3,40.0
2027,,2001+,Universidad de las Fuerzas Armadas – ESPE,Ecuador,12.2–20.3,13.4,11.1,13.9,23.3,34.5
2027,,2001+,Universidad del Atlántico,Colombia,12.2–20.3,13.2,10.5,21.3,16.5,39.9
2027,,2001+,Universidad del Valle,Colombia,12.2–20.3,24.9,11.1,17.9,22.0,38.5
2027,,2001+,Universidade do Estado de Santa Catarina,Brazil,12.2–20.3,27.7,13.9,16.5,26.9,26.4
2027,,2001+,Universidade Estadual de Feira de Santana (UEFS),Brazil,12.2–20.3,26.0,11.1,15.4,17.6,28.9
2027,,2001+,Universidade Estadual de Santa Cruz,Brazil,12.2–20.3,24.6,11.6,17.8,27.3,36.4
2027,,2001+,Universidade Estadual do Oeste do Paraná (Unioeste),Brazil,12.2–20.3,32.6,13.6,8.1,17.8,21.2
2027,,2001+,Universidade Federal do Maranhão (UFMA),Brazil,12.2–20.3,16.6,13.8,17.4,25.8,24.6
2027,,2001+,Universidade Federal Rural do Semi-Arido,Brazil,12.2–20.3,18.6,11.0,10.4,16.7,20.0
2027,,2001+,Universidade Nove de Julho (Uninove),Brazil,12.2–20.3,23.2,10.1,14.6,17.7,35.4
2027,,2001+,Universidad Industrial de Santander (UIS),Colombia,12.2–20.3,15.7,12.3,15.5,21.3,39.5
2027,,2001+,Universidad Nacional Agraria La Molina,Peru,12.2–20.3,22.9,9.5,14.3,16.7,42.1
2027,,2001+,Universidad Nacional de Asunción,Paraguay,12.2–20.3,23.1,9.8,12.9,18.8,44.4
2027,,2001+,Universidad Nacional del Litoral,Argentina,12.2–20.3,13.1,11.3,17.5,26.3,32.9
2027,,2001+,Universidad Nacional de Tucumán,Argentina,12.2–20.3,22.8,9.3,15.9,19.0,36.9
2027,,2001+,Universidad Nacional Mayor de San Marcos,Peru,12.2–20.3,20.5,12.6,15.2,16.8,32.9
2027,,2001+,Universidad Panamericana (UP),Mexico,12.2–20.3,24.1,10.5,13.8,19.3,46.6
2027,,2001+,Universidad Pedagogica y Tecnologica de Colombia – UPTC,Colombia,12.2–20.3,17.1,9.2,6.6,16.4,32.5
2027,,2001+,Universidad Peruana de Ciencias Aplicadas (UPC),Peru,12.2–20.3,12.1,10.4,14.0,19.0,32.8
2027,,2001+,Universidad Politécnica Salesiana,Ecuador,12.2–20.3,11.6,12.2,16.9,22.1,30.0
2027,,2001+,Universidad Pontificia Bolivariana (UPB),Colombia,12.2–20.3,25.2,13.9,12.9,36.9,34.3
2027,,2001+,Universidad San Ignacio de Loyola,Peru,12.2–20.3,12.6,12.0,25.1,17.4,36.2
2027,,2001+,Universidad Santo Tomás,Chile,12.2–20.3,13.2,12.4,16.6,16.6,44.4
2027,,2001+,Universidad Técnica de Manabí,Ecuador,12.2–20.3,9.9,9.9,9.9,16.0,57.7
2027,,2001+,Universidad Técnica Particular de Loja,Ecuador,12.2–20.3,13.1,10.0,15.5,19.9,42.1
2027,,2001+,Universidad Tecnologica Indoamerica,Ecuador,12.2–20.3,19.1,12.4,15.1,17.3,42.0
2027,,2001+,Universitas Muhammadiyah Malang,Indonesia,12.2–20.3,15.5,11.2,31.3,16.2,33.0
2027,,2001+,Universitas Negeri Jakarta,Indonesia,12.2–20.3,17.5,12.3,25.6,15.9,26.9
2027,,2001+,Universitas Negeri Surabaya,Indonesia,12.2–20.3,15.8,13.4,23.5,22.3,39.3
2027,,2001+,Universitas Sriwijaya,Indonesia,12.2–20.3,13.8,11.4,17.1,20.7,20.6
2027,,2001+,Universitas Trisakti,Indonesia,12.2–20.3,27.3,11.8,13.8,17.5,29.8
2027,,2001+,Universitas Trunodjoyo Madura,Indonesia,12.2–20.3,10.7,11.2,18.6,17.6,20.1
2027,,2001+,Université Cheikh Anta Diop de Dakar (UCAD),Senegal,12.2–20.3,15.6,12.7,20.4,19.7,50.2
2027,,2001+,Université Frères Mentouri Constantine 1,Algeria,12.2–20.3,19.8,9.9,18.5,19.2,35.1
2027,,2001+,Université Mohamed El Bachir El Ibrahimi de Bordj Bou Arréridj,Algeria,12.2–20.3,17.4,8.5,20.0,17.0,38.9
2027,,2001+,Université Mouloud Mammeri de Tizi-Ouzou,Algeria,12.2–20.3,18.4,8.8,7.6,17.0,38.4
2027,,2001+,University Abdelhamid Ibn Badis Mostaganem,Algeria,12.2–20.3,19.3,9.0,11.6,16.4,32.9
2027,,2001+,University Mohamed Boudiaf of M’Sila,Algeria,12.2–20.3,22.4,9.5,19.2,19.0,33.7
2027,,2001+,University of Abou Bekr Belkaïd Tlemcen,Algeria,12.2–20.3,27.1,9.2,12.9,20.3,33.9
2027,,2001+,University of Agronomic Sciences and Veterinary Medicine of Bucharest,Romania,12.2–20.3,19.0,9.2,22.7,17.6,23.7
2027,,2001+,University of Algiers 1,Algeria,12.2–20.3,16.9,9.7,14.0,16.8,35.1
2027,,2001+,University of Basrah,Iraq,12.2–20.3,17.9,10.0,17.9,18.3,23.0
2027,,2001+,University of Batna 2,Algeria,12.2–20.3,18.9,8.8,12.7,17.3,28.4
2027,,2001+,University of Béjaïa,Algeria,12.2–20.3,16.0,9.6,19.9,19.5,41.9
2027,,2001+,University of Bío-Bío,Chile,12.2–20.3,14.1,13.4,18.2,19.7,44.5
2027,,2001+,University of Birjand,Iran,12.2–20.3,15.0,15.4,25.9,19.9,28.2
2027,,2001+,University of Caxias do Sul,Brazil,12.2–20.3,18.3,10.8,25.1,22.5,24.4
2027,,2001+,University of Cuenca,Ecuador,12.2–20.3,14.0,12.4,19.5,33.6,45.2
2027,,2001+,University of Diyala,Iraq,12.2–20.3,16.0,9.3,27.4,18.0,26.4
2027,,2001+,University of East Sarajevo,Bosnia and Herzegovina,12.2–20.3,19.9,10.4,19.7,17.9,59.7
2027,,2001+,University of Engineering and Management Kolkata,India,12.2–20.3,14.7,10.6,17.7,16.9,19.9
2027,,2001+,University of Fortaleza (UNIFOR),Brazil,12.2–20.3,14.2,11.5,12.3,21.7,26.3
2027,,2001+,University of Guadalajara,Mexico,12.2–20.3,17.4,10.6,19.9,20.1,29.7
2027,,2001+,University of Guanajuato,Mexico,12.2–20.3,16.6,11.0,20.5,23.7,31.7
2027,,2001+,University of Hyogo,Japan,12.2–20.3,21.2,15.7,13.8,60.8,25.8
2027,,2001+,University of Jijel,Algeria,12.2–20.3,18.3,9.2,19.1,17.0,33.4
2027,,2001+,University of Kerbala,Iraq,12.2–20.3,21.8,9.5,22.6,16.3,28.1
2027,,2001+,University of Kirkuk,Iraq,12.2–20.3,16.8,9.3,27.4,16.3,28.6
2027,,2001+,University of Laghouat,Algeria,12.2–20.3,19.8,9.1,17.1,17.0,38.2
2027,,2001+,University of Lampung,Indonesia,12.2–20.3,15.0,9.6,16.3,18.0,19.5
2027,,2001+,University of Latakia,Syria,12.2–20.3,17.6,8.7,20.1,16.5,39.6
2027,,2001+,University of Los Lagos,Chile,12.2–20.3,14.5,16.7,19.3,16.6,47.8
2027,,2001+,University of Misan,Iraq,12.2–20.3,15.0,9.5,28.1,17.7,37.1
2027,,2001+,University of Mosul,Iraq,12.2–20.3,22.6,12.1,17.4,27.9,21.2
2027,,2001+,University of Pernambuco,Brazil,12.2–20.3,23.3,12.2,15.1,22.4,26.6
2027,,2001+,University of Port Harcourt,Nigeria,12.2–20.3,20.6,10.1,22.8,21.6,38.7
2027,,2001+,University of Prishtina,Kosovo,12.2–20.3,13.1,14.9,27.4,20.4,39.5
2027,,2001+,University of San Martín de Porres,Peru,12.2–20.3,15.4,10.1,31.5,18.4,34.3
2027,,2001+,University of Science and Technology of Oran Mohamed-Boudiaf,Algeria,12.2–20.3,20.8,8.7,14.0,19.3,30.9
2027,,2001+,University of Sciences and Technology Houari Boumediene,Algeria,12.2–20.3,18.4,9.4,17.2,25.6,29.9
2027,,2001+,University of Shizuoka,Japan,12.2–20.3,22.5,14.1,17.7,58.1,24.8
2027,,2001+,University of Sonora,Mexico,12.2–20.3,13.2,9.8,15.7,27.2,33.5
2027,,2001+,University of Taipei,Taiwan,12.2–20.3,17.5,20.9,17.6,31.1,31.1
2027,,2001+,"University of the Andes, Venezuela",Venezuela,12.2–20.3,18.9,9.4,15.7,21.7,49.9
2027,,2001+,University of Thi-Qar,Iraq,12.2–20.3,20.5,10.1,23.5,16.7,24.6
2027,,2001+,University of Tirana,Albania,12.2–20.3,14.5,10.3,10.9,16.4,28.2
2027,,2001+,Uşak University,Turkey,12.2–20.3,13.5,12.9,29.3,16.7,29.9
2027,,2001+,Üsküdar University,Turkey,12.2–20.3,15.3,10.2,21.0,18.5,44.3
2027,,2001+,Utsunomiya University,Japan,12.2–20.3,19.3,13.7,10.0,32.4,29.9
2027,,2001+,Uzhhorod National University,Ukraine,12.2–20.3,19.2,10.6,7.6,16.8,32.8
2027,,2001+,Vasyl Stefanyk Carpathian National University,Ukraine,12.2–20.3,16.0,11.6,20.4,16.4,24.6
2027,,2001+,Vinayaka Mission’s Research Foundation,India,12.2–20.3,24.4,9.8,24.5,20.9,19.6
2027,,2001+,Volgograd State Medical University,Russian Federation,12.2–20.3,23.9,10.1,5.8,18.1,41.7
2027,,2001+,Volgograd State Technical University,Russian Federation,12.2–20.3,17.6,10.9,9.3,18.9,34.7
2027,,2001+,Volgograd State University,Russian Federation,12.2–20.3,20.6,12.7,11.8,16.1,24.3
2027,,2001+,West Ukrainian National University,Ukraine,12.2–20.3,15.0,10.8,19.2,20.0,38.5
2027,,2001+,Yalova University,Turkey,12.2–20.3,13.1,10.4,32.7,18.3,26.0
2027,,2001+,Yerevan State University,Armenia,12.2–20.3,25.0,10.2,15.5,23.9,43.3
2027,,2001+,Yuriy Fedkovych Chernivtsi National University,Ukraine,12.2–20.3,18.0,11.5,10.1,17.8,28.8
2027,,2001+,Zaporizhzhia State Medical and Pharmaceutical University,Ukraine,12.2–20.3,26.1,10.4,5.0,16.7,40.9
2027,,2001+,Ziane Achour University of Djelfa,Algeria,12.2–20.3,20.6,9.1,17.5,16.6,33.3
2027,,Reporter,Abasyn University,Pakistan,n/a,n/a,n/a,n/a,n/a,n/a
2027,,Reporter,Abbes Laghrour University Khenchela,Algeria,n/a,n/a,n/a,n/a,n/a,n/a
2027,,Reporter,Abbottabad University of Science and Technology,Pakistan,n/a,n/a,n/a,n/a,n/a,n/a
2027,,Reporter,Abertay University,United Kingdom,n/a,n/a,n/a,n/a,n/a,n/a
2027,,Reporter,Abia State University,Nigeria,n/a,n/a,n/a,n/a,n/a,n/a
2027,,Reporter,Abubakar Tafawa Balewa University (ATBU),Nigeria,n/a,n/a,n/a,n/a,n/a,n/a
2027,,Reporter,Abylkas Saginov Karaganda Technical University,Kazakhstan,n/a,n/a,n/a,n/a,n/a,n/a
2027,,Reporter,"Adamawa State University, Mubi",Nigeria,n/a,n/a,n/a,n/a,n/a,n/a
2027,,Reporter,Afro-Asian University,Somalia,n/a,n/a,n/a,n/a,n/a,n/a
2027,,Reporter,Ahram Canadian University,Egypt,n/a,n/a,n/a,n/a,n/a,n/a
2027,,Reporter,Ajayi Crowther University,Nigeria,n/a,n/a,n/a,n/a,n/a,n/a
2027,,Reporter,Akhmet Yassawi University,Kazakhstan,n/a,n/a,n/a,n/a,n/a,n/a
2027,,Reporter,Akita Prefectural University,Japan,n/a,n/a,n/a,n/a,n/a,n/a
2027,,Reporter,Akli Mohand Oulhadj Bouira University,Algeria,n/a,n/a,n/a,n/a,n/a,n/a
2027,,Reporter,Akwa Ibom State University,Nigeria,n/a,n/a,n/a,n/a,n/a,n/a
2027,,Reporter,Al-Amal College for Specialized Medical Sciences,Iraq,n/a,n/a,n/a,n/a,n/a,n/a
2027,,Reporter,Al-Ameed University,Iraq,n/a,n/a,n/a,n/a,n/a,n/a
2027,,Reporter,Alanya University,Turkey,n/a,n/a,n/a,n/a,n/a,n/a
2027,,Reporter,Alasmarya Islamic University,Libya,n/a,n/a,n/a,n/a,n/a,n/a
2027,,Reporter,Al-Ayen University,Iraq,n/a,n/a,n/a,n/a,n/a,n/a
2027,,Reporter,Al-Bayan University,Iraq,n/a,n/a,n/a,n/a,n/a,n/a
2027,,Reporter,Aleksandër Moisiu University,Albania,n/a,n/a,n/a,n/a,n/a,n/a
2027,,Reporter,Al-Esraa University,Iraq,n/a,n/a,n/a,n/a,n/a,n/a
2027,,Reporter,"Aletheia University, Ago-Iwoye (AUA)",Nigeria,n/a,n/a,n/a,n/a,n/a,n/a
2027,,Reporter,Al-Farahidi University,Iraq,n/a,n/a,n/a,n/a,n/a,n/a
2027,,Reporter,Alfraganus University,Uzbekistan,n/a,n/a,n/a,n/a,n/a,n/a
2027,,Reporter,Al-Hadba University,Iraq,n/a,n/a,n/a,n/a,n/a,n/a
2027,,Reporter,Al-Hadi University College,Iraq,n/a,n/a,n/a,n/a,n/a,n/a
2027,,Reporter,Al-Hawash Private University,Syria,n/a,n/a,n/a,n/a,n/a,n/a
2027,,Reporter,Al-Hikmah University,Nigeria,n/a,n/a,n/a,n/a,n/a,n/a
2027,,Reporter,Al-Huda University College,Iraq,n/a,n/a,n/a,n/a,n/a,n/a
2027,,Reporter,Alikhan Bokeikhan University,Kazakhstan,n/a,n/a,n/a,n/a,n/a,n/a
2027,,Reporter,Al-Iraqia University,Iraq,n/a,n/a,n/a,n/a,n/a,n/a
2027,,Reporter,Alisher Navo’i Tashkent State University of Uzbek Language and Literature,Uzbekistan,n/a,n/a,n/a,n/a,n/a,n/a
2027,,Reporter,Al-Karkh University of Science,Iraq,n/a,n/a,n/a,n/a,n/a,n/a
2027,,Reporter,Al-Kitab University,Iraq,n/a,n/a,n/a,n/a,n/a,n/a
2027,,Reporter,Al-Kunooze University College,Iraq,n/a,n/a,n/a,n/a,n/a,n/a
2027,,Reporter,Almaaqal University,Iraq,n/a,n/a,n/a,n/a,n/a,n/a
2027,,Reporter,Al-Madinah International University (MEDIU),Malaysia,n/a,n/a,n/a,n/a,n/a,n/a
2027,,Reporter,Almaty Management University (AlmaU),Kazakhstan,n/a,n/a,n/a,n/a,n/a,n/a
2027,,Reporter,Almaty Technological University,Kazakhstan,n/a,n/a,n/a,n/a,n/a,n/a
2027,,Reporter,Alnoor University,Iraq,n/a,n/a,n/a,n/a,n/a,n/a
2027,,Reporter,Al-Nukhba University College,Iraq,n/a,n/a,n/a,n/a,n/a,n/a
2027,,Reporter,Al-Qalam University,Iraq,n/a,n/a,n/a,n/a,n/a,n/a
2027,,Reporter,Al-Quds Open University,Palestine,n/a,n/a,n/a,n/a,n/a,n/a
2027,,Reporter,Al-Rafidain University College,Iraq,n/a,n/a,n/a,n/a,n/a,n/a
2027,,Reporter,Al-Shatrah University,Iraq,n/a,n/a,n/a,n/a,n/a,n/a
2027,,Reporter,Altoosi University,Iraq,n/a,n/a,n/a,n/a,n/a,n/a
2027,,Reporter,Al Turath University,Iraq,n/a,n/a,n/a,n/a,n/a,n/a
2027,,Reporter,Al-Zahraa University for Women,Iraq,n/a,n/a,n/a,n/a,n/a,n/a
2027,,Reporter,Al-Zahrawi University College,Iraq,n/a,n/a,n/a,n/a,n/a,n/a
2027,,Reporter,Ambrose Alli University,Nigeria,n/a,n/a,n/a,n/a,n/a,n/a
2027,,Reporter,American University in Dubai,United Arab Emirates,n/a,n/a,n/a,n/a,n/a,n/a
2027,,Reporter,American University in the Emirates (AUE),United Arab Emirates,n/a,n/a,n/a,n/a,n/a,n/a
2027,,Reporter,American University of Ras Al Khaimah,United Arab Emirates,n/a,n/a,n/a,n/a,n/a,n/a
2027,,Reporter,"Amity University, Chhattisgarh",India,n/a,n/a,n/a,n/a,n/a,n/a
2027,,Reporter,"Amity University, Gwalior",India,n/a,n/a,n/a,n/a,n/a,n/a
2027,,Reporter,"Amity University, Mumbai",India,n/a,n/a,n/a,n/a,n/a,n/a
2027,,Reporter,Amol University of Special Modern Technologies,Iran,n/a,n/a,n/a,n/a,n/a,n/a
2027,,Reporter,Andijan State Medical Institute,Uzbekistan,n/a,n/a,n/a,n/a,n/a,n/a
2027,,Reporter,Andijan State Pedagogical Institute (ASPI),Uzbekistan,n/a,n/a,n/a,n/a,n/a,n/a
2027,,Reporter,Andijan State University,Uzbekistan,n/a,n/a,n/a,n/a,n/a,n/a
2027,,Reporter,Andrés Bello Catholic University (UCAB),Venezuela,n/a,n/a,n/a,n/a,n/a,n/a
2027,,Reporter,Anglo-American University,Czechia,n/a,n/a,n/a,n/a,n/a,n/a
2027,,Reporter,Arab International University (AIU),Syria,n/a,n/a,n/a,n/a,n/a,n/a
2027,,Reporter,Arab Open University,Kuwait,n/a,n/a,n/a,n/a,n/a,n/a
2027,,Reporter,Arak University of Technology,Iran,n/a,n/a,n/a,n/a,n/a,n/a
2027,,Reporter,Arish University,Egypt,n/a,n/a,n/a,n/a,n/a,n/a
2027,,Reporter,Arkin University of Creative Arts and Design (ARUCAD),Northern Cyprus,n/a,n/a,n/a,n/a,n/a,n/a
2027,,Reporter,"Aror University of Art, Architecture, Design & Heritage Sukkur (AU Sukkur)",Pakistan,n/a,n/a,n/a,n/a,n/a,n/a
2027,,Reporter,Arts University Bournemouth,United Kingdom,n/a,n/a,n/a,n/a,n/a,n/a
2027,,Reporter,Arts University Plymouth,United Kingdom,n/a,n/a,n/a,n/a,n/a,n/a
2027,,Reporter,Asahi University,Japan,n/a,n/a,n/a,n/a,n/a,n/a
2027,,Reporter,A’Sharqiyah University,Oman,n/a,n/a,n/a,n/a,n/a,n/a
2027,,Reporter,Asian Institute of Maritime Studies,Philippines,n/a,n/a,n/a,n/a,n/a,n/a
2027,,Reporter,Asian University for Women,Bangladesh,n/a,n/a,n/a,n/a,n/a,n/a
2027,,Reporter,Astana International University AIU,Kazakhstan,n/a,n/a,n/a,n/a,n/a,n/a
2027,,Reporter,Astana IT University,Kazakhstan,n/a,n/a,n/a,n/a,n/a,n/a
2027,,Reporter,Ateneo de Davao University,Philippines,n/a,n/a,n/a,n/a,n/a,n/a
2027,,Reporter,Atlas University,Turkey,n/a,n/a,n/a,n/a,n/a,n/a
2027,,Reporter,Atyrau University,Kazakhstan,n/a,n/a,n/a,n/a,n/a,n/a
2027,,Reporter,Augustine University,Nigeria,n/a,n/a,n/a,n/a,n/a,n/a
2027,,Reporter,“Aurel Vlaicu” University of Arad,Romania,n/a,n/a,n/a,n/a,n/a,n/a
2027,,Reporter,Aurora State College of Technology,Philippines,n/a,n/a,n/a,n/a,n/a,n/a
2027,,Reporter,Australian University – Kuwait,Kuwait,n/a,n/a,n/a,n/a,n/a,n/a
2027,,Reporter,Azerbaijan State Agricultural University,Azerbaijan,n/a,n/a,n/a,n/a,n/a,n/a
2027,,Reporter,Azerbaijan State Pedagogical University,Azerbaijan,n/a,n/a,n/a,n/a,n/a,n/a
2027,,Reporter,Azerbaijan University of Architecture and Construction,Azerbaijan,n/a,n/a,n/a,n/a,n/a,n/a
2027,,Reporter,Azzaytuna University,Libya,n/a,n/a,n/a,n/a,n/a,n/a
2027,,Reporter,Baba Guru Nanak University,Pakistan,n/a,n/a,n/a,n/a,n/a,n/a
2027,,Reporter,Bakrie University,Indonesia,n/a,n/a,n/a,n/a,n/a,n/a
2027,,Reporter,Baku Engineering University,Azerbaijan,n/a,n/a,n/a,n/a,n/a,n/a
2027,,Reporter,Baku Higher Oil School,Azerbaijan,n/a,n/a,n/a,n/a,n/a,n/a
2027,,Reporter,Baku Slavic University,Azerbaijan,n/a,n/a,n/a,n/a,n/a,n/a
2027,,Reporter,"Bamidele Olumilua University of Education, Science and Technology, Ikere-Ekiti",Nigeria,n/a,n/a,n/a,n/a,n/a,n/a
2027,,Reporter,Bangkok University,Thailand,n/a,n/a,n/a,n/a,n/a,n/a
2027,,Reporter,Barawa International University,Somalia,n/a,n/a,n/a,n/a,n/a,n/a
2027,,Reporter,Bataan Peninsula State University,Philippines,n/a,n/a,n/a,n/a,n/a,n/a
2027,,Reporter,Batangas State University,Philippines,n/a,n/a,n/a,n/a,n/a,n/a
2027,,Reporter,Bath Spa University,United Kingdom,n/a,n/a,n/a,n/a,n/a,n/a
2027,,Reporter,Bayelsa Medical University,Nigeria,n/a,n/a,n/a,n/a,n/a,n/a
2027,,Reporter,Baze University,Nigeria,n/a,n/a,n/a,n/a,n/a,n/a
2027,,Reporter,Beaconhouse National University,Pakistan,n/a,n/a,n/a,n/a,n/a,n/a
2027,,Reporter,Belarusian State University of Informatics and Radioelectronics,Belarus,n/a,n/a,n/a,n/a,n/a,n/a
2027,,Reporter,Bells University of Technology,Nigeria,n/a,n/a,n/a,n/a,n/a,n/a
2027,,Reporter,Benha National University,Egypt,n/a,n/a,n/a,n/a,n/a,n/a
2027,,Reporter,Beykoz University,Turkey,n/a,n/a,n/a,n/a,n/a,n/a
2027,,Reporter,Bicol University,Philippines,n/a,n/a,n/a,n/a,n/a,n/a
2027,,Reporter,Bilad Alrafidain University,Iraq,n/a,n/a,n/a,n/a,n/a,n/a
2027,,Reporter,Bila Tserkva National Agrarian University,Ukraine,n/a,n/a,n/a,n/a,n/a,n/a
2027,,Reporter,Biliran Province State University (BiPSU),Philippines,n/a,n/a,n/a,n/a,n/a,n/a
2027,,Reporter,BIMM Music Institute Birmingham,United Kingdom,n/a,n/a,n/a,n/a,n/a,n/a
2027,,Reporter,Bingham University,Nigeria,n/a,n/a,n/a,n/a,n/a,n/a
2027,,Reporter,Birmingham Newman University,United Kingdom,n/a,n/a,n/a,n/a,n/a,n/a
2027,,Reporter,Bloomsbury Institute London,United Kingdom,n/a,n/a,n/a,n/a,n/a,n/a
2027,,Reporter,Bohdan Khmelnytsky National University of Cherkasy,Ukraine,n/a,n/a,n/a,n/a,n/a,n/a
2027,,Reporter,Borys Grinchenko Kyiv Metropolitan University,Ukraine,n/a,n/a,n/a,n/a,n/a,n/a
2027,,Reporter,Bowen University,Nigeria,n/a,n/a,n/a,n/a,n/a,n/a
2027,,Reporter,Brainware University,India,n/a,n/a,n/a,n/a,n/a,n/a
2027,,Reporter,Bucks New University,United Kingdom,n/a,n/a,n/a,n/a,n/a,n/a
2027,,Reporter,Bukhara State Medical Institute,Uzbekistan,n/a,n/a,n/a,n/a,n/a,n/a
2027,,Reporter,Bukhara State Pedagogical Institute,Uzbekistan,n/a,n/a,n/a,n/a,n/a,n/a
2027,,Reporter,Bukhara State University,Uzbekistan,n/a,n/a,n/a,n/a,n/a,n/a
2027,,Reporter,Bulacan State University,Philippines,n/a,n/a,n/a,n/a,n/a,n/a
2027,,Reporter,Bundelkhand University,India,n/a,n/a,n/a,n/a,n/a,n/a
2027,,Reporter,Cagayan State University,Philippines,n/a,n/a,n/a,n/a,n/a,n/a
2027,,Reporter,Çağ University,Turkey,n/a,n/a,n/a,n/a,n/a,n/a
2027,,Reporter,"California State University, Chico",United States,n/a,n/a,n/a,n/a,n/a,n/a
2027,,Reporter,Canadian International College – Cairo Campus of Cape Breton University Canada,Egypt,n/a,n/a,n/a,n/a,n/a,n/a
2027,,Reporter,Can Tho University of Medicine and Pharmacy,Vietnam,n/a,n/a,n/a,n/a,n/a,n/a
2027,,Reporter,Caraga State University – Ampayon Campus,Philippines,n/a,n/a,n/a,n/a,n/a,n/a
2027,,Reporter,Caspian University,Kazakhstan,n/a,n/a,n/a,n/a,n/a,n/a
2027,,Reporter,Catholic University in Erbil,Iraq,n/a,n/a,n/a,n/a,n/a,n/a
2027,,Reporter,Catholic University of Ávila,Spain,n/a,n/a,n/a,n/a,n/a,n/a
2027,,Reporter,Catholic University of Córdoba,Argentina,n/a,n/a,n/a,n/a,n/a,n/a
2027,,Reporter,Catholic University of Uruguay,Uruguay,n/a,n/a,n/a,n/a,n/a,n/a
2027,,Reporter,Cebu Technological University,Philippines,n/a,n/a,n/a,n/a,n/a,n/a
2027,,Reporter,CECOS University of IT and Emerging Sciences,Pakistan,n/a,n/a,n/a,n/a,n/a,n/a
2027,,Reporter,Central Asian University CAU,Uzbekistan,n/a,n/a,n/a,n/a,n/a,n/a
2027,,Reporter,Central Bicol State University of Agriculture,Philippines,n/a,n/a,n/a,n/a,n/a,n/a
2027,,Reporter,Central Luzon State University,Philippines,n/a,n/a,n/a,n/a,n/a,n/a
2027,,Reporter,Central Mindanao Colleges,Philippines,n/a,n/a,n/a,n/a,n/a,n/a
2027,,Reporter,Central University,Ghana,n/a,n/a,n/a,n/a,n/a,n/a
2027,,Reporter,Central University of Europe,Georgia,n/a,n/a,n/a,n/a,n/a,n/a
2027,,Reporter,Centro Universitário Cesuca,Brazil,n/a,n/a,n/a,n/a,n/a,n/a
2027,,Reporter,Centro Universitário Integrado,Brazil,n/a,n/a,n/a,n/a,n/a,n/a
2027,,Reporter,"Centurion University of Technology and Management, Andhra Pradesh",India,n/a,n/a,n/a,n/a,n/a,n/a
2027,,Reporter,CESI,France,n/a,n/a,n/a,n/a,n/a,n/a
2027,,Reporter,CETYS Universidad,Mexico,n/a,n/a,n/a,n/a,n/a,n/a
2027,,Reporter,Charmo University,Iraq,n/a,n/a,n/a,n/a,n/a,n/a
2027,,Reporter,Chattogram Veterinary and Animal Sciences University,Bangladesh,n/a,n/a,n/a,n/a,n/a,n/a
2027,,Reporter,Chernihiv Polytechnic National University,Ukraine,n/a,n/a,n/a,n/a,n/a,n/a
2027,,Reporter,Chhatrapati Shahu Ji Maharaj University,India,n/a,n/a,n/a,n/a,n/a,n/a
2027,,Reporter,Chirchik State Pedagogical Institute,Uzbekistan,n/a,n/a,n/a,n/a,n/a,n/a
2027,,Reporter,Cholistan University of Veterinary and Animal Sciences,Pakistan,n/a,n/a,n/a,n/a,n/a,n/a
2027,,Reporter,Cihan University – Erbil,Iraq,n/a,n/a,n/a,n/a,n/a,n/a
2027,,Reporter,Cihan University Sulaimaniya,Iraq,n/a,n/a,n/a,n/a,n/a,n/a
2027,,Reporter,City College of San Fernando Pampanga,Philippines,n/a,n/a,n/a,n/a,n/a,n/a
2027,,Reporter,City University Ajman,United Arab Emirates,n/a,n/a,n/a,n/a,n/a,n/a
2027,,Reporter,"City University of Science and Information Technology, Peshawar",Pakistan,n/a,n/a,n/a,n/a,n/a,n/a
2027,,Reporter,CMR University,India,n/a,n/a,n/a,n/a,n/a,n/a
2027,,Reporter,Corporación Universitaria Remington,Colombia,n/a,n/a,n/a,n/a,n/a,n/a
2027,,Reporter,Courtauld Institute of Art,United Kingdom,n/a,n/a,n/a,n/a,n/a,n/a
2027,,Reporter,Cranfield University,United Kingdom,n/a,n/a,n/a,n/a,n/a,n/a
2027,,Reporter,Cruzeiro do Sul University,Brazil,n/a,n/a,n/a,n/a,n/a,n/a
2027,,Reporter,Davao Oriental State University,Philippines,n/a,n/a,n/a,n/a,n/a,n/a
2027,,Reporter,Dawood University of Engineering and Technology,Pakistan,n/a,n/a,n/a,n/a,n/a,n/a
2027,,Reporter,De La Salle Medical and Health Sciences Institute (DLSMHSI),Philippines,n/a,n/a,n/a,n/a,n/a,n/a
2027,,Reporter,Deraya University,Egypt,n/a,n/a,n/a,n/a,n/a,n/a
2027,,Reporter,Dhaka International University,Bangladesh,n/a,n/a,n/a,n/a,n/a,n/a
2027,,Reporter,Dhakuakhana College Autonomous,India,n/a,n/a,n/a,n/a,n/a,n/a
2027,,Reporter,Dhanalakshmi Srinivasan University,India,n/a,n/a,n/a,n/a,n/a,n/a
2027,,Reporter,DHA Suffa University,Pakistan,n/a,n/a,n/a,n/a,n/a,n/a
2027,,Reporter,Dhurakij Pundit University,Thailand,n/a,n/a,n/a,n/a,n/a,n/a
2027,,Reporter,Dmytro Motornyi Tavria State Agrotechnological University(TSATU),Ukraine,n/a,n/a,n/a,n/a,n/a,n/a
2027,,Reporter,Doğuş University,Turkey,n/a,n/a,n/a,n/a,n/a,n/a
2027,,Reporter,Dovletmammet Azadi Turkmen National Institute of World Languages,Turkmenistan,n/a,n/a,n/a,n/a,n/a,n/a
2027,,Reporter,Dr Bhimrao Ambedkar University,India,n/a,n/a,n/a,n/a,n/a,n/a
2027,,Reporter,DRIEMS University,India,n/a,n/a,n/a,n/a,n/a,n/a
2027,,Reporter,D. Serikbayev East Kazakhstan Technical University,Kazakhstan,n/a,n/a,n/a,n/a,n/a,n/a
2027,,Reporter,Dubai Medical University,United Arab Emirates,n/a,n/a,n/a,n/a,n/a,n/a
2027,,Reporter,Duhok Polytechnic University,Iraq,n/a,n/a,n/a,n/a,n/a,n/a
2027,,Reporter,Dulaty University,Kazakhstan,n/a,n/a,n/a,n/a,n/a,n/a
2027,,Reporter,EAE Business School,Spain,n/a,n/a,n/a,n/a,n/a,n/a
2027,,Reporter,EAN University,Colombia,n/a,n/a,n/a,n/a,n/a,n/a
2027,,Reporter,East Asia Management University,Cambodia,n/a,n/a,n/a,n/a,n/a,n/a
2027,,Reporter,École Nationale Polytechnique,Algeria,n/a,n/a,n/a,n/a,n/a,n/a
2027,,Reporter,École Nationale Supérieure Agronomique,Algeria,n/a,n/a,n/a,n/a,n/a,n/a
2027,,Reporter,École Nationale Supérieure de Biotechnologie Taoufik Khaznadar (ENSB),Algeria,n/a,n/a,n/a,n/a,n/a,n/a
2027,,Reporter,École Nationale Supérieure des Sciences de la Mer et de l’Aménagement du Littoral (ENSSMAL),Algeria,n/a,n/a,n/a,n/a,n/a,n/a
2027,,Reporter,Ecole Nationale Supérieure d’Hydraulique,Algeria,n/a,n/a,n/a,n/a,n/a,n/a
2027,,Reporter,École Nationale Supérieure d’Informatique (ESI),Algeria,n/a,n/a,n/a,n/a,n/a,n/a
2027,,Reporter,École Nationale Supérieure Vétérinaire d’Alger,Algeria,n/a,n/a,n/a,n/a,n/a,n/a
2027,,Reporter,École National Polytechnique de Constantine,Algeria,n/a,n/a,n/a,n/a,n/a,n/a
2027,,Reporter,École Normale Supérieure de Béchar,Algeria,n/a,n/a,n/a,n/a,n/a,n/a
2027,,Reporter,École Normale Supérieure de Kouba,Algeria,n/a,n/a,n/a,n/a,n/a,n/a
2027,,Reporter,École Normale Supérieure d’Oran,Algeria,n/a,n/a,n/a,n/a,n/a,n/a
2027,,Reporter,École Polytechnique d’Architecture et d’Urbanisme,Algeria,n/a,n/a,n/a,n/a,n/a,n/a
2027,,Reporter,Ecole Superieure de Commerce (ESC Alger),Algeria,n/a,n/a,n/a,n/a,n/a,n/a
2027,,Reporter,École Supérieure des Sciences de l’Aliment et des Industries Agroalimentaires,Algeria,n/a,n/a,n/a,n/a,n/a,n/a
2027,,Reporter,École Supérieure en Informatique 8 Mai 1945 de Sidi-Bel-Abbès,Algeria,n/a,n/a,n/a,n/a,n/a,n/a
2027,,Reporter,École Supérieure en Sciences Appliquées de Tlemcen,Algeria,n/a,n/a,n/a,n/a,n/a,n/a
2027,,Reporter,École Supérieure en Sciences et Technologies de l’Informatique et du Numérique (ESTIN),Algeria,n/a,n/a,n/a,n/a,n/a,n/a
2027,,Reporter,Egyptian Chinese University,Egypt,n/a,n/a,n/a,n/a,n/a,n/a
2027,,Reporter,Egypt University of Informatics,Egypt,n/a,n/a,n/a,n/a,n/a,n/a
2027,,Reporter,EIA University,Colombia,n/a,n/a,n/a,n/a,n/a,n/a
2027,,Reporter,Elmergib University,Libya,n/a,n/a,n/a,n/a,n/a,n/a
2027,,Reporter,Elsewedy University of Technology,Egypt,n/a,n/a,n/a,n/a,n/a,n/a
2027,,Reporter,Emir Abdelkader University of Islamic Sciences,Algeria,n/a,n/a,n/a,n/a,n/a,n/a
2027,,Reporter,Emirates International University,Yemen,n/a,n/a,n/a,n/a,n/a,n/a
2027,,Reporter,Escola Superior de Ciências Sociais Artes e Humanidades,Angola,n/a,n/a,n/a,n/a,n/a,n/a
2027,,Reporter,Escola Superior Pedagógica do Cuanza Norte,Angola,n/a,n/a,n/a,n/a,n/a,n/a
2027,,Reporter,Escuela Superior Politécnica de Chimborazo,Ecuador,n/a,n/a,n/a,n/a,n/a,n/a
2027,,Reporter,ESIC University,Spain,n/a,n/a,n/a,n/a,n/a,n/a
2027,,Reporter,Eszterházy Károly Catholic University,Hungary,n/a,n/a,n/a,n/a,n/a,n/a
2027,,Reporter,European University,Georgia,n/a,n/a,n/a,n/a,n/a,n/a
2027,,Reporter,European University of Armenia,Armenia,n/a,n/a,n/a,n/a,n/a,n/a
2027,,Reporter,European University of Tirana,Albania,n/a,n/a,n/a,n/a,n/a,n/a
2027,,Reporter,"Evangel University, Akaeze",Nigeria,n/a,n/a,n/a,n/a,n/a,n/a
2027,,Reporter,Externado University of Colombia,Colombia,n/a,n/a,n/a,n/a,n/a,n/a
2027,,Reporter,Falmouth University,United Kingdom,n/a,n/a,n/a,n/a,n/a,n/a
2027,,Reporter,Fasa University,Iran,n/a,n/a,n/a,n/a,n/a,n/a
2027,,Reporter,Fatima Jinnah Medical University,Pakistan,n/a,n/a,n/a,n/a,n/a,n/a
2027,,Reporter,Fatima Jinnah Women University,Pakistan,n/a,n/a,n/a,n/a,n/a,n/a
2027,,Reporter,"Federal University of Petroleum Resources, Effurun",Nigeria,n/a,n/a,n/a,n/a,n/a,n/a
2027,,Reporter,Federal University Otuoke,Nigeria,n/a,n/a,n/a,n/a,n/a,n/a
2027,,Reporter,Fenerbahçe University,Turkey,n/a,n/a,n/a,n/a,n/a,n/a
2027,,Reporter,Fergana State University,Uzbekistan,n/a,n/a,n/a,n/a,n/a,n/a
2027,,Reporter,Final International University,Northern Cyprus,n/a,n/a,n/a,n/a,n/a,n/a
2027,,Reporter,Fo Guang University,Taiwan,n/a,n/a,n/a,n/a,n/a,n/a
2027,,Reporter,Forman Christian College,Pakistan,n/a,n/a,n/a,n/a,n/a,n/a
2027,,Reporter,Foundation University Islamabad (FUI),Pakistan,n/a,n/a,n/a,n/a,n/a,n/a
2027,,Reporter,Fountain University,Nigeria,n/a,n/a,n/a,n/a,n/a,n/a
2027,,Reporter,Francisk Skorina Gomel State University,Belarus,n/a,n/a,n/a,n/a,n/a,n/a
2027,,Reporter,Frederick University,Cyprus,n/a,n/a,n/a,n/a,n/a,n/a
2027,,Reporter,Ganpat University,India,n/a,n/a,n/a,n/a,n/a,n/a
2027,,Reporter,Gaziantep Islam Science and Technology University,Turkey,n/a,n/a,n/a,n/a,n/a,n/a
2027,,Reporter,German University of Technology in Oman (GUtech),Oman,n/a,n/a,n/a,n/a,n/a,n/a
2027,,Reporter,Ghazi University,Pakistan,n/a,n/a,n/a,n/a,n/a,n/a
2027,,Reporter,Gift University,Pakistan,n/a,n/a,n/a,n/a,n/a,n/a
2027,,Reporter,Girne Amerikan Üniversitesi,Northern Cyprus,n/a,n/a,n/a,n/a,n/a,n/a
2027,,Reporter,Glasgow School of Art,United Kingdom,n/a,n/a,n/a,n/a,n/a,n/a
2027,,Reporter,Godfrey Okoye University,Nigeria,n/a,n/a,n/a,n/a,n/a,n/a
2027,,Reporter,Gomel State Medical University,Belarus,n/a,n/a,n/a,n/a,n/a,n/a
2027,,Reporter,Gordon College,Philippines,n/a,n/a,n/a,n/a,n/a,n/a
2027,,Reporter,Government College Women University Faisalabad,Pakistan,n/a,n/a,n/a,n/a,n/a,n/a
2027,,Reporter,"Government College Women University, Sialkot",Pakistan,n/a,n/a,n/a,n/a,n/a,n/a
2027,,Reporter,Graduate University of Advanced Technology,Iran,n/a,n/a,n/a,n/a,n/a,n/a
2027,,Reporter,Green University of Bangladesh,Bangladesh,n/a,n/a,n/a,n/a,n/a,n/a
2027,,Reporter,Grodno State Medical University,Belarus,n/a,n/a,n/a,n/a,n/a,n/a
2027,,Reporter,Guildhall School of Music and Drama,United Kingdom,n/a,n/a,n/a,n/a,n/a,n/a
2027,,Reporter,Guimaras State University,Philippines,n/a,n/a,n/a,n/a,n/a,n/a
2027,,Reporter,Gulf College,Oman,n/a,n/a,n/a,n/a,n/a,n/a
2027,,Reporter,Gulf University,Bahrain,n/a,n/a,n/a,n/a,n/a,n/a
2027,,Reporter,Gunung Jati Swadaya University,Indonesia,n/a,n/a,n/a,n/a,n/a,n/a
2027,,Reporter,Hagoromo University of International Studies,Japan,n/a,n/a,n/a,n/a,n/a,n/a
2027,,Reporter,Hakuoh University,Japan,n/a,n/a,n/a,n/a,n/a,n/a
2027,,Reporter,Haliç University,Turkey,n/a,n/a,n/a,n/a,n/a,n/a
2027,,Reporter,Hamdard University,Pakistan,n/a,n/a,n/a,n/a,n/a,n/a
2027,,Reporter,Häme University of Applied Sciences,Finland,n/a,n/a,n/a,n/a,n/a,n/a
2027,,Reporter,Hanseo University,South Korea,n/a,n/a,n/a,n/a,n/a,n/a
2027,,Reporter,Harper Adams University,United Kingdom,n/a,n/a,n/a,n/a,n/a,n/a
2027,,Reporter,Hartpury University,United Kingdom,n/a,n/a,n/a,n/a,n/a,n/a
2027,,Reporter,Health Sciences University,United Kingdom,n/a,n/a,n/a,n/a,n/a,n/a
2027,,Reporter,Hebron University,Palestine,n/a,n/a,n/a,n/a,n/a,n/a
2027,,Reporter,"Higher National School of Renewable Energies, Environment & Sustainable Development",Algeria,n/a,n/a,n/a,n/a,n/a,n/a
2027,,Reporter,Hilla University College,Iraq,n/a,n/a,n/a,n/a,n/a,n/a
2027,,Reporter,Hiroshima International University,Japan,n/a,n/a,n/a,n/a,n/a,n/a
2027,,Reporter,Ho Technical University,Ghana,n/a,n/a,n/a,n/a,n/a,n/a
2027,,Reporter,Hryhorii Skovoroda University in Pereiaslav,Ukraine,n/a,n/a,n/a,n/a,n/a,n/a
2027,,Reporter,Iași University of Life Sciences,Romania,n/a,n/a,n/a,n/a,n/a,n/a
2027,,Reporter,Ibn Al-Nafis University for Medical Sciences,Yemen,n/a,n/a,n/a,n/a,n/a,n/a
2027,,Reporter,Ifugao State University,Philippines,n/a,n/a,n/a,n/a,n/a,n/a
2027,,Reporter,Igbinedion University Okada,Nigeria,n/a,n/a,n/a,n/a,n/a,n/a
2027,,Reporter,IIMT University,India,n/a,n/a,n/a,n/a,n/a,n/a
2027,,Reporter,Ilma University,Pakistan,n/a,n/a,n/a,n/a,n/a,n/a
2027,,Reporter,Imam Alkadhim University College,Iraq,n/a,n/a,n/a,n/a,n/a,n/a
2027,,Reporter,IMT Mines Alès,France,n/a,n/a,n/a,n/a,n/a,n/a
2027,,Reporter,Industrial University of Tyumen,Russian Federation,n/a,n/a,n/a,n/a,n/a,n/a
2027,,Reporter,Information Technology University of the Punjab,Pakistan,n/a,n/a,n/a,n/a,n/a,n/a
2027,,Reporter,Institute of Agriculture and Agrotechnologies of Karakalpakstan,Uzbekistan,n/a,n/a,n/a,n/a,n/a,n/a
2027,,Reporter,Institute of Cancer Research,United Kingdom,n/a,n/a,n/a,n/a,n/a,n/a
2027,,Reporter,Institute of Telecommunications and Informatics of Turkmenistan,Turkmenistan,n/a,n/a,n/a,n/a,n/a,n/a
2027,,Reporter,Institut national polytechnique Félix Houphouët-Boigny,Côte d'Ivoire,n/a,n/a,n/a,n/a,n/a,n/a
2027,,Reporter,Instituto Superior de Ciências da Educação da Huíla,Angola,n/a,n/a,n/a,n/a,n/a,n/a
2027,,Reporter,Instituto Superior de Ciências da Educação do Huambo,Angola,n/a,n/a,n/a,n/a,n/a,n/a
2027,,Reporter,Instituto Superior de Ciências de Educação de Cabinda,Angola,n/a,n/a,n/a,n/a,n/a,n/a
2027,,Reporter,Instituto Superior de Ciências de Educação do Sumbe,Angola,n/a,n/a,n/a,n/a,n/a,n/a
2027,,Reporter,Instituto Superior Politécnico Atlântida,Angola,n/a,n/a,n/a,n/a,n/a,n/a
2027,,Reporter,Instituto Superior Politécnico de Ndalatando,Angola,n/a,n/a,n/a,n/a,n/a,n/a
2027,,Reporter,Instituto Superior Politécnico do Bié,Angola,n/a,n/a,n/a,n/a,n/a,n/a
2027,,Reporter,Instituto Superior Politécnico do Cuanza Sul,Angola,n/a,n/a,n/a,n/a,n/a,n/a
2027,,Reporter,Instituto Tecnológico de Buenos Aires (ITBA),Argentina,n/a,n/a,n/a,n/a,n/a,n/a
2027,,Reporter,Institut Pendidikan Indonesia Garut,Indonesia,n/a,n/a,n/a,n/a,n/a,n/a
2027,,Reporter,Institut Teknologi Nasional Bandung (ITENAS Bandung),Indonesia,n/a,n/a,n/a,n/a,n/a,n/a
2027,,Reporter,Institut Teknologi PLN,Indonesia,n/a,n/a,n/a,n/a,n/a,n/a
2027,,Reporter,International Educational Corporation (IEC),Kazakhstan,n/a,n/a,n/a,n/a,n/a,n/a
2027,,Reporter,International Engineering and Technology University,Kazakhstan,n/a,n/a,n/a,n/a,n/a,n/a
2027,,Reporter,International Science and Technology University,Poland,n/a,n/a,n/a,n/a,n/a,n/a
2027,,Reporter,International University of Grand-Bassam (IUGB),Côte d'Ivoire,n/a,n/a,n/a,n/a,n/a,n/a
2027,,Reporter,International University of Tourism and Hospitality,Kazakhstan,n/a,n/a,n/a,n/a,n/a,n/a
2027,,Reporter,Interregional Academy of Personnel Management (IAPM),Ukraine,n/a,n/a,n/a,n/a,n/a,n/a
2027,,Reporter,Ion Mincu University of Architecture and Urbanism,Romania,n/a,n/a,n/a,n/a,n/a,n/a
2027,,Reporter,Iqra National University,Pakistan,n/a,n/a,n/a,n/a,n/a,n/a
2027,,Reporter,Isabela State University,Philippines,n/a,n/a,n/a,n/a,n/a,n/a
2027,,Reporter,Israel Technological University,Ecuador,n/a,n/a,n/a,n/a,n/a,n/a
2027,,Reporter,Istanbul Gedik University,Turkey,n/a,n/a,n/a,n/a,n/a,n/a
2027,,Reporter,Istanbul Ticaret University,Turkey,n/a,n/a,n/a,n/a,n/a,n/a
2027,,Reporter,İstanbul Topkapı University,Turkey,n/a,n/a,n/a,n/a,n/a,n/a
2027,,Reporter,Istanbul Yeni Yuzyil University,Turkey,n/a,n/a,n/a,n/a,n/a,n/a
2027,,Reporter,Ivano-Frankivsk National Medical University,Ukraine,n/a,n/a,n/a,n/a,n/a,n/a
2027,,Reporter,Jabir ibn Hayyan University for Medical and Pharmaceutical Sciences,Iraq,n/a,n/a,n/a,n/a,n/a,n/a
2027,,Reporter,Jadara University,Jordan,n/a,n/a,n/a,n/a,n/a,n/a
2027,,Reporter,Japan Advanced Institute of Science and Technology (JAIST),Japan,n/a,n/a,n/a,n/a,n/a,n/a
2027,,Reporter,"Jaypee University of Engineering and Technology, Guna",India,n/a,n/a,n/a,n/a,n/a,n/a
2027,,Reporter,Jesselton University College,Malaysia,n/a,n/a,n/a,n/a,n/a,n/a
2027,,Reporter,Jinnah Sindh Medical University,Pakistan,n/a,n/a,n/a,n/a,n/a,n/a
2027,,Reporter,Jizzakh Polytechnic Institute,Uzbekistan,n/a,n/a,n/a,n/a,n/a,n/a
2027,,Reporter,Jizzakh State Pedagogical University,Uzbekistan,n/a,n/a,n/a,n/a,n/a,n/a
2027,,Reporter,John von Neumann University,Hungary,n/a,n/a,n/a,n/a,n/a,n/a
2027,,Reporter,Joseph Sarwuan Tarka University,Nigeria,n/a,n/a,n/a,n/a,n/a,n/a
2027,,Reporter,Kabarak University,Kenya,n/a,n/a,n/a,n/a,n/a,n/a
2027,,Reporter,Kabardino-Balkarian State University,Russian Federation,n/a,n/a,n/a,n/a,n/a,n/a
2027,,Reporter,Kalasin University,Thailand,n/a,n/a,n/a,n/a,n/a,n/a
2027,,Reporter,Kamianets-Podіlskyi Ivan Ohiienko National University,Ukraine,n/a,n/a,n/a,n/a,n/a,n/a
2027,,Reporter,Karachi Metropolitan University,Pakistan,n/a,n/a,n/a,n/a,n/a,n/a
2027,,Reporter,Karaganda University of Kazpotrebsoyuz,Kazakhstan,n/a,n/a,n/a,n/a,n/a,n/a
2027,,Reporter,Karakalpak State University,Uzbekistan,n/a,n/a,n/a,n/a,n/a,n/a
2027,,Reporter,Karatina University,Kenya,n/a,n/a,n/a,n/a,n/a,n/a
2027,,Reporter,Karshi State University,Uzbekistan,n/a,n/a,n/a,n/a,n/a,n/a
2027,,Reporter,Kayseri University,Turkey,n/a,n/a,n/a,n/a,n/a,n/a
2027,,Reporter,Kazakh National Women’s Teacher Training University,Kazakhstan,n/a,n/a,n/a,n/a,n/a,n/a
2027,,Reporter,Kermanshah University of Technology,Iran,n/a,n/a,n/a,n/a,n/a,n/a
2027,,Reporter,Kharkiv Humanitarian-Pedagogical Academy,Ukraine,n/a,n/a,n/a,n/a,n/a,n/a
2027,,Reporter,Kharkiv International Medical University,Ukraine,n/a,n/a,n/a,n/a,n/a,n/a
2027,,Reporter,Kharkiv National University of Internal Affairs,Ukraine,n/a,n/a,n/a,n/a,n/a,n/a
2027,,Reporter,Kharkiv University of Humanities “People’s Ukrainian Academy”,Ukraine,n/a,n/a,n/a,n/a,n/a,n/a
2027,,Reporter,Kherson State Agrarian and Economic University,Ukraine,n/a,n/a,n/a,n/a,n/a,n/a
2027,,Reporter,Kherson State Maritime Academy,Ukraine,n/a,n/a,n/a,n/a,n/a,n/a
2027,,Reporter,Khmelnytskyi National University,Ukraine,n/a,n/a,n/a,n/a,n/a,n/a
2027,,Reporter,Kibabii University,Kenya,n/a,n/a,n/a,n/a,n/a,n/a
2027,,Reporter,Kimyo International University in Tashkent,Uzbekistan,n/a,n/a,n/a,n/a,n/a,n/a
2027,,Reporter,King Abdullah University of Science and Technology (KAUST),Saudi Arabia,n/a,n/a,n/a,n/a,n/a,n/a
2027,,Reporter,King Danylo University,Ukraine,n/a,n/a,n/a,n/a,n/a,n/a
2027,,Reporter,Kingdom University,Bahrain,n/a,n/a,n/a,n/a,n/a,n/a
2027,,Reporter,King Edward Medical University,Pakistan,n/a,n/a,n/a,n/a,n/a,n/a
2027,,Reporter,King Salman International University,Egypt,n/a,n/a,n/a,n/a,n/a,n/a
2027,,Reporter,Knowledge University,Iraq,n/a,n/a,n/a,n/a,n/a,n/a
2027,,Reporter,Kobe Gakuin University,Japan,n/a,n/a,n/a,n/a,n/a,n/a
2027,,Reporter,Kokshetau University named after Abai Myrzakhmetov,Kazakhstan,n/a,n/a,n/a,n/a,n/a,n/a
2027,,Reporter,Komar University of Science and Technology,Iraq,n/a,n/a,n/a,n/a,n/a,n/a
2027,,Reporter,Korkyt Ata Kyzylorda University,Kazakhstan,n/a,n/a,n/a,n/a,n/a,n/a
2027,,Reporter,Kosygin State University of Russia,Russian Federation,n/a,n/a,n/a,n/a,n/a,n/a
2027,,Reporter,Koya University,Iraq,n/a,n/a,n/a,n/a,n/a,n/a
2027,,Reporter,K.R. Mangalam University,India,n/a,n/a,n/a,n/a,n/a,n/a
2027,,Reporter,Krok University,Ukraine,n/a,n/a,n/a,n/a,n/a,n/a
2027,,Reporter,KTO Karatay University,Turkey,n/a,n/a,n/a,n/a,n/a,n/a
2027,,Reporter,Kursk State Medical University,Russian Federation,n/a,n/a,n/a,n/a,n/a,n/a
2027,,Reporter,Kuwait College of Science and Technology (KCST),Kuwait,n/a,n/a,n/a,n/a,n/a,n/a
2027,,Reporter,Kyiv National Economic University,Ukraine,n/a,n/a,n/a,n/a,n/a,n/a
2027,,Reporter,Kyoai Gakuen University,Japan,n/a,n/a,n/a,n/a,n/a,n/a
2027,,Reporter,Kyoto Sangyo University,Japan,n/a,n/a,n/a,n/a,n/a,n/a
2027,,Reporter,Kyrgyz National University named after Jusup Balasagyn,Kyrgyzstan,n/a,n/a,n/a,n/a,n/a,n/a
2027,,Reporter,Kyrgyz-Turkish Manas University,Kyrgyzstan,n/a,n/a,n/a,n/a,n/a,n/a
2027,,Reporter,K. Zhubanov Aktobe Regional University,Kazakhstan,n/a,n/a,n/a,n/a,n/a,n/a
2027,,Reporter,Lagos State University of Education,Nigeria,n/a,n/a,n/a,n/a,n/a,n/a
2027,,Reporter,Lagos State University of Science and Technology,Nigeria,n/a,n/a,n/a,n/a,n/a,n/a
2027,,Reporter,Lahore Garrison University,Pakistan,n/a,n/a,n/a,n/a,n/a,n/a
2027,,Reporter,Laikipia University,Kenya,n/a,n/a,n/a,n/a,n/a,n/a
2027,,Reporter,Lankaran State University,Azerbaijan,n/a,n/a,n/a,n/a,n/a,n/a
2027,,Reporter,La Salle University (Colombia),Colombia,n/a,n/a,n/a,n/a,n/a,n/a
2027,,Reporter,Law Enforcement Academy of the Republic of Uzbekistan,Uzbekistan,n/a,n/a,n/a,n/a,n/a,n/a
2027,,Reporter,Lebanese French University,Iraq,n/a,n/a,n/a,n/a,n/a,n/a
2027,,Reporter,Leeds Arts University,United Kingdom,n/a,n/a,n/a,n/a,n/a,n/a
2027,,Reporter,Leeds Conservatoire,United Kingdom,n/a,n/a,n/a,n/a,n/a,n/a
2027,,Reporter,Leeds Trinity University,United Kingdom,n/a,n/a,n/a,n/a,n/a,n/a
2027,,Reporter,Lesya Ukrainka Volyn National University,Ukraine,n/a,n/a,n/a,n/a,n/a,n/a
2027,,Reporter,Leyte Normal University,Philippines,n/a,n/a,n/a,n/a,n/a,n/a
2027,,Reporter,Liaquat University of Medical and Health Sciences (LUMHS),Pakistan,n/a,n/a,n/a,n/a,n/a,n/a
2027,,Reporter,Libyan International Medical University,Libya,n/a,n/a,n/a,n/a,n/a,n/a
2027,,Reporter,Lincoln Bishop University,United Kingdom,n/a,n/a,n/a,n/a,n/a,n/a
2027,,Reporter,Liverpool Institute for Performing Arts,United Kingdom,n/a,n/a,n/a,n/a,n/a,n/a
2027,,Reporter,Liverpool School of Tropical Medicine,United Kingdom,n/a,n/a,n/a,n/a,n/a,n/a
2027,,Reporter,Liwa University,United Arab Emirates,n/a,n/a,n/a,n/a,n/a,n/a
2027,,Reporter,London Academy of Music and Dramatic Art (LAMDA),United Kingdom,n/a,n/a,n/a,n/a,n/a,n/a
2027,,Reporter,London Business School,United Kingdom,n/a,n/a,n/a,n/a,n/a,n/a
2027,,Reporter,London Film School,United Kingdom,n/a,n/a,n/a,n/a,n/a,n/a
2027,,Reporter,London School of Hygiene and Tropical Medicine,United Kingdom,n/a,n/a,n/a,n/a,n/a,n/a
2027,,Reporter,LSPR Institute of Communication & Business,Indonesia,n/a,n/a,n/a,n/a,n/a,n/a
2027,,Reporter,Lutsk National Technical University,Ukraine,n/a,n/a,n/a,n/a,n/a,n/a
2027,,Reporter,Luxor University,Egypt,n/a,n/a,n/a,n/a,n/a,n/a
2027,,Reporter,Lyceum of the Philippines University,Philippines,n/a,n/a,n/a,n/a,n/a,n/a
2027,,Reporter,Machakos University,Kenya,n/a,n/a,n/a,n/a,n/a,n/a
2027,,Reporter,Madenat Alelem University,Iraq,n/a,n/a,n/a,n/a,n/a,n/a
2027,,Reporter,Magtymguly Turkmen State University,Turkmenistan,n/a,n/a,n/a,n/a,n/a,n/a
2027,,Reporter,Manash Kozybayev North Kazakhstan university,Kazakhstan,n/a,n/a,n/a,n/a,n/a,n/a
2027,,Reporter,Mangalayatan University,India,n/a,n/a,n/a,n/a,n/a,n/a
2027,,Reporter,Mangalayatan University Jabalpur,India,n/a,n/a,n/a,n/a,n/a,n/a
2027,,Reporter,Manila Central University,Philippines,n/a,n/a,n/a,n/a,n/a,n/a
2027,,Reporter,Mansoura National University,Egypt,n/a,n/a,n/a,n/a,n/a,n/a
2027,,Reporter,Mapúa Malayan College Mindanao,Philippines,n/a,n/a,n/a,n/a,n/a,n/a
2027,,Reporter,Mapúa Malayan Colleges Laguna,Philippines,n/a,n/a,n/a,n/a,n/a,n/a
2027,,Reporter,Maritime University of Szczecin,Poland,n/a,n/a,n/a,n/a,n/a,n/a
2027,,Reporter,Marwadi University,India,n/a,n/a,n/a,n/a,n/a,n/a
2027,,Reporter,Maryam Abacha American University of Niger,Niger,n/a,n/a,n/a,n/a,n/a,n/a
2027,,Reporter,Maryam Abacha American University of Nigeria,Nigeria,n/a,n/a,n/a,n/a,n/a,n/a
2027,,Reporter,Meikai University,Japan,n/a,n/a,n/a,n/a,n/a,n/a
2027,,Reporter,Menoufia National University,Egypt,n/a,n/a,n/a,n/a,n/a,n/a
2027,,Reporter,Metropolitan College,Greece,n/a,n/a,n/a,n/a,n/a,n/a
2027,,Reporter,Metropolitan International University,Uganda,n/a,n/a,n/a,n/a,n/a,n/a
2027,,Reporter,Michael and Cecilia Ibru University,Nigeria,n/a,n/a,n/a,n/a,n/a,n/a
2027,,Reporter,Middle East College,Oman,n/a,n/a,n/a,n/a,n/a,n/a
2027,,Reporter,Middle East University – Lebanon,Lebanon,n/a,n/a,n/a,n/a,n/a,n/a
2027,,Reporter,Midocean University,Comoros,n/a,n/a,n/a,n/a,n/a,n/a
2027,,Reporter,Mindanao State University at Naawan,Philippines,n/a,n/a,n/a,n/a,n/a,n/a
2027,,Reporter,Minhaj University Lahore,Pakistan,n/a,n/a,n/a,n/a,n/a,n/a
2027,,Reporter,Mirzo Ulug'bek nomidagi Samarqand davlat texnika universiteti,Uzbekistan,n/a,n/a,n/a,n/a,n/a,n/a
2027,,Reporter,Misr International University,Egypt,n/a,n/a,n/a,n/a,n/a,n/a
2027,,Reporter,Miva Open University,Nigeria,n/a,n/a,n/a,n/a,n/a,n/a
2027,,Reporter,Modern College of Business and Science (Oman),Oman,n/a,n/a,n/a,n/a,n/a,n/a
2027,,Reporter,Modulo University Center,Brazil,n/a,n/a,n/a,n/a,n/a,n/a
2027,,Reporter,Mohammad Ali Jinnah University,Pakistan,n/a,n/a,n/a,n/a,n/a,n/a
2027,,Reporter,Mohammed VI University of Sciences and Health,Morocco,n/a,n/a,n/a,n/a,n/a,n/a
2027,,Reporter,Moscow City University,Russian Federation,n/a,n/a,n/a,n/a,n/a,n/a
2027,,Reporter,Moscow State Linguistic University,Russian Federation,n/a,n/a,n/a,n/a,n/a,n/a
2027,,Reporter,Moscow State Tchaikovsky Conservatory,Russian Federation,n/a,n/a,n/a,n/a,n/a,n/a
2027,,Reporter,Mount Kenya University,Kenya,n/a,n/a,n/a,n/a,n/a,n/a
2027,,Reporter,Muhammadiyah University of Jakarta (UMJ),Indonesia,n/a,n/a,n/a,n/a,n/a,n/a
2027,,Reporter,Muhammadiyah University of Makassar,Indonesia,n/a,n/a,n/a,n/a,n/a,n/a
2027,,Reporter,Muhammadiyah University of North Sumatra,Indonesia,n/a,n/a,n/a,n/a,n/a,n/a
2027,,Reporter,Muhammadiyah University of Semarang (Unimus),Indonesia,n/a,n/a,n/a,n/a,n/a,n/a
2027,,Reporter,Muhammadiyah University of Sidoarjo,Indonesia,n/a,n/a,n/a,n/a,n/a,n/a
2027,,Reporter,Muhammadiyah University Prof. Dr. Hamka,Indonesia,n/a,n/a,n/a,n/a,n/a,n/a
2027,,Reporter,"Muhammad Nawaz Sharif University of Engineering & Technology, Multan",Pakistan,n/a,n/a,n/a,n/a,n/a,n/a
2027,,Reporter,Mukhametzhan Tynyshbayev ALT University,Kazakhstan,n/a,n/a,n/a,n/a,n/a,n/a
2027,,Reporter,Mulungushi University,Zambia,n/a,n/a,n/a,n/a,n/a,n/a
2027,,Reporter,Musashino University,Japan,n/a,n/a,n/a,n/a,n/a,n/a
2027,,Reporter,Nahdlatul Ulama University Surabaya,Indonesia,n/a,n/a,n/a,n/a,n/a,n/a
2027,,Reporter,Nakhchivan State University,Azerbaijan,n/a,n/a,n/a,n/a,n/a,n/a
2027,,Reporter,Nakhon Ratchasima Rajabhat University,Thailand,n/a,n/a,n/a,n/a,n/a,n/a
2027,,Reporter,Namal University,Pakistan,n/a,n/a,n/a,n/a,n/a,n/a
2027,,Reporter,Namangan State Pedagogical Institute,Uzbekistan,n/a,n/a,n/a,n/a,n/a,n/a
2027,,Reporter,Namangan State Technical University,Uzbekistan,n/a,n/a,n/a,n/a,n/a,n/a
2027,,Reporter,Namangan State University,Uzbekistan,n/a,n/a,n/a,n/a,n/a,n/a
2027,,Reporter,Nam Can Tho University,Vietnam,n/a,n/a,n/a,n/a,n/a,n/a
2027,,Reporter,Narxoz University,Kazakhstan,n/a,n/a,n/a,n/a,n/a,n/a
2027,,Reporter,"Nasarawa State University, Keffi",Nigeria,n/a,n/a,n/a,n/a,n/a,n/a
2027,,Reporter,National Defence University – Pakistan,Pakistan,n/a,n/a,n/a,n/a,n/a,n/a
2027,,Reporter,National Film and Television School,United Kingdom,n/a,n/a,n/a,n/a,n/a,n/a
2027,,Reporter,National Pedagogical University of Uzbekistan named after Nizami,Uzbekistan,n/a,n/a,n/a,n/a,n/a,n/a
2027,,Reporter,National School of Artificial Intelligence (ENSIA),Algeria,n/a,n/a,n/a,n/a,n/a,n/a
2027,,Reporter,National Taichung University of Education,Taiwan,n/a,n/a,n/a,n/a,n/a,n/a
2027,,Reporter,National Transport University,Ukraine,n/a,n/a,n/a,n/a,n/a,n/a
2027,,Reporter,National University of Food Technologies,Ukraine,n/a,n/a,n/a,n/a,n/a,n/a
2027,,Reporter,National University of Science and Technology (Iraq),Iraq,n/a,n/a,n/a,n/a,n/a,n/a
2027,,Reporter,National University of Technology,Pakistan,n/a,n/a,n/a,n/a,n/a,n/a
2027,,Reporter,National University Philippines,Philippines,n/a,n/a,n/a,n/a,n/a,n/a
2027,,Reporter,National University “Yuri Kondratyuk Poltava Polytechnic”,Ukraine,n/a,n/a,n/a,n/a,n/a,n/a
2027,,Reporter,Navoi State University,Uzbekistan,n/a,n/a,n/a,n/a,n/a,n/a
2027,,Reporter,Navoi State University of Mining and Technologies,Uzbekistan,n/a,n/a,n/a,n/a,n/a,n/a
2027,,Reporter,New Vision University,Georgia,n/a,n/a,n/a,n/a,n/a,n/a
2027,,Reporter,Nile University of Nigeria,Nigeria,n/a,n/a,n/a,n/a,n/a,n/a
2027,,Reporter,Nile University of Science and Technology,Somalia,n/a,n/a,n/a,n/a,n/a,n/a
2027,,Reporter,North Borneo University College,Malaysia,n/a,n/a,n/a,n/a,n/a,n/a
2027,,Reporter,Northeastern University,Thailand,n/a,n/a,n/a,n/a,n/a,n/a
2027,,Reporter,Norwich University of the Arts,United Kingdom,n/a,n/a,n/a,n/a,n/a,n/a
2027,,Reporter,NSBM Green University,Sri Lanka,n/a,n/a,n/a,n/a,n/a,n/a
2027,,Reporter,Nueva Ecija University of Science and Technology (NEUST),Philippines,n/a,n/a,n/a,n/a,n/a,n/a
2027,,Reporter,Nueva Vizcaya State University,Philippines,n/a,n/a,n/a,n/a,n/a,n/a
2027,,Reporter,Nusa Putra University,Indonesia,n/a,n/a,n/a,n/a,n/a,n/a
2027,,Reporter,Obour University for Science & Technology (OUST),Egypt,n/a,n/a,n/a,n/a,n/a,n/a
2027,,Reporter,Odesa I.I. Mechnikov National University,Ukraine,n/a,n/a,n/a,n/a,n/a,n/a
2027,,Reporter,Odesa Polytechnic National University,Ukraine,n/a,n/a,n/a,n/a,n/a,n/a
2027,,Reporter,Odesa State University of Internal Affairs,Ukraine,n/a,n/a,n/a,n/a,n/a,n/a
2027,,Reporter,Oguz Han Engineering and Technology University of Turkmenistan,Turkmenistan,n/a,n/a,n/a,n/a,n/a,n/a
2027,,Reporter,Omar Al-Mukhtar University,Libya,n/a,n/a,n/a,n/a,n/a,n/a
2027,,Reporter,Omsk State Technical University,Russian Federation,n/a,n/a,n/a,n/a,n/a,n/a
2027,,Reporter,Open University of Kenya,Kenya,n/a,n/a,n/a,n/a,n/a,n/a
2027,,Reporter,Oran Graduate School of Economics,Algeria,n/a,n/a,n/a,n/a,n/a,n/a
2027,,Reporter,ORT Uruguay University,Uruguay,n/a,n/a,n/a,n/a,n/a,n/a
2027,,Reporter,Ostrogradsky National University of Kremenchuk,Ukraine,n/a,n/a,n/a,n/a,n/a,n/a
2027,,Reporter,Otemon Gakuin University,Japan,n/a,n/a,n/a,n/a,n/a,n/a
2027,,Reporter,Pacific National University,Russian Federation,n/a,n/a,n/a,n/a,n/a,n/a
2027,,Reporter,Pakistan Institute of Development Economics,Pakistan,n/a,n/a,n/a,n/a,n/a,n/a
2027,,Reporter,Palawan State University,Philippines,n/a,n/a,n/a,n/a,n/a,n/a
2027,,Reporter,Palestine Ahliya University,Palestine,n/a,n/a,n/a,n/a,n/a,n/a
2027,,Reporter,Palestine Technical University – Kadoorie,Palestine,n/a,n/a,n/a,n/a,n/a,n/a
2027,,Reporter,Pangasinan State University,Philippines,n/a,n/a,n/a,n/a,n/a,n/a
2027,,Reporter,Panteion University of Social and Political Sciences,Greece,n/a,n/a,n/a,n/a,n/a,n/a
2027,,Reporter,Parahyangan Catholic University,Indonesia,n/a,n/a,n/a,n/a,n/a,n/a
2027,,Reporter,Peoples University of Medical & Health Sciences for Women – Shaheed Benazirabad,Pakistan,n/a,n/a,n/a,n/a,n/a,n/a
2027,,Reporter,Perdana University,Malaysia,n/a,n/a,n/a,n/a,n/a,n/a
2027,,Reporter,Petersburg State Transport University,Russian Federation,n/a,n/a,n/a,n/a,n/a,n/a
2027,,Reporter,Petroleum Higher School,Russian Federation,n/a,n/a,n/a,n/a,n/a,n/a
2027,,Reporter,Petroleum University of Technology,Iran,n/a,n/a,n/a,n/a,n/a,n/a
2027,,Reporter,Philadelphia University (Jordan),Jordan,n/a,n/a,n/a,n/a,n/a,n/a
2027,,Reporter,Piri Reis University,Turkey,n/a,n/a,n/a,n/a,n/a,n/a
2027,,Reporter,"Plateau State University, Bokkos",Nigeria,n/a,n/a,n/a,n/a,n/a,n/a
2027,,Reporter,Platov South-Russian State Polytechnic University (NPI),Russian Federation,n/a,n/a,n/a,n/a,n/a,n/a
2027,,Reporter,Plymouth Marjon University,United Kingdom,n/a,n/a,n/a,n/a,n/a,n/a
2027,,Reporter,Podillia State University,Ukraine,n/a,n/a,n/a,n/a,n/a,n/a
2027,,Reporter,Polis University,Albania,n/a,n/a,n/a,n/a,n/a,n/a
2027,,Reporter,Poltava State Medical University,Ukraine,n/a,n/a,n/a,n/a,n/a,n/a
2027,,Reporter,Poltava V.G. Korolenko National Pedagogical University (PNPU),Ukraine,n/a,n/a,n/a,n/a,n/a,n/a
2027,,Reporter,Polytechnic University of the Philippines,Philippines,n/a,n/a,n/a,n/a,n/a,n/a
2027,,Reporter,Polytechnic University of Tirana,Albania,n/a,n/a,n/a,n/a,n/a,n/a
2027,,Reporter,Pontificia Universidad Católica Madre y Maestra (PUCMM),Dominican Republic,n/a,n/a,n/a,n/a,n/a,n/a
2027,,Reporter,President University,Indonesia,n/a,n/a,n/a,n/a,n/a,n/a
2027,,Reporter,PSB University Cambodia,Cambodia,n/a,n/a,n/a,n/a,n/a,n/a
2027,,Reporter,Puntland State University (PSU),Somalia,n/a,n/a,n/a,n/a,n/a,n/a
2027,,Reporter,Pwani University,Kenya,n/a,n/a,n/a,n/a,n/a,n/a
2027,,Reporter,Qaiwan International University,Iraq,n/a,n/a,n/a,n/a,n/a,n/a
2027,,Reporter,Qom University of Technology,Iran,n/a,n/a,n/a,n/a,n/a,n/a
2027,,Reporter,Queen Arwa University,Yemen,n/a,n/a,n/a,n/a,n/a,n/a
2027,,Reporter,Queen Margaret University,United Kingdom,n/a,n/a,n/a,n/a,n/a,n/a
2027,,Reporter,Quezon City University,Philippines,n/a,n/a,n/a,n/a,n/a,n/a
2027,,Reporter,Rabdan Academy,United Arab Emirates,n/a,n/a,n/a,n/a,n/a,n/a
2027,,Reporter,Raden Mas Said State Islamic University Surakarta,Indonesia,n/a,n/a,n/a,n/a,n/a,n/a
2027,,Reporter,Rajamangala University of Technology Krungthep,Thailand,n/a,n/a,n/a,n/a,n/a,n/a
2027,,Reporter,Rajamangala University of Technology Lanna,Thailand,n/a,n/a,n/a,n/a,n/a,n/a
2027,,Reporter,Rajarata University of Sri Lanka,Sri Lanka,n/a,n/a,n/a,n/a,n/a,n/a
2027,,Reporter,RAK Medical and Health Sciences University,United Arab Emirates,n/a,n/a,n/a,n/a,n/a,n/a
2027,,Reporter,Rawalpindi Medical University,Pakistan,n/a,n/a,n/a,n/a,n/a,n/a
2027,,Reporter,Regional Autonomous University of the Andes (UNIANDES),Ecuador,n/a,n/a,n/a,n/a,n/a,n/a
2027,,Reporter,Relizane University,Algeria,n/a,n/a,n/a,n/a,n/a,n/a
2027,,Reporter,Renaissance Educational University,Uzbekistan,n/a,n/a,n/a,n/a,n/a,n/a
2027,,Reporter,Riga Nordic University,Latvia,n/a,n/a,n/a,n/a,n/a,n/a
2027,,Reporter,Ritsumeikan Asia Pacific University (APU),Japan,n/a,n/a,n/a,n/a,n/a,n/a
2027,,Reporter,Rivers State University,Nigeria,n/a,n/a,n/a,n/a,n/a,n/a
2027,,Reporter,Rome Business School,Italy,n/a,n/a,n/a,n/a,n/a,n/a
2027,,Reporter,Rose Bruford College,United Kingdom,n/a,n/a,n/a,n/a,n/a,n/a
2027,,Reporter,Rostov State University of Economics,Russian Federation,n/a,n/a,n/a,n/a,n/a,n/a
2027,,Reporter,Royal Academy of Dramatic Art (RADA),United Kingdom,n/a,n/a,n/a,n/a,n/a,n/a
2027,,Reporter,Royal Academy of Music,United Kingdom,n/a,n/a,n/a,n/a,n/a,n/a
2027,,Reporter,Royal Agricultural University,United Kingdom,n/a,n/a,n/a,n/a,n/a,n/a
2027,,Reporter,"Royal Central School of Speech and Drama, University of London",United Kingdom,n/a,n/a,n/a,n/a,n/a,n/a
2027,,Reporter,Royal College of Art,United Kingdom,n/a,n/a,n/a,n/a,n/a,n/a
2027,,Reporter,Royal College of Music,United Kingdom,n/a,n/a,n/a,n/a,n/a,n/a
2027,,Reporter,Royal Conservatoire of Scotland,United Kingdom,n/a,n/a,n/a,n/a,n/a,n/a
2027,,Reporter,Royal Northern College of Music,United Kingdom,n/a,n/a,n/a,n/a,n/a,n/a
2027,,Reporter,Royal University for Women (RUW),Bahrain,n/a,n/a,n/a,n/a,n/a,n/a
2027,,Reporter,Rudny Industrial University,Kazakhstan,n/a,n/a,n/a,n/a,n/a,n/a
2027,,Reporter,Russian Biotechnological University (BIOTECH),Russian Federation,n/a,n/a,n/a,n/a,n/a,n/a
2027,,Reporter,Ryazan State Medical University,Russian Federation,n/a,n/a,n/a,n/a,n/a,n/a
2027,,Reporter,SAGE University Indore,India,n/a,n/a,n/a,n/a,n/a,n/a
2027,,Reporter,Saint Louis University (Philippines),Philippines,n/a,n/a,n/a,n/a,n/a,n/a
2027,,Reporter,Saint Mary’s University,Philippines,n/a,n/a,n/a,n/a,n/a,n/a
2027,,Reporter,"Saint Thomas University, Colombia",Colombia,n/a,n/a,n/a,n/a,n/a,n/a
2027,,Reporter,Sakon Nakhon Rajabhat University,Thailand,n/a,n/a,n/a,n/a,n/a,n/a
2027,,Reporter,Samarkand Institute of Economics and Service (SamISI),Uzbekistan,n/a,n/a,n/a,n/a,n/a,n/a
2027,,Reporter,Samarkand State Medical University,Uzbekistan,n/a,n/a,n/a,n/a,n/a,n/a
2027,,Reporter,Sanjeev Agrawal Global Educational University Bhopal,India,n/a,n/a,n/a,n/a,n/a,n/a
2027,,Reporter,Sanko University,Turkey,n/a,n/a,n/a,n/a,n/a,n/a
2027,,Reporter,Sapientia Hungarian University of Transylvania,Romania,n/a,n/a,n/a,n/a,n/a,n/a
2027,,Reporter,Sardar Vallabhbhai Patel University of Agriculture and Technology,India,n/a,n/a,n/a,n/a,n/a,n/a
2027,,Reporter,Sarhad University of Science & Information Technology (SUIT),Pakistan,n/a,n/a,n/a,n/a,n/a,n/a
2027,,Reporter,Satya Wacana Christian University,Indonesia,n/a,n/a,n/a,n/a,n/a,n/a
2027,,Reporter,Sawa University,Iraq,n/a,n/a,n/a,n/a,n/a,n/a
2027,,Reporter,SBS Swiss Business School,Switzerland,n/a,n/a,n/a,n/a,n/a,n/a
2027,,Reporter,School of Higher Commercial Studies (EHEC Algiers),Algeria,n/a,n/a,n/a,n/a,n/a,n/a
2027,,Reporter,Scuola Internazionale Superiore di Studi Avanzati (SISSA),Italy,n/a,n/a,n/a,n/a,n/a,n/a
2027,,Reporter,SDU University,Kazakhstan,n/a,n/a,n/a,n/a,n/a,n/a
2027,,Reporter,Sebha University,Libya,n/a,n/a,n/a,n/a,n/a,n/a
2027,,Reporter,Senshu University,Japan,n/a,n/a,n/a,n/a,n/a,n/a
2027,,Reporter,"Shah Abdul Latif University, Khairpur",Pakistan,n/a,n/a,n/a,n/a,n/a,n/a
2027,,Reporter,"Shaheed Allah Buksh Soomro University of Art, Design and Heritages",Pakistan,n/a,n/a,n/a,n/a,n/a,n/a
2027,,Reporter,Shaheed Mohtarma Benazir Bhutto Medical University,Pakistan,n/a,n/a,n/a,n/a,n/a,n/a
2027,,Reporter,Shaheed Zulfiqar Ali Bhutto Medical University,Pakistan,n/a,n/a,n/a,n/a,n/a,n/a
2027,,Reporter,Shahrisabz State Pedagogical Institute,Uzbekistan,n/a,n/a,n/a,n/a,n/a,n/a
2027,,Reporter,Shakarim University,Kazakhstan,n/a,n/a,n/a,n/a,n/a,n/a
2027,,Reporter,Shatt Al-Arab University,Iraq,n/a,n/a,n/a,n/a,n/a,n/a
2027,,Reporter,Sher-e-Bangla Agricultural University (SAU),Bangladesh,n/a,n/a,n/a,n/a,n/a,n/a
2027,,Reporter,Shupyk National Healthcare University of Ukraine,Ukraine,n/a,n/a,n/a,n/a,n/a,n/a
2027,,Reporter,Simon Kuznets Kharkiv National University of Economics,Ukraine,n/a,n/a,n/a,n/a,n/a,n/a
2027,,Reporter,Sir Syed University of Engineering and Technology,Pakistan,n/a,n/a,n/a,n/a,n/a,n/a
2027,,Reporter,Sisaket Rajabhat University,Thailand,n/a,n/a,n/a,n/a,n/a,n/a
2027,,Reporter,Skolkovo Institute of Science and Technology (Skoltech),Russian Federation,n/a,n/a,n/a,n/a,n/a,n/a
2027,,Reporter,"Solent University, Southampton",United Kingdom,n/a,n/a,n/a,n/a,n/a,n/a
2027,,Reporter,Sorbonne University Abu Dhabi,United Arab Emirates,n/a,n/a,n/a,n/a,n/a,n/a
2027,,Reporter,Sorsogon State University,Philippines,n/a,n/a,n/a,n/a,n/a,n/a
2027,,Reporter,South East European University,North Macedonia,n/a,n/a,n/a,n/a,n/a,n/a
2027,,Reporter,South Kazakhstan Medical Academy (SKMA),Kazakhstan,n/a,n/a,n/a,n/a,n/a,n/a
2027,,Reporter,South Mediterranean University (SMU),Tunisia,n/a,n/a,n/a,n/a,n/a,n/a
2027,,Reporter,Sphinx University,Egypt,n/a,n/a,n/a,n/a,n/a,n/a
2027,,Reporter,State Energy Institute of Turkmenistan,Turkmenistan,n/a,n/a,n/a,n/a,n/a,n/a
2027,,Reporter,State Islamic University of Sultan Syarif Kasim Riau,Indonesia,n/a,n/a,n/a,n/a,n/a,n/a
2027,,Reporter,State Polytechnic of Malang,Indonesia,n/a,n/a,n/a,n/a,n/a,n/a
2027,,Reporter,State University of Bangladesh,Bangladesh,n/a,n/a,n/a,n/a,n/a,n/a
2027,,Reporter,State University of Information and Communication Technologies,Ukraine,n/a,n/a,n/a,n/a,n/a,n/a
2027,,Reporter,State University of Land Use Planning,Russian Federation,n/a,n/a,n/a,n/a,n/a,n/a
2027,,Reporter,State University of Trade and Economics,Ukraine,n/a,n/a,n/a,n/a,n/a,n/a
2027,,Reporter,Stavropol State Agrarian University,Russian Federation,n/a,n/a,n/a,n/a,n/a,n/a
2027,,Reporter,"St Mary’s University College, Belfast",United Kingdom,n/a,n/a,n/a,n/a,n/a,n/a
2027,,Reporter,"St Mary’s University, Twickenham",United Kingdom,n/a,n/a,n/a,n/a,n/a,n/a
2027,,Reporter,St Paul University Philippines,Philippines,n/a,n/a,n/a,n/a,n/a,n/a
2027,,Reporter,Stranmillis University College,United Kingdom,n/a,n/a,n/a,n/a,n/a,n/a
2027,,Reporter,Sugiyama Jogakuen University,Japan,n/a,n/a,n/a,n/a,n/a,n/a
2027,,Reporter,Sulaimani Polytechnic University,Iraq,n/a,n/a,n/a,n/a,n/a,n/a
2027,,Reporter,Sulkhan-Saba Orbeliani University,Georgia,n/a,n/a,n/a,n/a,n/a,n/a
2027,,Reporter,Sumy National Agrarian University,Ukraine,n/a,n/a,n/a,n/a,n/a,n/a
2027,,Reporter,Sumy State Pedagogical University named after A.S. Makarenko,Ukraine,n/a,n/a,n/a,n/a,n/a,n/a
2027,,Reporter,Swami Rama Himalayan University,India,n/a,n/a,n/a,n/a,n/a,n/a
2027,,Reporter,SZABIST University,Pakistan,n/a,n/a,n/a,n/a,n/a,n/a
2027,,Reporter,Tajik National University,Tajikistan,n/a,n/a,n/a,n/a,n/a,n/a
2027,,Reporter,Tajik State Pedagogical University named after Sadriddin Ayni,Tajikistan,n/a,n/a,n/a,n/a,n/a,n/a
2027,,Reporter,Tarlac Agricultural University,Philippines,n/a,n/a,n/a,n/a,n/a,n/a
2027,,Reporter,Tashkent Institute of Chemical Technology,Uzbekistan,n/a,n/a,n/a,n/a,n/a,n/a
2027,,Reporter,Tashkent Pharmaceutical Institute,Uzbekistan,n/a,n/a,n/a,n/a,n/a,n/a
2027,,Reporter,Tashkent State Agrarian University,Uzbekistan,n/a,n/a,n/a,n/a,n/a,n/a
2027,,Reporter,Tashkent State University of Law,Uzbekistan,n/a,n/a,n/a,n/a,n/a,n/a
2027,,Reporter,Tashkent State University of Oriental Studies,Uzbekistan,n/a,n/a,n/a,n/a,n/a,n/a
2027,,Reporter,Tashkent University of Architecture and Civil Engineering,Uzbekistan,n/a,n/a,n/a,n/a,n/a,n/a
2027,,Reporter,Tata Institute of Fundamental Research,India,n/a,n/a,n/a,n/a,n/a,n/a
2027,,Reporter,Tatung University,Taiwan,n/a,n/a,n/a,n/a,n/a,n/a
2027,,Reporter,Tbilisi State Medical University,Georgia,n/a,n/a,n/a,n/a,n/a,n/a
2027,,Reporter,T. C. Demiroğlu Bilim University,Turkey,n/a,n/a,n/a,n/a,n/a,n/a
2027,,Reporter,Technical University of Ambato,Ecuador,n/a,n/a,n/a,n/a,n/a,n/a
2027,,Reporter,Technical University of Cotopaxi (UTC),Ecuador,n/a,n/a,n/a,n/a,n/a,n/a
2027,,Reporter,Technische Hochschule Ingolstadt,Germany,n/a,n/a,n/a,n/a,n/a,n/a
2027,,Reporter,Tecmilenio University,Mexico,n/a,n/a,n/a,n/a,n/a,n/a
2027,,Reporter,Teikyo Heisei University,Japan,n/a,n/a,n/a,n/a,n/a,n/a
2027,,Reporter,Termez State Pedagogical Institute,Uzbekistan,n/a,n/a,n/a,n/a,n/a,n/a
2027,,Reporter,Termez State University,Uzbekistan,n/a,n/a,n/a,n/a,n/a,n/a
2027,,Reporter,Termez University of Economics and Services,Uzbekistan,n/a,n/a,n/a,n/a,n/a,n/a
2027,,Reporter,Thaksin University,Thailand,n/a,n/a,n/a,n/a,n/a,n/a
2027,,Reporter,Thamar University,Yemen,n/a,n/a,n/a,n/a,n/a,n/a
2027,,Reporter,Tharaka University,Kenya,n/a,n/a,n/a,n/a,n/a,n/a
2027,,Reporter,The American University of Science,United States,n/a,n/a,n/a,n/a,n/a,n/a
2027,,Reporter,The British University in Dubai,United Arab Emirates,n/a,n/a,n/a,n/a,n/a,n/a
2027,,Reporter,The Government Sadiq College Women University Bahawalpur,Pakistan,n/a,n/a,n/a,n/a,n/a,n/a
2027,,Reporter,"The Graduate University for Advanced Studies, SOKENDAI",Japan,n/a,n/a,n/a,n/a,n/a,n/a
2027,,Reporter,The National University of Ostroh Academy,Ukraine,n/a,n/a,n/a,n/a,n/a,n/a
2027,,Reporter,The Public Authority for Applied Education and Training (PAAET),Kuwait,n/a,n/a,n/a,n/a,n/a,n/a
2027,,Reporter,The University of World Economy and Diplomacy (UWED),Uzbekistan,n/a,n/a,n/a,n/a,n/a,n/a
2027,,Reporter,T.H. Shevchenko National University Chernihiv Colehium,Ukraine,n/a,n/a,n/a,n/a,n/a,n/a
2027,,Reporter,Tiradentes University,Brazil,n/a,n/a,n/a,n/a,n/a,n/a
2027,,Reporter,Tissemsilt University,Algeria,n/a,n/a,n/a,n/a,n/a,n/a
2027,,Reporter,Tokyo University of Foreign Studies,Japan,n/a,n/a,n/a,n/a,n/a,n/a
2027,,Reporter,Tomsk State Pedagogical University,Russian Federation,n/a,n/a,n/a,n/a,n/a,n/a
2027,,Reporter,Toraighyrov University,Kazakhstan,n/a,n/a,n/a,n/a,n/a,n/a
2027,,Reporter,Toribio Rodríguez de Mendoza National University of Amazonas,Peru,n/a,n/a,n/a,n/a,n/a,n/a
2027,,Reporter,Toyota Technological Institute,Japan,n/a,n/a,n/a,n/a,n/a,n/a
2027,,Reporter,Transport and Telecommunication Institute,Latvia,n/a,n/a,n/a,n/a,n/a,n/a
2027,,Reporter,Trinity Laban Conservatoire of Music and Dance,United Kingdom,n/a,n/a,n/a,n/a,n/a,n/a
2027,,Reporter,Turan International University,Uzbekistan,n/a,n/a,n/a,n/a,n/a,n/a
2027,,Reporter,Turan University,Kazakhstan,n/a,n/a,n/a,n/a,n/a,n/a
2027,,Reporter,Turkmen Agricultural University named after S.A. Niyazov,Turkmenistan,n/a,n/a,n/a,n/a,n/a,n/a
2027,,Reporter,Turkmen State Architecture and Construction Institute,Turkmenistan,n/a,n/a,n/a,n/a,n/a,n/a
2027,,Reporter,Turkmen State Institute of Economics and Management,Turkmenistan,n/a,n/a,n/a,n/a,n/a,n/a
2027,,Reporter,Turkmen State Institute of Finance,Turkmenistan,n/a,n/a,n/a,n/a,n/a,n/a
2027,,Reporter,Tver State Technical University,Russian Federation,n/a,n/a,n/a,n/a,n/a,n/a
2027,,Reporter,Ualikhanov University,Kazakhstan,n/a,n/a,n/a,n/a,n/a,n/a
2027,,Reporter,Udon Thani Rajabhat University,Thailand,n/a,n/a,n/a,n/a,n/a,n/a
2027,,Reporter,UIN Sunan Ampel Surabaya,Indonesia,n/a,n/a,n/a,n/a,n/a,n/a
2027,,Reporter,Ulyanovsk State University,Russian Federation,n/a,n/a,n/a,n/a,n/a,n/a
2027,,Reporter,UNESC,Brazil,n/a,n/a,n/a,n/a,n/a,n/a
2027,,Reporter,Universiapolis – Université Internationale d’Agadir,Morocco,n/a,n/a,n/a,n/a,n/a,n/a
2027,,Reporter,Universidad Alfonso X el Sabio,Spain,n/a,n/a,n/a,n/a,n/a,n/a
2027,,Reporter,Universidad Católica de Colombia,Colombia,n/a,n/a,n/a,n/a,n/a,n/a
2027,,Reporter,Universidad Católica de Cuenca,Ecuador,n/a,n/a,n/a,n/a,n/a,n/a
2027,,Reporter,Universidad Católica San Pablo,Peru,n/a,n/a,n/a,n/a,n/a,n/a
2027,,Reporter,Universidad Del Caribe (UNICARIBE),Dominican Republic,n/a,n/a,n/a,n/a,n/a,n/a
2027,,Reporter,Universidad del Magdalena,Colombia,n/a,n/a,n/a,n/a,n/a,n/a
2027,,Reporter,Universidad del Pacífico,Peru,n/a,n/a,n/a,n/a,n/a,n/a
2027,,Reporter,Universidad del Pacífico Ecuador,Ecuador,n/a,n/a,n/a,n/a,n/a,n/a
2027,,Reporter,Universidad de Pamplona,Colombia,n/a,n/a,n/a,n/a,n/a,n/a
2027,,Reporter,Universidad de Panamá,Panama,n/a,n/a,n/a,n/a,n/a,n/a
2027,,Reporter,Universidad de San Buenaventura,Colombia,n/a,n/a,n/a,n/a,n/a,n/a
2027,,Reporter,Universidad Distrital Francisco José de Caldas,Colombia,n/a,n/a,n/a,n/a,n/a,n/a
2027,,Reporter,Universidade 11 de Novembro,Angola,n/a,n/a,n/a,n/a,n/a,n/a
2027,,Reporter,Universidade Agostinho Neto,Angola,n/a,n/a,n/a,n/a,n/a,n/a
2027,,Reporter,Universidade Christus,Brazil,n/a,n/a,n/a,n/a,n/a,n/a
2027,,Reporter,Universidade Cidade de São Paulo,Brazil,n/a,n/a,n/a,n/a,n/a,n/a
2027,,Reporter,Universidade Cuíto Cuanavale,Angola,n/a,n/a,n/a,n/a,n/a,n/a
2027,,Reporter,Universidade de Luanda,Angola,n/a,n/a,n/a,n/a,n/a,n/a
2027,,Reporter,Universidade do Namibe,Angola,n/a,n/a,n/a,n/a,n/a,n/a
2027,,Reporter,Universidade José Eduardo dos Santos,Angola,n/a,n/a,n/a,n/a,n/a,n/a
2027,,Reporter,Universidade Kimpa Vita,Angola,n/a,n/a,n/a,n/a,n/a,n/a
2027,,Reporter,Universidade Lueji A’Nkonde,Angola,n/a,n/a,n/a,n/a,n/a,n/a
2027,,Reporter,Universidade Mandume ya Ndemufayo,Angola,n/a,n/a,n/a,n/a,n/a,n/a
2027,,Reporter,Universidade Rainha Njinga a Mbande (URNM),Angola,n/a,n/a,n/a,n/a,n/a,n/a
2027,,Reporter,Universidad Estatal a Distancia,Costa Rica,n/a,n/a,n/a,n/a,n/a,n/a
2027,,Reporter,Universidad Internacional del Ecuador,Ecuador,n/a,n/a,n/a,n/a,n/a,n/a
2027,,Reporter,Universidad Manuela Beltrán,Colombia,n/a,n/a,n/a,n/a,n/a,n/a
2027,,Reporter,Universidad Nacional Abierta y a Distancia (UNAD),Colombia,n/a,n/a,n/a,n/a,n/a,n/a
2027,,Reporter,Universidad Nacional Autónoma de Honduras,Honduras,n/a,n/a,n/a,n/a,n/a,n/a
2027,,Reporter,Universidad Nacional de Chimborazo,Ecuador,n/a,n/a,n/a,n/a,n/a,n/a
2027,,Reporter,Universidad Nacional de Itapúa,Paraguay,n/a,n/a,n/a,n/a,n/a,n/a
2027,,Reporter,Universidad Nacional de Loja,Ecuador,n/a,n/a,n/a,n/a,n/a,n/a
2027,,Reporter,Universidad Popular Autónoma del Estado de Puebla,Mexico,n/a,n/a,n/a,n/a,n/a,n/a
2027,,Reporter,Universidad Regional Amazónica Ikiam,Ecuador,n/a,n/a,n/a,n/a,n/a,n/a
2027,,Reporter,Universidad Tecnológica Centroamericana (UNITEC),Honduras,n/a,n/a,n/a,n/a,n/a,n/a
2027,,Reporter,Universidad Tecnológica de Bolívar,Colombia,n/a,n/a,n/a,n/a,n/a,n/a
2027,,Reporter,Universidad UTE,Ecuador,n/a,n/a,n/a,n/a,n/a,n/a
2027,,Reporter,Universita IULM,Italy,n/a,n/a,n/a,n/a,n/a,n/a
2027,,Reporter,Universitas 17 Agustus 1945 Surabaya,Indonesia,n/a,n/a,n/a,n/a,n/a,n/a
2027,,Reporter,Universitas Atma Jaya Yogyakarta,Indonesia,n/a,n/a,n/a,n/a,n/a,n/a
2027,,Reporter,Universitas Esa Unggul,Indonesia,n/a,n/a,n/a,n/a,n/a,n/a
2027,,Reporter,Universitas Islam Bandung (UNISBA),Indonesia,n/a,n/a,n/a,n/a,n/a,n/a
2027,,Reporter,Universitas Islam Negeri Professor Kiai Haji Saifuddin Zuhri (UIN Saizu) Purwokerto,Indonesia,n/a,n/a,n/a,n/a,n/a,n/a
2027,,Reporter,Universitas Islam Negeri Sumatera Utara,Indonesia,n/a,n/a,n/a,n/a,n/a,n/a
2027,,Reporter,Universitas Islam Sultan Agung,Indonesia,n/a,n/a,n/a,n/a,n/a,n/a
2027,,Reporter,Universitas Katolik Santo Thomas,Indonesia,n/a,n/a,n/a,n/a,n/a,n/a
2027,,Reporter,Universitas Komputer Indonesia,Indonesia,n/a,n/a,n/a,n/a,n/a,n/a
2027,,Reporter,Universitas Mercu Buana,Indonesia,n/a,n/a,n/a,n/a,n/a,n/a
2027,,Reporter,Universitas Multimedia Nusantara,Indonesia,n/a,n/a,n/a,n/a,n/a,n/a
2027,,Reporter,Universitas Pembangunan Nasional Veteran Jakarta,Indonesia,n/a,n/a,n/a,n/a,n/a,n/a
2027,,Reporter,Universitas Pembangunan Nasional Veteran Jawa Timur (UPNVJT),Indonesia,n/a,n/a,n/a,n/a,n/a,n/a
2027,,Reporter,Universitas Pendidikan Ganesha (Undiksha),Indonesia,n/a,n/a,n/a,n/a,n/a,n/a
2027,,Reporter,Universitas Pendidikan Nasional (Undiknas),Indonesia,n/a,n/a,n/a,n/a,n/a,n/a
2027,,Reporter,Universitas Surabaya,Indonesia,n/a,n/a,n/a,n/a,n/a,n/a
2027,,Reporter,Universitas Tarumanagara,Indonesia,n/a,n/a,n/a,n/a,n/a,n/a
2027,,Reporter,Universitas Teknokrat Indonesia,Indonesia,n/a,n/a,n/a,n/a,n/a,n/a
2027,,Reporter,Universitas Teuku Umar,Indonesia,n/a,n/a,n/a,n/a,n/a,n/a
2027,,Reporter,Université d’Ain Témouchent,Algeria,n/a,n/a,n/a,n/a,n/a,n/a
2027,,Reporter,Université d’Oran 2 Mohamed Ben Ahmed,Algeria,n/a,n/a,n/a,n/a,n/a,n/a
2027,,Reporter,Universiti Geomatika Malaysia,Malaysia,n/a,n/a,n/a,n/a,n/a,n/a
2027,,Reporter,Universiti Poly-Tech Malaysia,Malaysia,n/a,n/a,n/a,n/a,n/a,n/a
2027,,Reporter,University Braz Cubas,Brazil,n/a,n/a,n/a,n/a,n/a,n/a
2027,,Reporter,University Center of Barika,Algeria,n/a,n/a,n/a,n/a,n/a,n/a
2027,,Reporter,University Center of Illizi,Algeria,n/a,n/a,n/a,n/a,n/a,n/a
2027,,Reporter,University Centre of Maghnia,Algeria,n/a,n/a,n/a,n/a,n/a,n/a
2027,,Reporter,University for the Creative Arts,United Kingdom,n/a,n/a,n/a,n/a,n/a,n/a
2027,,Reporter,University Metropolitan Tirana,Albania,n/a,n/a,n/a,n/a,n/a,n/a
2027,,Reporter,University of Aleppo,Syria,n/a,n/a,n/a,n/a,n/a,n/a
2027,,Reporter,University of Algiers 3,Algeria,n/a,n/a,n/a,n/a,n/a,n/a
2027,,Reporter,University of Alkafeel,Iraq,n/a,n/a,n/a,n/a,n/a,n/a
2027,,Reporter,University of Al-Maarif,Iraq,n/a,n/a,n/a,n/a,n/a,n/a
2027,,Reporter,University of Azuay,Ecuador,n/a,n/a,n/a,n/a,n/a,n/a
2027,,Reporter,University of Balochistan,Pakistan,n/a,n/a,n/a,n/a,n/a,n/a
2027,,Reporter,"University of Baltistan, Skardu",Pakistan,n/a,n/a,n/a,n/a,n/a,n/a
2027,,Reporter,University of Batna 1,Algeria,n/a,n/a,n/a,n/a,n/a,n/a
2027,,Reporter,University of Benghazi,Libya,n/a,n/a,n/a,n/a,n/a,n/a
2027,,Reporter,University of Blida 2,Algeria,n/a,n/a,n/a,n/a,n/a,n/a
2027,,Reporter,University of Blumenau (FURB),Brazil,n/a,n/a,n/a,n/a,n/a,n/a
2027,,Reporter,University of Bonab,Iran,n/a,n/a,n/a,n/a,n/a,n/a
2027,,Reporter,University of Buraimi,Oman,n/a,n/a,n/a,n/a,n/a,n/a
2027,,Reporter,University of Business and Science (UBS),Uzbekistan,n/a,n/a,n/a,n/a,n/a,n/a
2027,,Reporter,University of Business and Technology (Saudi Arabia),Saudi Arabia,n/a,n/a,n/a,n/a,n/a,n/a
2027,,Reporter,University of Chichester,United Kingdom,n/a,n/a,n/a,n/a,n/a,n/a
2027,,Reporter,University of Civil Protection,Belarus,n/a,n/a,n/a,n/a,n/a,n/a
2027,,Reporter,University of Constantine 3,Algeria,n/a,n/a,n/a,n/a,n/a,n/a
2027,,Reporter,University of Cross River State,Nigeria,n/a,n/a,n/a,n/a,n/a,n/a
2027,,Reporter,University of Cumbria,United Kingdom,n/a,n/a,n/a,n/a,n/a,n/a
2027,,Reporter,University of Cyberjaya,Malaysia,n/a,n/a,n/a,n/a,n/a,n/a
2027,,Reporter,University of Delta,Nigeria,n/a,n/a,n/a,n/a,n/a,n/a
2027,,Reporter,University of Doha for Science and Technology (UDST),Qatar,n/a,n/a,n/a,n/a,n/a,n/a
2027,,Reporter,University of Dubai,United Arab Emirates,n/a,n/a,n/a,n/a,n/a,n/a
2027,,Reporter,University of Dubrovnik,Croatia,n/a,n/a,n/a,n/a,n/a,n/a
2027,,Reporter,University of Economics in Bratislava,Slovakia,n/a,n/a,n/a,n/a,n/a,n/a
2027,,Reporter,University of Economics – Varna,Bulgaria,n/a,n/a,n/a,n/a,n/a,n/a
2027,,Reporter,University of Educational Management,Ukraine,n/a,n/a,n/a,n/a,n/a,n/a
2027,,Reporter,University of Embu,Kenya,n/a,n/a,n/a,n/a,n/a,n/a
2027,,Reporter,"University of Engineering & Management, Jaipur",India,n/a,n/a,n/a,n/a,n/a,n/a
2027,,Reporter,University of Fallujah,Iraq,n/a,n/a,n/a,n/a,n/a,n/a
2027,,Reporter,University of Franca,Brazil,n/a,n/a,n/a,n/a,n/a,n/a
2027,,Reporter,University of Garmian,Iraq,n/a,n/a,n/a,n/a,n/a,n/a
2027,,Reporter,University of Global Health Equity (UGHE),Rwanda,n/a,n/a,n/a,n/a,n/a,n/a
2027,,Reporter,University of Halabja,Iraq,n/a,n/a,n/a,n/a,n/a,n/a
2027,,Reporter,University of Hazrate Masoumeh,Iran,n/a,n/a,n/a,n/a,n/a,n/a
2027,,Reporter,University of Health Sciences Lahore,Pakistan,n/a,n/a,n/a,n/a,n/a,n/a
2027,,Reporter,University of Home Economics Lahore,Pakistan,n/a,n/a,n/a,n/a,n/a,n/a
2027,,Reporter,University of Human Development,Iraq,n/a,n/a,n/a,n/a,n/a,n/a
2027,,Reporter,University of Information Technology and Communications,Iraq,n/a,n/a,n/a,n/a,n/a,n/a
2027,,Reporter,University of Islam Malang,Indonesia,n/a,n/a,n/a,n/a,n/a,n/a
2027,,Reporter,University of Liberal Arts Bangladesh,Bangladesh,n/a,n/a,n/a,n/a,n/a,n/a
2027,,Reporter,University of Limassol,Cyprus,n/a,n/a,n/a,n/a,n/a,n/a
2027,,Reporter,University of Medical Sciences (ZBMU),Iran,n/a,n/a,n/a,n/a,n/a,n/a
2027,,Reporter,University of Mila,Algeria,n/a,n/a,n/a,n/a,n/a,n/a
2027,,Reporter,University of Mines and Technology (UMaT),Ghana,n/a,n/a,n/a,n/a,n/a,n/a
2027,,Reporter,University of Mohamed Lamine Debaghin Setif 2,Algeria,n/a,n/a,n/a,n/a,n/a,n/a
2027,,Reporter,University of Monterrey,Mexico,n/a,n/a,n/a,n/a,n/a,n/a
2027,,Reporter,University of Mostar,Bosnia and Herzegovina,n/a,n/a,n/a,n/a,n/a,n/a
2027,,Reporter,University of Naama,Algeria,n/a,n/a,n/a,n/a,n/a,n/a
2027,,Reporter,University of National and World Economy,Bulgaria,n/a,n/a,n/a,n/a,n/a,n/a
2027,,Reporter,University of Niigata Prefecture,Japan,n/a,n/a,n/a,n/a,n/a,n/a
2027,,Reporter,University of Oil and Gas of Ploiești,Romania,n/a,n/a,n/a,n/a,n/a,n/a
2027,,Reporter,University of Perpetual Help System Laguna,Philippines,n/a,n/a,n/a,n/a,n/a,n/a
2027,,Reporter,University of Raparin,Iraq,n/a,n/a,n/a,n/a,n/a,n/a
2027,,Reporter,University of Saint Joseph,Macao,n/a,n/a,n/a,n/a,n/a,n/a
2027,,Reporter,University of San Agustin,Philippines,n/a,n/a,n/a,n/a,n/a,n/a
2027,,Reporter,University of San Carlos,Philippines,n/a,n/a,n/a,n/a,n/a,n/a
2027,,Reporter,University of Santander,Colombia,n/a,n/a,n/a,n/a,n/a,n/a
2027,,Reporter,University of Science and Culture,Iran,n/a,n/a,n/a,n/a,n/a,n/a
2027,,Reporter,University of Science and Technology,Yemen,n/a,n/a,n/a,n/a,n/a,n/a
2027,,Reporter,University of Science and Technology of Southern Philippines (USTP),Philippines,n/a,n/a,n/a,n/a,n/a,n/a
2027,,Reporter,University of Sopron,Hungary,n/a,n/a,n/a,n/a,n/a,n/a
2027,,Reporter,University of Souk Ahras,Algeria,n/a,n/a,n/a,n/a,n/a,n/a
2027,,Reporter,University of Southeastern Philippines (USeP),Philippines,n/a,n/a,n/a,n/a,n/a,n/a
2027,,Reporter,University of Southern Punjab,Pakistan,n/a,n/a,n/a,n/a,n/a,n/a
2027,,Reporter,University of Suffolk,United Kingdom,n/a,n/a,n/a,n/a,n/a,n/a
2027,,Reporter,University of Tashkent for Applied Sciences,Uzbekistan,n/a,n/a,n/a,n/a,n/a,n/a
2027,,Reporter,University of Technology Nowshera,Pakistan,n/a,n/a,n/a,n/a,n/a,n/a
2027,,Reporter,University of Telafer,Iraq,n/a,n/a,n/a,n/a,n/a,n/a
2027,,Reporter,University of the Assumption,Philippines,n/a,n/a,n/a,n/a,n/a,n/a
2027,,Reporter,University of the Built Environment,United Kingdom,n/a,n/a,n/a,n/a,n/a,n/a
2027,,Reporter,University of the Cumberlands,United States,n/a,n/a,n/a,n/a,n/a,n/a
2027,,Reporter,University of the Highlands and Islands,United Kingdom,n/a,n/a,n/a,n/a,n/a,n/a
2027,,Reporter,University of the Humanities,Mongolia,n/a,n/a,n/a,n/a,n/a,n/a
2027,,Reporter,University of the Immaculate Conception,Philippines,n/a,n/a,n/a,n/a,n/a,n/a
2027,,Reporter,University of the Thai Chamber of Commerce,Thailand,n/a,n/a,n/a,n/a,n/a,n/a
2027,,Reporter,University of Turkish Aeronautical Association,Turkey,n/a,n/a,n/a,n/a,n/a,n/a
2027,,Reporter,University of Vale do Itajaí,Brazil,n/a,n/a,n/a,n/a,n/a,n/a
2027,,Reporter,University of Wales Trinity Saint David,United Kingdom,n/a,n/a,n/a,n/a,n/a,n/a
2027,,Reporter,University of Warith Al-Anbiyaa,Iraq,n/a,n/a,n/a,n/a,n/a,n/a
2027,,Reporter,University of Zintan,Libya,n/a,n/a,n/a,n/a,n/a,n/a
2027,,Reporter,University St. Kliment Ohridski – Bitola,North Macedonia,n/a,n/a,n/a,n/a,n/a,n/a
2027,,Reporter,UNNOBA,Argentina,n/a,n/a,n/a,n/a,n/a,n/a
2027,,Reporter,Ural State University of Economics,Russian Federation,n/a,n/a,n/a,n/a,n/a,n/a
2027,,Reporter,Urdaneta City University,Philippines,n/a,n/a,n/a,n/a,n/a,n/a
2027,,Reporter,Urgench State University,Uzbekistan,n/a,n/a,n/a,n/a,n/a,n/a
2027,,Reporter,Urmia University of Technology,Iran,n/a,n/a,n/a,n/a,n/a,n/a
2027,,Reporter,Uttara University,Bangladesh,n/a,n/a,n/a,n/a,n/a,n/a
2027,,Reporter,Uzbekistan State University of World Languages,Uzbekistan,n/a,n/a,n/a,n/a,n/a,n/a
2027,,Reporter,Uzbek State University of Physical Culture and Sport,Uzbekistan,n/a,n/a,n/a,n/a,n/a,n/a
2027,,Reporter,Valahia University of Targoviste,Romania,n/a,n/a,n/a,n/a,n/a,n/a
2027,,Reporter,Varendra University,Bangladesh,n/a,n/a,n/a,n/a,n/a,n/a
2027,,Reporter,Vasile Alecsandri University of Bacău,Romania,n/a,n/a,n/a,n/a,n/a,n/a
2027,,Reporter,Vasyl’ Stus Donetsk National University,Ukraine,n/a,n/a,n/a,n/a,n/a,n/a
2027,,Reporter,"Vikrant University, Gwalior",India,n/a,n/a,n/a,n/a,n/a,n/a
2027,,Reporter,Vila Velha University,Brazil,n/a,n/a,n/a,n/a,n/a,n/a
2027,,Reporter,Visayas State University,Philippines,n/a,n/a,n/a,n/a,n/a,n/a
2027,,Reporter,VIZJA University,Poland,n/a,n/a,n/a,n/a,n/a,n/a
2027,,Reporter,Voronezh State Technical University,Russian Federation,n/a,n/a,n/a,n/a,n/a,n/a
2027,,Reporter,Warmadewa University,Indonesia,n/a,n/a,n/a,n/a,n/a,n/a
2027,,Reporter,WCC Aeronautical and Technological College,Philippines,n/a,n/a,n/a,n/a,n/a,n/a
2027,,Reporter,Western Balkans University,Albania,n/a,n/a,n/a,n/a,n/a,n/a
2027,,Reporter,Western Caspian University,Azerbaijan,n/a,n/a,n/a,n/a,n/a,n/a
2027,,Reporter,Western University “Vasile Goldiş” of Arad,Romania,n/a,n/a,n/a,n/a,n/a,n/a
2027,,Reporter,West Kazakhstan Marat Ospanov Medical University,Kazakhstan,n/a,n/a,n/a,n/a,n/a,n/a
2027,,Reporter,WHU: Beisheim,Germany,n/a,n/a,n/a,n/a,n/a,n/a
2027,,Reporter,Widyatama University,Indonesia,n/a,n/a,n/a,n/a,n/a,n/a
2027,,Reporter,Women University Swabi,Pakistan,n/a,n/a,n/a,n/a,n/a,n/a
2027,,Reporter,World University of Bangladesh (WUB),Bangladesh,n/a,n/a,n/a,n/a,n/a,n/a
2027,,Reporter,Woxsen University,India,n/a,n/a,n/a,n/a,n/a,n/a
2027,,Reporter,Wrexham University,United Kingdom,n/a,n/a,n/a,n/a,n/a,n/a
2027,,Reporter,WSB Academy,Poland,n/a,n/a,n/a,n/a,n/a,n/a
2027,,Reporter,Yachay University for Experimental Technology and Research (Yachay Tech),Ecuador,n/a,n/a,n/a,n/a,n/a,n/a
2027,,Reporter,Yamaguchi Prefectural University,Japan,n/a,n/a,n/a,n/a,n/a,n/a
2027,,Reporter,Yanka Kupala State University of Grodno,Belarus,n/a,n/a,n/a,n/a,n/a,n/a
2027,,Reporter,Yasuj University of Medical Sciences,Iran,n/a,n/a,n/a,n/a,n/a,n/a
2027,,Reporter,Yessenov University,Kazakhstan,n/a,n/a,n/a,n/a,n/a,n/a
2027,,Reporter,Zabol University of Medical Sciences (ZBMU),Iran,n/a,n/a,n/a,n/a,n/a,n/a
2027,,Reporter,Zaporizhzhia Polytechnic National University,Ukraine,n/a,n/a,n/a,n/a,n/a,n/a
2027,,Reporter,Zaytoonah International University,Syria,n/a,n/a,n/a,n/a,n/a,n/a
2027,,Reporter,Zhetysu University,Kazakhstan,n/a,n/a,n/a,n/a,n/a,n/a
2027,,Reporter,Zhytomyr Ivan Franko State University,Ukraine,n/a,n/a,n/a,n/a,n/a,n/a
2027,,Reporter,Zhytomyr Polytechnic State University,Ukraine,n/a,n/a,n/a,n/a,n/a,n/a
2027,,Reporter,Ziauddin University,Pakistan,n/a,n/a,n/a,n/a,n/a,n/a
